mlb;sku;gtin;title;date_created;ultima_venda;status;parent_item_id;tipo;envio;stock_total;stock_source;stock_variations_count;sales_units;sold_value_cents;variation_id;variation_name
MLB1317970155;35305;7908274417896;Poltrona Decorativa Nina Capitonê Suede Terra - D'rossi;2019-09-13;;active;;Premium;Por conta do comprador;1000;item;0;;;;
MLB871509698;17202;7890000174190;Kit 02 Cadeira Poltrona Decorativa Liz Corino Bege Branco Liso;2017-05-25;;active;;Premium;Por conta do comprador;153;item;0;;;;
MLB1115491482;21887;7908670854356;Kit 04 Pés Palito De Madeira 30 Cm - D'rossi;2018-10-09;;active;;Premium;Por conta do comprador;296;item;0;;;;
MLB1115167556;2874;7890000172301;Cadeira Eiffel Charles Eames Madeira Sala De Jantar Branca Branco;2018-10-09;;active;;Premium;Frete gratis;27;item;0;;;;
MLB1271635732;32121;7890000274944;Sofá Retrô Namoradeira Elisa Suede Terra - D'rossi;2019-07-11;;active;;Premium;Por conta do comprador;1000;item;0;;;;
MLB1115164031;20152;7890000205191;Cadeira Jantar Escritório Eames Eiffel Base Madeira Azul;2018-10-09;;active;;Premium;Frete gratis;48;item;0;;;;
MLB871509697;3354;7890000175500;Kit 02 Cadeira Poltrona Decorativa Liz Corino Branco Branco Liso;2017-05-25;;active;;Premium;Por conta do comprador;153;item;0;;;;
MLB970275688;5660;7899250189145;Kit 02 Poltrona Decorativa Lívia Corino Cinza - D'rossi Prateado;2018-01-31;;active;;Premium;Por conta do comprador;500;item;0;;;;
MLB1118849183;22261;7908439213981;Kit Sofá Retrô 2 Lugares E 02 Poltronas Julia Suede Marrom Marrom Liso;2018-10-16;;active;;Premium;Por conta do comprador;500;item;0;;;;
MLB1118846739;22259;7908439213998;Kit Sofá Retrô E 02 Poltronas Julia Suede Marrom Rato Marrom Liso;2018-10-16;;active;;Premium;Por conta do comprador;500;item;0;;;;
MLB920248481;4814;7899250185079;Quadro Porta Tampinhas Mdf Madeira Vertical 20x60 Bar;2017-10-04;;active;;Premium;Por conta do comprador;2;item;0;;;;
MLB1118846731;22279;7908439213967;Kit Sofá Retrô 2 Lugares E 02 Poltronas Julia Suede Grafite Grafite Liso;2018-10-16;;active;;Premium;Por conta do comprador;500;item;0;;;;
MLB871500475;3328;7890002175638;Cadeira Poltrona Decorativa Liz Corino Bege D'rossi Bege Liso;2017-05-25;;active;;Premium;Por conta do comprador;306;item;0;;;;
MLB1152887446;24683;7908439215121;Kit Sofá Retrô Namoradeira E 03 Poltrona Julia Suede Grafite Cinza Liso;2018-12-11;;active;;Premium;Por conta do comprador;333;item;0;;;;
MLB1034764122;6584;7908439207270;Kit 02 Poltronas Decorativa Stella Suede Preto Pés Palito Preto;2018-05-22;;active;;Premium;Por conta do comprador;159;item;0;;;;
MLB1168623584;23939;7908439214841;Kit Sofá Retrô Namoradeira E Poltrona Julia Linho Cinza A26 Cinza Liso;2019-01-21;;active;;Premium;Por conta do comprador;1000;item;0;;;;
MLB1005807126;6314;7908274448470;Kit 02 Poltrona Opala Decorativa Suede Azul Marinho Azul Liso;2019-01-16;;active;MLB1005807126;Premium;Por conta do comprador;159;item;0;;;;
MLB1316532250;35227;7908274415625;Sofá Retrô Namoradeira 2 Lugares Livia Corino Preto Preto;2019-09-11;;active;;Premium;Por conta do comprador;1000;item;0;;;;
MLB1149814217;24505;7908439214926;Kit Sofá Retrô E Poltrona Decorativa Julia Suede Grafite Cinza-escuro Liso;2018-12-04;;active;;Premium;Por conta do comprador;1000;item;0;;;;
MLB1225821639;37569;;Poltrona Decorativa Giratória Gran Elisa Suede;2019-05-07;;active;;Premium;Por conta do comprador;1000;variation;1;;;47442304772;Cor: Bege
MLB1225821639;37569;;Poltrona Decorativa Giratória Gran Elisa Suede;2019-05-07;;active;;Premium;Por conta do comprador;0;variation;1;;;47442304769;Cor: Verde Tiffany
MLB1225821639;37569;;Poltrona Decorativa Giratória Gran Elisa Suede;2019-05-07;;active;;Premium;Por conta do comprador;1000;variation;1;;;47442304780;Cor: Marrom
MLB1225821639;37569;;Poltrona Decorativa Giratória Gran Elisa Suede;2019-05-07;;active;;Premium;Por conta do comprador;1000;variation;1;;;47442304784;Cor: Preto
MLB1225821639;37569;;Poltrona Decorativa Giratória Gran Elisa Suede;2019-05-07;;active;;Premium;Por conta do comprador;1000;variation;1;;;47442304787;Cor: Grafite
MLB1225821639;37569;;Poltrona Decorativa Giratória Gran Elisa Suede;2019-05-07;;active;;Premium;Por conta do comprador;1000;variation;1;;;47442304791;Cor: Cinza
MLB1225821639;37569;;Poltrona Decorativa Giratória Gran Elisa Suede;2019-05-07;;active;;Premium;Por conta do comprador;0;variation;1;;;47442304797;Cor: Laranja
MLB1225821639;37569;;Poltrona Decorativa Giratória Gran Elisa Suede;2019-05-07;;active;;Premium;Por conta do comprador;1000;variation;1;;;47442304802;Cor: Marrom rato
MLB1225821639;37569;;Poltrona Decorativa Giratória Gran Elisa Suede;2019-05-07;;active;;Premium;Por conta do comprador;0;variation;1;;;47442304805;Cor: Pink
MLB1225821639;37569;;Poltrona Decorativa Giratória Gran Elisa Suede;2019-05-07;;active;;Premium;Por conta do comprador;0;variation;1;;;47442304808;Cor: Rosa Barbie
MLB1225821639;37569;;Poltrona Decorativa Giratória Gran Elisa Suede;2019-05-07;;active;;Premium;Por conta do comprador;0;variation;1;;;47442304811;Cor: Roxo
MLB1225821639;37569;;Poltrona Decorativa Giratória Gran Elisa Suede;2019-05-07;;active;;Premium;Por conta do comprador;1000;variation;1;;;47442304818;Cor: Rose
MLB1225821639;37569;;Poltrona Decorativa Giratória Gran Elisa Suede;2019-05-07;;active;;Premium;Por conta do comprador;0;variation;1;;;47442304824;Cor: Vinho
MLB1225821639;37569;;Poltrona Decorativa Giratória Gran Elisa Suede;2019-05-07;;active;;Premium;Por conta do comprador;1000;variation;1;;;47442304826;Cor: Rosa bebê
MLB1225821639;37569;;Poltrona Decorativa Giratória Gran Elisa Suede;2019-05-07;;active;;Premium;Por conta do comprador;0;variation;1;;;47442304831;Cor: Azul Pavão
MLB1225821639;37569;;Poltrona Decorativa Giratória Gran Elisa Suede;2019-05-07;;active;;Premium;Por conta do comprador;0;variation;1;;;47442304836;Cor: Caramelo sisal
MLB1225821639;37569;;Poltrona Decorativa Giratória Gran Elisa Suede;2019-05-07;;active;;Premium;Por conta do comprador;0;variation;1;;;47442304839;Cor: Azul royal
MLB1225821639;37569;;Poltrona Decorativa Giratória Gran Elisa Suede;2019-05-07;;active;;Premium;Por conta do comprador;1000;variation;1;;;47442304842;Cor: Verde
MLB1794005883;43696;;Mesa Lateral Apoio Sofá Tampo Branco Base Metálica;2021-02-11;;active;;Premium;Por conta do comprador;13;variation;1;;;76038178419;Cor: Bronze
MLB1794005883;43696;;Mesa Lateral Apoio Sofá Tampo Branco Base Metálica;2021-02-11;;active;;Premium;Por conta do comprador;413;variation;1;;;76038178427;Cor: Dourado
MLB1794005883;43696;;Mesa Lateral Apoio Sofá Tampo Branco Base Metálica;2021-02-11;;active;;Premium;Por conta do comprador;85;variation;1;;;76038178435;Cor: Preto
MLB1896853200;53696;7908103732794;Enfeite Decorativo  Pássaro  Em Poliresina Preto 34x7 Cm Preto;2021-05-26;;active;;Premium;Frete gratis;7;item;0;;;;
MLB1725357783;43694;;Mesa Lateral Tampo Preto Multi-uso Para Sofá Base Metálica;2020-11-23;;active;;Premium;Frete gratis;400;variation;1;;;69055179972;Cor: Bronze
MLB1725357783;43694;;Mesa Lateral Tampo Preto Multi-uso Para Sofá Base Metálica;2020-11-23;;active;;Premium;Frete gratis;400;variation;1;;;69055179984;Cor: Dourado
MLB1725357783;43694;;Mesa Lateral Tampo Preto Multi-uso Para Sofá Base Metálica;2020-11-23;;active;;Premium;Frete gratis;400;variation;1;;;69055179995;Cor: Preto
MLB1827061277;49506;7908439260268;Poltrona Marisa Suede Caramelo Sisal Pés Palito Natural Bege Liso;2021-03-18;;active;;Classico;Por conta do comprador;1000;item;0;;;;
MLB1769353443;2844;7890000171847;Cadeira Jantar Para Mesa Liz Suede Bege Pés Palito Castanho Castanho Bege;2021-01-18;;active;;Premium;Frete gratis;306;item;0;;;;
MLB1786244965;46026;7908439242219;Poltrona Opala Corino Bege Pés Palito Castanho D'rossi Bege;2021-02-03;;active;;Premium;Por conta do comprador;318;item;0;;;;
MLB1752040369;45180;7899949703294;Porta Chaves Com Lousa Tábua De Carne Decorativa D'rossi Multicolorido;2020-12-29;;active;;Premium;Por conta do comprador;3;item;0;;;;
MLB1826695293;48534;7908439259651;Poltrona Stella Linho Cinza Claro A05 Pés Palito Castanho Branco Liso;2021-03-18;;active;;Premium;Por conta do comprador;318;item;0;;;;
MLB1892149184;51516;7908439290098;Poltrona Stella Estampado Retrô Rosa D61 Pés Palito Castanho;2021-05-21;;active;;Classico;Por conta do comprador;1000;item;0;;;;
MLB1794012766;43694;;Mesa Lateral Apoio Sofá Tampo Preto Multiuso Base Metálica;2021-02-11;;active;;Premium;Por conta do comprador;400;variation;1;;;76038138873;Cor: Bronze
MLB1794012766;43694;;Mesa Lateral Apoio Sofá Tampo Preto Multiuso Base Metálica;2021-02-11;;active;;Premium;Por conta do comprador;400;variation;1;;;76038138875;Cor: Dourado
MLB1794012766;43694;;Mesa Lateral Apoio Sofá Tampo Preto Multiuso Base Metálica;2021-02-11;;active;;Premium;Por conta do comprador;400;variation;1;;;76038138877;Cor: Preto
MLB1861088938;51698;7908439291736;02 Poltronas Giratória Stella Linho Cinza A05 Base Madeira Branco Liso;2021-04-20;;active;;Premium;Por conta do comprador;499;item;0;;;;
MLB1859802903;51920;;Kit 01 Namoradeira E 02 Poltronas Marisa Suede Pés Palito;2021-04-19;;active;;Premium;Por conta do comprador;66;variation;1;;;82226128123;Cor: Bege
MLB1859802903;51920;;Kit 01 Namoradeira E 02 Poltronas Marisa Suede Pés Palito;2021-04-19;;active;;Premium;Por conta do comprador;66;variation;1;;;82226128129;Cor: Azul-marinho
MLB1859802903;51920;;Kit 01 Namoradeira E 02 Poltronas Marisa Suede Pés Palito;2021-04-19;;active;;Premium;Por conta do comprador;0;variation;1;;;82226128138;Cor: Azul-turquesa
MLB1859802903;51920;;Kit 01 Namoradeira E 02 Poltronas Marisa Suede Pés Palito;2021-04-19;;active;;Premium;Por conta do comprador;66;variation;1;;;82226128163;Cor: Cinza
MLB1859802903;51920;;Kit 01 Namoradeira E 02 Poltronas Marisa Suede Pés Palito;2021-04-19;;active;;Premium;Por conta do comprador;66;variation;1;;;82226128157;Cor: Grafite
MLB1859802903;51920;;Kit 01 Namoradeira E 02 Poltronas Marisa Suede Pés Palito;2021-04-19;;active;;Premium;Por conta do comprador;66;variation;1;;;82226128145;Cor: Marrom
MLB1859802903;51920;;Kit 01 Namoradeira E 02 Poltronas Marisa Suede Pés Palito;2021-04-19;;active;;Premium;Por conta do comprador;66;variation;1;;;82226128180;Cor: Marrom rato
MLB1859802903;51920;;Kit 01 Namoradeira E 02 Poltronas Marisa Suede Pés Palito;2021-04-19;;active;;Premium;Por conta do comprador;66;variation;1;;;82226128151;Cor: Preto
MLB1859802903;51920;;Kit 01 Namoradeira E 02 Poltronas Marisa Suede Pés Palito;2021-04-19;;active;;Premium;Por conta do comprador;66;variation;1;;;82226128222;Cor: Rosa bebê
MLB1859802903;51920;;Kit 01 Namoradeira E 02 Poltronas Marisa Suede Pés Palito;2021-04-19;;active;;Premium;Por conta do comprador;1;variation;1;;;82226128204;Cor: Rose
MLB1859802903;51920;;Kit 01 Namoradeira E 02 Poltronas Marisa Suede Pés Palito;2021-04-19;;active;;Premium;Por conta do comprador;66;variation;1;;;82226128262;Cor: Verde
MLB1859802903;51920;;Kit 01 Namoradeira E 02 Poltronas Marisa Suede Pés Palito;2021-04-19;;active;;Premium;Por conta do comprador;0;variation;1;;;82226128243;Cor: Caramelo sisal
MLB1859802903;51920;;Kit 01 Namoradeira E 02 Poltronas Marisa Suede Pés Palito;2021-04-19;;active;;Premium;Por conta do comprador;0;variation;1;;;82226128118;Cor: Verde Turquesa
MLB1859802903;51920;;Kit 01 Namoradeira E 02 Poltronas Marisa Suede Pés Palito;2021-04-19;;active;;Premium;Por conta do comprador;0;variation;1;;;82226128113;Cor: Amarelo
MLB1859802903;51920;;Kit 01 Namoradeira E 02 Poltronas Marisa Suede Pés Palito;2021-04-19;;active;;Premium;Por conta do comprador;0;variation;1;;;82226128171;Cor: Laranja
MLB1859802903;51920;;Kit 01 Namoradeira E 02 Poltronas Marisa Suede Pés Palito;2021-04-19;;active;;Premium;Por conta do comprador;0;variation;1;;;82226128187;Cor: Pink
MLB1859802903;51920;;Kit 01 Namoradeira E 02 Poltronas Marisa Suede Pés Palito;2021-04-19;;active;;Premium;Por conta do comprador;0;variation;1;;;82226128192;Cor: Roxo
MLB1859802903;51920;;Kit 01 Namoradeira E 02 Poltronas Marisa Suede Pés Palito;2021-04-19;;active;;Premium;Por conta do comprador;0;variation;1;;;82226128197;Cor: Vermelho
MLB1859802903;51920;;Kit 01 Namoradeira E 02 Poltronas Marisa Suede Pés Palito;2021-04-19;;active;;Premium;Por conta do comprador;0;variation;1;;;82226128212;Cor: Vinho
MLB1859802903;51920;;Kit 01 Namoradeira E 02 Poltronas Marisa Suede Pés Palito;2021-04-19;;active;;Premium;Por conta do comprador;0;variation;1;;;82226128231;Cor: Azul Pavão
MLB1859802903;51920;;Kit 01 Namoradeira E 02 Poltronas Marisa Suede Pés Palito;2021-04-19;;active;;Premium;Por conta do comprador;0;variation;1;;;82226128253;Cor: Azul royal
MLB1883693537;51516;7908439290098;Poltrona Stella Estampado Retrô Rosa D61 Pés Palito Castanho Estampado;2021-05-13;;active;;Premium;Por conta do comprador;1000;item;0;;;;
MLB1830701831;38853;7908274436842;Kit 02 Poltronas Stella Corano Marrom Com Linho Preto;2021-03-22;;active;;Premium;Por conta do comprador;500;item;0;;;;
MLB1794009323;43714;;Kit 2 Mesas Lateral Branca Multi-uso Para Sofá Base Metálica;2021-02-11;;active;;Premium;Por conta do comprador;1;variation;1;;;76038157275;Cor: Bronze
MLB1794009323;43714;;Kit 2 Mesas Lateral Branca Multi-uso Para Sofá Base Metálica;2021-02-11;;active;;Premium;Por conta do comprador;14;variation;1;;;76038157283;Cor: Dourado
MLB1794009323;43714;;Kit 2 Mesas Lateral Branca Multi-uso Para Sofá Base Metálica;2021-02-11;;active;;Premium;Por conta do comprador;16;variation;1;;;76038157292;Cor: Preto
MLB1738094804;44488;7908103730097;Escultura De Esfera Decorativa Preta Em Metal 13cm D'rossi Preto;2020-12-10;;active;;Premium;Frete gratis;2;item;0;;;;
MLB1876586664;52966;7908477201551;Poltrona Shell Corano Nozes Sala Quarto - D'rossi Marrom;2021-05-06;;active;;Premium;Por conta do comprador;1000;item;0;;;;
MLB1859822589;51274;7908439289450;Kit 02 Poltronas Giratória Stella Linho Preto A79 D'rossi Preto Liso;2021-04-19;;active;;Premium;Por conta do comprador;499;item;0;;;;
MLB1725189580;43145;7908274499946;Conjunto 02 Banquetas Lavínia Sued Rose Base Preto Rose;2020-11-23;;active;;Classico;Por conta do comprador;1000;item;0;;;;
MLB1861091488;51702;7908439291750;02 Poltronas Giratória Stella Linho Bege A19 Base Madeira Bege Liso;2021-04-20;;active;;Premium;Por conta do comprador;498;item;0;;;;
MLB1636437250;22627;7908670854356;Kit 04 Pés Palito De Madeira Castanho 30 Cm - D'rossi Castanho;2020-08-24;;active;;Premium;Por conta do comprador;296;item;0;;;;
MLB1653283933;41003;;Poltrona Elisa Couro Linha Premium Base Metálica Dourado;2020-09-10;;active;;Premium;Por conta do comprador;1006;variation;1;;;63751380024;Cor: Nozes
MLB1653283933;41003;;Poltrona Elisa Couro Linha Premium Base Metálica Dourado;2020-09-10;;active;;Premium;Por conta do comprador;1009;variation;1;;;63751380028;Cor: Preto
MLB1653283933;41003;;Poltrona Elisa Couro Linha Premium Base Metálica Dourado;2020-09-10;;active;;Premium;Por conta do comprador;1000;variation;1;;;63751380037;Cor: Branco
MLB1388389602;38803;;Poltrona Giratória Stella Couro Nozes Com Linho;2019-12-13;;active;;Premium;Frete gratis;995;variation;1;;;53626219331;Cor: Bege | Desenho do tecido: Liso
MLB1388389602;38803;;Poltrona Giratória Stella Couro Nozes Com Linho;2019-12-13;;active;;Premium;Frete gratis;1000;variation;1;;;53626219352;Cor: Preto A79 | Desenho do tecido: Liso
MLB1388389602;38803;;Poltrona Giratória Stella Couro Nozes Com Linho;2019-12-13;;active;;Premium;Frete gratis;1000;variation;1;;;53626219329;Cor: Cinza A26 | Desenho do tecido: Liso
MLB1421556590;38493;;Kit 02 Poltrona Decorativa Anitta Suede - D'rossi;2020-01-30;;active;;Premium;Por conta do comprador;125;variation;1;;;49925769114;Cor: Cinza
MLB1421556590;38493;;Kit 02 Poltrona Decorativa Anitta Suede - D'rossi;2020-01-30;;active;;Premium;Por conta do comprador;159;variation;1;;;49926973156;Cor: Azul-marinho
MLB1421556590;38493;;Kit 02 Poltrona Decorativa Anitta Suede - D'rossi;2020-01-30;;active;;Premium;Por conta do comprador;159;variation;1;;;49925769112;Cor: Bege
MLB1421556590;38493;;Kit 02 Poltrona Decorativa Anitta Suede - D'rossi;2020-01-30;;active;;Premium;Por conta do comprador;125;variation;1;;;49925769116;Cor: Grafite
MLB1421556590;38493;;Kit 02 Poltrona Decorativa Anitta Suede - D'rossi;2020-01-30;;active;;Premium;Por conta do comprador;0;variation;1;;;49925769118;Cor: Laranja
MLB1421556590;38493;;Kit 02 Poltrona Decorativa Anitta Suede - D'rossi;2020-01-30;;active;;Premium;Por conta do comprador;125;variation;1;;;49925769120;Cor: Marrom
MLB1421556590;38493;;Kit 02 Poltrona Decorativa Anitta Suede - D'rossi;2020-01-30;;active;;Premium;Por conta do comprador;125;variation;1;;;49925769122;Cor: Marrom rato
MLB1421556590;38493;;Kit 02 Poltrona Decorativa Anitta Suede - D'rossi;2020-01-30;;active;;Premium;Por conta do comprador;0;variation;1;;;49925769124;Cor: Pink
MLB1421556590;38493;;Kit 02 Poltrona Decorativa Anitta Suede - D'rossi;2020-01-30;;active;;Premium;Por conta do comprador;125;variation;1;;;49925769126;Cor: Preto
MLB1421556590;38493;;Kit 02 Poltrona Decorativa Anitta Suede - D'rossi;2020-01-30;;active;;Premium;Por conta do comprador;0;variation;1;;;49925769129;Cor: Rosa Barbie
MLB1421556590;38493;;Kit 02 Poltrona Decorativa Anitta Suede - D'rossi;2020-01-30;;active;;Premium;Por conta do comprador;0;variation;1;;;49925769133;Cor: Roxo
MLB1421556590;38493;;Kit 02 Poltrona Decorativa Anitta Suede - D'rossi;2020-01-30;;active;;Premium;Por conta do comprador;159;variation;1;;;49925769140;Cor: Rose
MLB1421556590;38493;;Kit 02 Poltrona Decorativa Anitta Suede - D'rossi;2020-01-30;;active;;Premium;Por conta do comprador;159;variation;1;;;49925769148;Cor: Rosa bebê
MLB1421556590;38493;;Kit 02 Poltrona Decorativa Anitta Suede - D'rossi;2020-01-30;;active;;Premium;Por conta do comprador;0;variation;1;;;49925769154;Cor: Azul Pavão
MLB1467858416;39105;;Poltrona Giovana Suede Pés Palito Ferro - D'rossi;2020-03-13;;active;;Premium;Por conta do comprador;291;variation;1;;;52345913069;Cor: Bege
MLB1467858416;39105;;Poltrona Giovana Suede Pés Palito Ferro - D'rossi;2020-03-13;;active;;Premium;Por conta do comprador;291;variation;1;;;93189200509;Cor: Azul-marinho
MLB1467858416;39105;;Poltrona Giovana Suede Pés Palito Ferro - D'rossi;2020-03-13;;active;;Premium;Por conta do comprador;291;variation;1;;;52345913084;Cor: Cinza
MLB1467858416;39105;;Poltrona Giovana Suede Pés Palito Ferro - D'rossi;2020-03-13;;active;;Premium;Por conta do comprador;291;variation;1;;;52345913082;Cor: Grafite
MLB1467858416;39105;;Poltrona Giovana Suede Pés Palito Ferro - D'rossi;2020-03-13;;active;;Premium;Por conta do comprador;291;variation;1;;;52345913078;Cor: Marrom
MLB1467858416;39105;;Poltrona Giovana Suede Pés Palito Ferro - D'rossi;2020-03-13;;active;;Premium;Por conta do comprador;291;variation;1;;;52345913089;Cor: Marrom rato
MLB1467858416;39105;;Poltrona Giovana Suede Pés Palito Ferro - D'rossi;2020-03-13;;active;;Premium;Por conta do comprador;291;variation;1;;;52345913076;Cor: Preto
MLB1467858416;39105;;Poltrona Giovana Suede Pés Palito Ferro - D'rossi;2020-03-13;;active;;Premium;Por conta do comprador;291;variation;1;;;52345913106;Cor: Rosa bebê
MLB1467858416;39105;;Poltrona Giovana Suede Pés Palito Ferro - D'rossi;2020-03-13;;active;;Premium;Por conta do comprador;291;variation;1;;;52345913097;Cor: Rose
MLB1467858416;39105;;Poltrona Giovana Suede Pés Palito Ferro - D'rossi;2020-03-13;;active;;Premium;Por conta do comprador;291;variation;1;;;52345913117;Cor: Verde
MLB1552912348;38301;7890000325158;Esteira Para Braço De Sofá Porta Copo Reto Azul Turquesa Azul;2020-06-09;;active;;Premium;Por conta do comprador;7;item;0;;;;
MLB1530557455;36285;7908274469512;Abridor De Garrafa Chaveiro Decorativo Vermelho 20x7cm;2020-05-21;;active;;Premium;Por conta do comprador;5;item;0;;;;
MLB1342780803;35889;7908274422678;Poltrona Shell Corino Preto Sala Quarto - D'rossi Preto;2019-10-16;;active;;Premium;Por conta do comprador;1000;item;0;;;;
MLB1725361185;43708;7908477201605;Mesa Lateral Multiuso Para Sofá Notebook  Branco - D'rossi Branco;2020-11-23;;active;;Premium;Frete gratis;413;item;0;;;;
MLB1619024197;40405;;Cabeceira Luna Cama Box Solteiro 90 Cm Corino Branco D'ross;2020-08-05;;active;;Premium;Frete gratis;1000;variation;1;;;183082083927;Cor: Creme
MLB1619024197;40405;;Cabeceira Luna Cama Box Solteiro 90 Cm Corino Branco D'ross;2020-08-05;;active;;Premium;Frete gratis;1;variation;1;;;183082083929;Cor: Branco
MLB1619024197;40405;;Cabeceira Luna Cama Box Solteiro 90 Cm Corino Branco D'ross;2020-08-05;;active;;Premium;Frete gratis;1000;variation;1;;;183082083931;Cor: Preto
MLB1367277389;32261;7908439204842;Conjunto Sofá Retrô E 02 Poltronas Elisa Suede Verde Verde;2019-11-18;;active;;Premium;Por conta do comprador;106;item;0;;;;
MLB1342797235;35945;7908274422944;Poltrona Costela Suede Caramelo Sisal - D'rossi;2019-10-16;;active;;Premium;Por conta do comprador;1000;item;0;;;;
MLB1435764848;38651;7908274434022;Sofá Retrô Com Baú Grécia Namoradeira Calçadeira Suede Cinza Cinza;2020-02-13;;active;;Premium;Por conta do comprador;1;item;0;;;;
MLB1721275083;43616;;Conjunto 02 Banquetas Pietra Suede Base Preto D'rossi;2020-11-18;;active;;Premium;Frete gratis;500;variation;1;;;68622670274;Cor do assento: Bege
MLB1721275083;43616;;Conjunto 02 Banquetas Pietra Suede Base Preto D'rossi;2020-11-18;;active;;Premium;Frete gratis;0;variation;1;;;68622670361;Cor do assento: Vermelho
MLB1721275083;43616;;Conjunto 02 Banquetas Pietra Suede Base Preto D'rossi;2020-11-18;;active;;Premium;Frete gratis;0;variation;1;;;68622670375;Cor do assento: Vinho
MLB1721275083;43616;;Conjunto 02 Banquetas Pietra Suede Base Preto D'rossi;2020-11-18;;active;;Premium;Frete gratis;0;variation;1;;;68622670389;Cor do assento: Azul Pavão
MLB1721275083;43616;;Conjunto 02 Banquetas Pietra Suede Base Preto D'rossi;2020-11-18;;active;;Premium;Frete gratis;0;variation;1;;;68622670395;Cor do assento: Caramelo sisal
MLB1721275083;43616;;Conjunto 02 Banquetas Pietra Suede Base Preto D'rossi;2020-11-18;;active;;Premium;Frete gratis;0;variation;1;;;68622670399;Cor do assento: Azul royal
MLB1721275083;43616;;Conjunto 02 Banquetas Pietra Suede Base Preto D'rossi;2020-11-18;;active;;Premium;Frete gratis;0;variation;1;;;68622670412;Cor do assento: Terra
MLB1721275083;43616;;Conjunto 02 Banquetas Pietra Suede Base Preto D'rossi;2020-11-18;;active;;Premium;Frete gratis;0;variation;1;;;68622670357;Cor do assento: Roxo
MLB1721275083;43616;;Conjunto 02 Banquetas Pietra Suede Base Preto D'rossi;2020-11-18;;active;;Premium;Frete gratis;500;variation;1;;;68622670288;Cor do assento: Azul-marinho
MLB1721275083;43616;;Conjunto 02 Banquetas Pietra Suede Base Preto D'rossi;2020-11-18;;active;;Premium;Frete gratis;500;variation;1;;;68622670310;Cor do assento: Marrom
MLB1721275083;43616;;Conjunto 02 Banquetas Pietra Suede Base Preto D'rossi;2020-11-18;;active;;Premium;Frete gratis;500;variation;1;;;68622670317;Cor do assento: Preto
MLB1721275083;43616;;Conjunto 02 Banquetas Pietra Suede Base Preto D'rossi;2020-11-18;;active;;Premium;Frete gratis;500;variation;1;;;68622670323;Cor do assento: Grafite
MLB1721275083;43616;;Conjunto 02 Banquetas Pietra Suede Base Preto D'rossi;2020-11-18;;active;;Premium;Frete gratis;500;variation;1;;;68622670335;Cor do assento: Cinza
MLB1721275083;43616;;Conjunto 02 Banquetas Pietra Suede Base Preto D'rossi;2020-11-18;;active;;Premium;Frete gratis;500;variation;1;;;68622670347;Cor do assento: Marrom rato
MLB1721275083;43616;;Conjunto 02 Banquetas Pietra Suede Base Preto D'rossi;2020-11-18;;active;;Premium;Frete gratis;501;variation;1;;;68622670369;Cor do assento: Rosê
MLB1721275083;43616;;Conjunto 02 Banquetas Pietra Suede Base Preto D'rossi;2020-11-18;;active;;Premium;Frete gratis;500;variation;1;;;68622670383;Cor do assento: Rosa Bebê
MLB1721275083;43616;;Conjunto 02 Banquetas Pietra Suede Base Preto D'rossi;2020-11-18;;active;;Premium;Frete gratis;500;variation;1;;;68622670404;Cor do assento: Verde
MLB1658101405;36695;7908439208925;Poltrona Giratória Stella Couro Nozes Com Linho Bege Branco Liso;2020-09-16;;active;;Premium;Por conta do comprador;997;item;0;;;;
MLB1720050398;43356;7890000428521;Banqueta Pietra Suede Grafite Base Preto D'rossi Cinza;2020-11-17;;active;;Premium;Frete gratis;1000;item;0;;;;
MLB1518135302;39135;;Kit 02 Poltronas Decorativa Giovana Suede Pés Palito Ferro;2020-05-09;;active;;Premium;Por conta do comprador;145;variation;1;;;55517819460;Cor: Bege | Desenho do tecido: Liso
MLB1518135302;39135;;Kit 02 Poltronas Decorativa Giovana Suede Pés Palito Ferro;2020-05-09;;active;;Premium;Por conta do comprador;145;variation;1;;;93309953529;Cor: Azul-marinho | Desenho do tecido: Liso
MLB1518135302;39135;;Kit 02 Poltronas Decorativa Giovana Suede Pés Palito Ferro;2020-05-09;;active;;Premium;Por conta do comprador;145;variation;1;;;55517819474;Cor: Cinza | Desenho do tecido: Liso
MLB1518135302;39135;;Kit 02 Poltronas Decorativa Giovana Suede Pés Palito Ferro;2020-05-09;;active;;Premium;Por conta do comprador;145;variation;1;;;55517819472;Cor: Grafite | Desenho do tecido: Liso
MLB1518135302;39135;;Kit 02 Poltronas Decorativa Giovana Suede Pés Palito Ferro;2020-05-09;;active;;Premium;Por conta do comprador;145;variation;1;;;55517819468;Cor: Marrom | Desenho do tecido: Liso
MLB1518135302;39135;;Kit 02 Poltronas Decorativa Giovana Suede Pés Palito Ferro;2020-05-09;;active;;Premium;Por conta do comprador;145;variation;1;;;55517819478;Cor: Marrom rato | Desenho do tecido: Liso
MLB1518135302;39135;;Kit 02 Poltronas Decorativa Giovana Suede Pés Palito Ferro;2020-05-09;;active;;Premium;Por conta do comprador;145;variation;1;;;55517819466;Cor: Preto | Desenho do tecido: Liso
MLB1518135302;39135;;Kit 02 Poltronas Decorativa Giovana Suede Pés Palito Ferro;2020-05-09;;active;;Premium;Por conta do comprador;145;variation;1;;;55517819522;Cor: Rosa bebê | Desenho do tecido: Liso
MLB1518135302;39135;;Kit 02 Poltronas Decorativa Giovana Suede Pés Palito Ferro;2020-05-09;;active;;Premium;Por conta do comprador;145;variation;1;;;55517819492;Cor: Rose | Desenho do tecido: Liso
MLB1518135302;39135;;Kit 02 Poltronas Decorativa Giovana Suede Pés Palito Ferro;2020-05-09;;active;;Premium;Por conta do comprador;145;variation;1;;;55517819531;Cor: Verde | Desenho do tecido: Liso
MLB1438972927;38665-24003;;Sofá Retrô Com Baú Grécia Namoradeira Calçadeira Suede;2020-02-17;;active;;Premium;Por conta do comprador;1000;variation;1;;;50804367142;Cor: Bege
MLB1438972927;38665-24001;;Sofá Retrô Com Baú Grécia Namoradeira Calçadeira Suede;2020-02-17;;active;;Premium;Por conta do comprador;0;variation;1;;;50804367140;Cor: Verde Tiffany
MLB1438972927;38665-23999;;Sofá Retrô Com Baú Grécia Namoradeira Calçadeira Suede;2020-02-17;;active;;Premium;Por conta do comprador;0;variation;1;;;50804367138;Cor: Amarelo
MLB1438972927;38665-24005;;Sofá Retrô Com Baú Grécia Namoradeira Calçadeira Suede;2020-02-17;;active;;Premium;Por conta do comprador;0;variation;1;;;50804367144;Cor: Azul tiffany
MLB1438972927;38665-24007;;Sofá Retrô Com Baú Grécia Namoradeira Calçadeira Suede;2020-02-17;;active;;Premium;Por conta do comprador;1000;variation;1;;;50804367146;Cor: Marrom
MLB1438972927;38665-24009;;Sofá Retrô Com Baú Grécia Namoradeira Calçadeira Suede;2020-02-17;;active;;Premium;Por conta do comprador;1000;variation;1;;;50804367148;Cor: Preto
MLB1438972927;38665-24011;;Sofá Retrô Com Baú Grécia Namoradeira Calçadeira Suede;2020-02-17;;active;;Premium;Por conta do comprador;1000;variation;1;;;50804367150;Cor: Grafite
MLB1438972927;38665-24013;;Sofá Retrô Com Baú Grécia Namoradeira Calçadeira Suede;2020-02-17;;active;;Premium;Por conta do comprador;1000;variation;1;;;50804367153;Cor: Cinza
MLB1438972927;38665-24015;;Sofá Retrô Com Baú Grécia Namoradeira Calçadeira Suede;2020-02-17;;active;;Premium;Por conta do comprador;0;variation;1;;;50804367157;Cor: Laranja
MLB1438972927;38665-24017;;Sofá Retrô Com Baú Grécia Namoradeira Calçadeira Suede;2020-02-17;;active;;Premium;Por conta do comprador;1000;variation;1;;;50804367162;Cor: Marrom rato
MLB1438972927;38665-24019;;Sofá Retrô Com Baú Grécia Namoradeira Calçadeira Suede;2020-02-17;;active;;Premium;Por conta do comprador;0;variation;1;;;50804367167;Cor: Pink
MLB1438972927;38665-24021;;Sofá Retrô Com Baú Grécia Namoradeira Calçadeira Suede;2020-02-17;;active;;Premium;Por conta do comprador;0;variation;1;;;50804367172;Cor: Rosa Barbie
MLB1438972927;38665-24023;;Sofá Retrô Com Baú Grécia Namoradeira Calçadeira Suede;2020-02-17;;active;;Premium;Por conta do comprador;0;variation;1;;;50804367180;Cor: Púrpura
MLB1438972927;38665-24025;;Sofá Retrô Com Baú Grécia Namoradeira Calçadeira Suede;2020-02-17;;active;;Premium;Por conta do comprador;0;variation;1;;;50804367185;Cor: Vermelho
MLB1438972927;38665-24027;;Sofá Retrô Com Baú Grécia Namoradeira Calçadeira Suede;2020-02-17;;active;;Premium;Por conta do comprador;1000;variation;1;;;50804367193;Cor: Rose
MLB1438972927;38665-24029;;Sofá Retrô Com Baú Grécia Namoradeira Calçadeira Suede;2020-02-17;;active;;Premium;Por conta do comprador;0;variation;1;;;50804367200;Cor: Vinho
MLB1438972927;38665-24031;;Sofá Retrô Com Baú Grécia Namoradeira Calçadeira Suede;2020-02-17;;active;;Premium;Por conta do comprador;0;variation;1;;;50804367210;Cor: Rosa bebê
MLB1438972927;38665-24033;;Sofá Retrô Com Baú Grécia Namoradeira Calçadeira Suede;2020-02-17;;active;;Premium;Por conta do comprador;0;variation;1;;;50804367224;Cor: Azul Pavão
MLB1438972927;38665-24035;;Sofá Retrô Com Baú Grécia Namoradeira Calçadeira Suede;2020-02-17;;active;;Premium;Por conta do comprador;0;variation;1;;;50804367236;Cor: Caramelo sisal
MLB1438972927;38665-24037;;Sofá Retrô Com Baú Grécia Namoradeira Calçadeira Suede;2020-02-17;;active;;Premium;Por conta do comprador;0;variation;1;;;50804367248;Cor: Azul royal
MLB1438972927;38665-24039;;Sofá Retrô Com Baú Grécia Namoradeira Calçadeira Suede;2020-02-17;;active;;Premium;Por conta do comprador;1000;variation;1;;;50804367257;Cor: Verde
MLB1438972927;38665-24041;;Sofá Retrô Com Baú Grécia Namoradeira Calçadeira Suede;2020-02-17;;active;;Premium;Por conta do comprador;0;variation;1;;;50804367271;Cor: Terra
MLB1438972927;38665-24043;;Sofá Retrô Com Baú Grécia Namoradeira Calçadeira Suede;2020-02-17;;active;;Premium;Por conta do comprador;1000;variation;1;;;82018911178;Cor: Azul-marinho
MLB1690803586;42387;7908439235136;Puff Iron Suede Preto Base Palito D'rossi Preto;2020-10-22;;active;;Premium;Frete gratis;1000;item;0;;;;
MLB1721275038;43123;;Banqueta Alta Lavínia Suede Base Preto D'rossi;2020-11-18;;active;;Premium;Por conta do comprador;1000;variation;1;;;68622667211;Cor do assento: Bege
MLB1721275038;43123;;Banqueta Alta Lavínia Suede Base Preto D'rossi;2020-11-18;;active;;Premium;Por conta do comprador;0;variation;1;;;68622667462;Cor do assento: Caramelo sisal
MLB1721275038;43123;;Banqueta Alta Lavínia Suede Base Preto D'rossi;2020-11-18;;active;;Premium;Por conta do comprador;0;variation;1;;;68622667494;Cor do assento: Azul royal
MLB1721275038;43123;;Banqueta Alta Lavínia Suede Base Preto D'rossi;2020-11-18;;active;;Premium;Por conta do comprador;0;variation;1;;;68622667509;Cor do assento: Terra
MLB1721275038;43123;;Banqueta Alta Lavínia Suede Base Preto D'rossi;2020-11-18;;active;;Premium;Por conta do comprador;0;variation;1;;;68622667449;Cor do assento: Azul Pavão
MLB1721275038;43123;;Banqueta Alta Lavínia Suede Base Preto D'rossi;2020-11-18;;active;;Premium;Por conta do comprador;1000;variation;1;;;68622667229;Cor do assento: Azul-marinho
MLB1721275038;43123;;Banqueta Alta Lavínia Suede Base Preto D'rossi;2020-11-18;;active;;Premium;Por conta do comprador;1000;variation;1;;;68622667268;Cor do assento: Marrom
MLB1721275038;43123;;Banqueta Alta Lavínia Suede Base Preto D'rossi;2020-11-18;;active;;Premium;Por conta do comprador;1000;variation;1;;;68622667282;Cor do assento: Preto
MLB1721275038;43123;;Banqueta Alta Lavínia Suede Base Preto D'rossi;2020-11-18;;active;;Premium;Por conta do comprador;1000;variation;1;;;68622667316;Cor do assento: Grafite
MLB1721275038;43123;;Banqueta Alta Lavínia Suede Base Preto D'rossi;2020-11-18;;active;;Premium;Por conta do comprador;1000;variation;1;;;68622667331;Cor do assento: Cinza
MLB1721275038;43123;;Banqueta Alta Lavínia Suede Base Preto D'rossi;2020-11-18;;active;;Premium;Por conta do comprador;1000;variation;1;;;68622667369;Cor do assento: Marrom rato
MLB1721275038;43123;;Banqueta Alta Lavínia Suede Base Preto D'rossi;2020-11-18;;active;;Premium;Por conta do comprador;1000;variation;1;;;68622667397;Cor do assento: Rosê
MLB1721275038;43123;;Banqueta Alta Lavínia Suede Base Preto D'rossi;2020-11-18;;active;;Premium;Por conta do comprador;1000;variation;1;;;68622667422;Cor do assento: Rosa Bebê
MLB1721275038;43123;;Banqueta Alta Lavínia Suede Base Preto D'rossi;2020-11-18;;active;;Premium;Por conta do comprador;1000;variation;1;;;68622667523;Cor do assento: Verde
MLB2096104032;59194;7908477265454;Poltrona Paola Corano Nozes Com Linho Preto Base Metálica Preto Liso;2021-11-24;;active;;Classico;Por conta do comprador;1000;item;0;;;;
MLB2084034889;58665;7908477261975;Vaso Decorativo Rosto Em Cerâmica Preto 23,5x11 Cm - D'rossi Preto;2021-11-12;;active;;Premium;Frete gratis;17;item;0;;;;
MLB2087405698;58880;7908477263306;Caixa Livro Decorativo Gray Destination Cinza 27x14x5 Cm Cinza;2021-11-16;;active;;Premium;Por conta do comprador;76;item;0;;;;
MLB2077037104;58473;7908477260312;Cabeceira Onix Para Cama Box Casal 140 Cm Suede Grafite Grafite;2021-11-05;;active;;Classico;Frete gratis;1000;item;0;;;;
MLB2077069259;58493;;Cabeceira Opala Para Cama Box Casal 140 Cm Suede;2021-11-05;;active;;Classico;Frete gratis;1000;variation;1;;;173882683975;Cor: Grafite
MLB2077069259;58493;;Cabeceira Opala Para Cama Box Casal 140 Cm Suede;2021-11-05;;active;;Classico;Frete gratis;0;variation;1;;;173882683974;Cor: Bege
MLB2077069259;58493;;Cabeceira Opala Para Cama Box Casal 140 Cm Suede;2021-11-05;;active;;Classico;Frete gratis;1;variation;1;;;173882683976;Cor: Marrom
MLB2077069259;58493;;Cabeceira Opala Para Cama Box Casal 140 Cm Suede;2021-11-05;;active;;Classico;Frete gratis;1000;variation;1;;;173882683977;Cor: Preto
MLB2054663587;1960;7890000163163;Bandeja Esteira Para Braço De Sofá Porta Copo Alumínio Azul Azul;2021-10-14;;active;;Classico;Por conta do comprador;1;item;0;;;;
MLB2083232477;58709;7908477261357;Sofá 03 Lugares Juliette Veludo Preto Base Madeira Castanho Preto;2021-11-11;;active;;Classico;Por conta do comprador;1000;item;0;;;;
MLB2068367605;58259;7908477257985;Sousplat Mesa Posta De Plástico Rosa E Dourado Com Arabesco Rosa Sousplat;2021-10-27;;active;;Premium;Por conta do comprador;30;item;0;;;;
MLB1963492336;55368;7908477235235;Kit Sofá 03 Lugares E 1 Poltrona Arezzo Linho Grosso Grafite Grafite;2021-07-29;;active;;Premium;Por conta do comprador;4;item;0;;;;
MLB2084058024;58677;7908477262033;Aparador De Livros Decorativo Em Resina Cinza Mate - D'rossi Cinza;2021-11-12;;active;;Classico;Frete gratis;14;item;0;;;;
MLB1928755449;53808;790847722390;Cabideiro Arara Closet Aéreo Nicho Suspenso Dakar 62cm Preto Preto;2021-06-25;;active;;Premium;Frete gratis;8;item;0;;;;
MLB2029461050;56777;7908477246040;Puff Babu Suede Preto Base Preto - D'rossi Preto;2021-09-21;;active;;Premium;Frete gratis;1000;item;0;;;;
MLB2077978967;58513;7908477260091;Cadeiras Giratórias Para Sala Kit 04 Elen Preto - D'rossi Castanho Preto;2021-11-06;;active;;Premium;Por conta do comprador;1;item;0;;;;
MLB1896567858;52492;7908103727844;Escultura Decorativa Rosto Em Poliresina Off White Branco;2021-05-26;;active;;Premium;Frete gratis;10;item;0;;;;
MLB2083440029;58730;7908477260688;Cabeceira Solteiro Para Cama Box 90 Cm Ametista Suede Bege Bege;2021-11-11;;active;;Premium;Frete gratis;3;item;0;;;;
MLB1941553510;54704-54602;;Mesa Lateral Tampo Multiuso Para Sofá Base  Dourado;2021-07-08;;active;;Premium;Frete gratis;413;variation;1;;;90350220050;Cor: Branco
MLB1941553510;54704-54604;;Mesa Lateral Tampo Multiuso Para Sofá Base  Dourado;2021-07-08;;active;;Premium;Frete gratis;401;variation;1;;;90350220056;Cor: Preto
MLB2084075015;58663;7908477261968;Vaso Decorativo Rosto Cerâmica Terracota 23,5x11cm - D'rossi Terracota;2021-11-12;;active;;Classico;Por conta do comprador;11;item;0;;;;
MLB1934803908;53626;7908477207560;Kit 02 Poltronas Giovana Linho Areia A27 Pés Palito Castanho Bege Liso;2021-07-01;;active;;Premium;Por conta do comprador;159;item;0;;;;
MLB2080361444;58581;7908670802517;Poltrona Giovana Corano Nozes Pés Palito Castanho - D'rossi Marrom Liso;2021-11-09;;active;;Premium;Por conta do comprador;318;item;0;;;;
MLB2083483690;58754;7908477262279;Poltrona Giratória Elisa Linho Grafite A26 Base Madeira Ma30 Cinza Liso;2021-11-11;;active;;Classico;Por conta do comprador;1000;item;0;;;;
MLB2136918555;54704-54602;;Mesa Lateral Bandeja Tampo Multiuso Para Sofá Base Dourado;2022-01-10;;active;;Classico;Frete gratis;413;variation;1;;;174083806464;Cor: Branco
MLB2136918555;54704-54604;;Mesa Lateral Bandeja Tampo Multiuso Para Sofá Base Dourado;2022-01-10;;active;;Classico;Frete gratis;401;variation;1;;;174083806465;Cor: Preto
MLB2137172845;54710;;Kit 02 Bandeja Multiuso Mesa Apoio Tampo Mdf Base Dourado;2022-01-10;;active;;Classico;Frete gratis;206;variation;1;;;174084458590;Cor: Branco
MLB2137172845;54710;;Kit 02 Bandeja Multiuso Mesa Apoio Tampo Mdf Base Dourado;2022-01-10;;active;;Classico;Frete gratis;200;variation;1;;;174084458591;Cor: Preto
MLB2138384293;59282;7908477266673;Cabeceira Rubi Para Cama Box Queen 160 Cm Suede Preto Preto;2022-01-11;;active;;Classico;Por conta do comprador;1000;item;0;;;;
MLB2138301054;59250;7908477266406;Cabeceira Opala Para Cama Box Queen 160 Cm Suede Marrom Marrom;2022-01-11;;active;;Classico;Frete gratis;1000;item;0;;;;
MLB2180706720;61061;7908477276825;Cabeceira Gênova Para Cama Box King 195 Cm Linho Areia Areia;2022-02-17;;active;;Premium;Frete gratis;1000;item;0;;;;
MLB2142103447;60009;7908477273398;Poltrona Marilia Linho Grafite A26 Pés Chanfrado Castanho Cinza;2022-01-14;;active;;Premium;Por conta do comprador;318;item;0;;;;
MLB2162139384;60489;7908477290166;Puff Costela Linho Areai A27 Base Metal - D'rossi Bege;2022-02-01;;active;;Classico;Por conta do comprador;1000;item;0;;;;
MLB2154567761;60215;7908477288286;Mesa De Jantar 06 Lugares Porto 160 Cm Preto Base Metálica Preto;2022-01-26;;active;;Classico;Por conta do comprador;9;item;0;;;;
MLB2154544605;60209;7908477288279;Mesa De Jantar 04 Lugares Porto 135 Cm Natural Base Metálica Preto;2022-01-26;;active;;Premium;Por conta do comprador;17;item;0;;;;
MLB2173371689;60933-57529;;Cabeceira Dubai Para Cama Box Queen 160 Cm Suede - D'rossi;2022-02-10;;active;;Premium;Por conta do comprador;1000;variation;1;;;174190024220;Cor: Bege
MLB2173371689;60933-57527;;Cabeceira Dubai Para Cama Box Queen 160 Cm Suede - D'rossi;2022-02-10;;active;;Premium;Por conta do comprador;1000;variation;1;;;174190024219;Cor: Azul-marinho
MLB2173371689;60933-57531;;Cabeceira Dubai Para Cama Box Queen 160 Cm Suede - D'rossi;2022-02-10;;active;;Premium;Por conta do comprador;1000;variation;1;;;174190024221;Cor: Café
MLB2173371689;60933-57533;;Cabeceira Dubai Para Cama Box Queen 160 Cm Suede - D'rossi;2022-02-10;;active;;Premium;Por conta do comprador;1000;variation;1;;;174190024222;Cor: Caramelo
MLB2173371689;60933-57535;;Cabeceira Dubai Para Cama Box Queen 160 Cm Suede - D'rossi;2022-02-10;;active;;Premium;Por conta do comprador;1000;variation;1;;;174190024223;Cor: Cinza
MLB2173371689;60933-57537;;Cabeceira Dubai Para Cama Box Queen 160 Cm Suede - D'rossi;2022-02-10;;active;;Premium;Por conta do comprador;1000;variation;1;;;174190024224;Cor: Preto
MLB2167953148;60631;7908477291194;Poltrona Giratória Costela Linho Rose A106 Base Madeira Ma25 Rosa Liso;2022-02-07;;active;;Premium;Por conta do comprador;1000;item;0;;;;
MLB2168538281;60697;7908477274760;Cabeceira Aquilla Para Cama Box  90 Cm Suede Caramelo Caramelo;2022-02-07;;active;;Premium;Por conta do comprador;1000;item;0;;;;
MLB2154532020;60215;7908477288286;Mesa De Jantar 06 Lugares Porto 160 Cm Preto Base Metálica Preto;2022-01-26;;active;;Premium;Por conta do comprador;9;item;0;;;;
MLB2168515691;60635;7908477291262;Vaso Em Cerâmica Flocos Preto 24x13 Cm - D'rossi Preto Liso;2022-02-07;;active;;Premium;Frete gratis;5;item;0;;;;
MLB2181095242;61119;7908477293051;Cabeceira La Italiana Para Cama Box King 195 Cm Corino Preto Preto;2022-02-17;;active;;Classico;Por conta do comprador;1000;item;0;;;;
MLB2181106198;61105;;Cabeceira La Italiana Para Cama Box Casal 140 Cm Corino;2022-02-17;;active;;Premium;Frete gratis;1000;variation;1;;;174212539635;Cor: Bege
MLB2181106198;61105;;Cabeceira La Italiana Para Cama Box Casal 140 Cm Corino;2022-02-17;;active;;Premium;Frete gratis;1000;variation;1;;;174212539636;Cor: Branco
MLB2181106198;61105;;Cabeceira La Italiana Para Cama Box Casal 140 Cm Corino;2022-02-17;;active;;Premium;Frete gratis;1000;variation;1;;;174212539637;Cor: Marrom
MLB2181106198;61105;;Cabeceira La Italiana Para Cama Box Casal 140 Cm Corino;2022-02-17;;active;;Premium;Frete gratis;1000;variation;1;;;174212539638;Cor: Preto
MLB2181100079;61139;7908477292450;Cabeceira La Italiana Cama Box Casal 140 Cm Suede Caramelo Caramelo;2022-02-17;;active;;Premium;Frete gratis;1000;item;0;;;;
MLB2173353823;60833-57499;;Cabeceira Dubai Para Cama Box Casal 140 Cm Corino - D'rossi;2022-02-10;;active;;Premium;Por conta do comprador;1000;variation;1;;;174189937525;Cor: Bege
MLB2173353823;60833-57501;;Cabeceira Dubai Para Cama Box Casal 140 Cm Corino - D'rossi;2022-02-10;;active;;Premium;Por conta do comprador;1000;variation;1;;;174189937526;Cor: Marrom
MLB2173353823;60833-57503;;Cabeceira Dubai Para Cama Box Casal 140 Cm Corino - D'rossi;2022-02-10;;active;;Premium;Por conta do comprador;1000;variation;1;;;174189937527;Cor: Branco
MLB2173353823;60833-57505;;Cabeceira Dubai Para Cama Box Casal 140 Cm Corino - D'rossi;2022-02-10;;active;;Premium;Por conta do comprador;1000;variation;1;;;174189937528;Cor: Preto
MLB2173375561;60805;7908477275552;Cabeceira Dubai Para Cama Box Solteiro 90 Cm Suede Café Marrom;2022-02-10;;active;;Premium;Frete gratis;1000;item;0;;;;
MLB2173359545;60935;7908477276269;Cabeceira D'rossi Dubai Para Cama Box King De Corino Bege Bege;2022-02-10;;active;;Premium;Por conta do comprador;1000;item;0;;;;
MLB2214081132;62789;7908477298186;Enfeite De Metal De Parede Preto Rosto 30x20x1 Cm - D'rossi Preto;2022-03-22;;active;;Premium;Por conta do comprador;27;item;0;;;;
MLB2194793056;61985;7908477279819;Cabeceira Painel La Italiana Cama Casal 140 Cm Suede Azul Azul;2022-03-03;;active;;Premium;Frete gratis;1000;item;0;;;;
MLB2213989639;62741;7908477297684;Cesto De Seagrass Cor Natural 24,5x31x33 Cm - D'rossi Natural;2022-03-22;;active;;Classico;Frete gratis;3;item;0;;;;
MLB2220086021;63455;7908575904422;Pássaro Em Cerâmica Decorativo Rosê 15x18x7 Cm - D'rossi Rose;2022-03-28;;active;;Premium;Por conta do comprador;20;item;0;;;;
MLB2198397711;62687;7908477297424;Vaso Bacia Decorativo Osaka Branco Vietnamita 11,5x44x36 Cm Branco Vaso Bacia Decorativo;2022-03-08;;active;;Premium;Por conta do comprador;9;item;0;;;;
MLB2218243814;63421;7908575904064;Cesta Multiuso Organizador Zigzag Branco 15x26x26 Cm Branco;2022-03-25;;active;;Premium;Por conta do comprador;8;item;0;;;;
MLB2214112362;62785;7908477298148;Enfeite De Metal De Parede Preto Rosto Mulher 30x20x1 Cm Preto;2022-03-22;;active;;Classico;Por conta do comprador;23;item;0;;;;
MLB2214141088;62779;7908477298087;Pássaro Decorativo Em Cerâmica Rose 9x9x5 - D'rossi Rosa;2022-03-22;;active;;Premium;Por conta do comprador;53;item;0;;;;
MLB2204729658;62491;7908477293273;Poltrona Giratória Giovana Suede Marrom Rato Base Madeira Bege Liso;2022-03-14;;active;;Classico;Por conta do comprador;1000;item;0;;;;
MLB2193422474;61869;7908477279635;Cabeceira Painel Dubai Cama Box King 195 Cm Corino Marrom Marrom;2022-03-02;;active;;Classico;Frete gratis;1000;item;0;;;;
MLB2193313796;61801;7908477279543;Cabeceira Painel Para Cama Box Queen 160 Cm Corino Bege Bege;2022-03-02;;active;;Premium;Frete gratis;1000;item;0;;;;
MLB2185331761;61281;7908477287562;Cabeceira Vicenza Para Cama Box Solteiro 90 Cm Corino Marrom Marrom;2022-02-22;;active;;Premium;Por conta do comprador;1000;item;0;;;;
MLB2185325575;61299;7908477287340;Cabeceira Vicenza Para Cama Box Queen 160 Cm Corino Marrom Marrom;2022-02-22;;active;;Premium;Por conta do comprador;1000;item;0;;;;
MLB2188348673;61547;7908477284424;Cabeceira Arizona Para Cama Box King 195 Cm Corino Marrom Marrom;2022-02-24;;active;;Premium;Por conta do comprador;1000;item;0;;;;
MLB2193301125;61823;7908477279062;Cabeceira Painel Dubai Cama Box Casal 140 Cm Suede Preto Preto;2022-03-02;;active;;Premium;Por conta do comprador;1000;item;0;;;;
MLB2182278223;61265;7908477285148;Cabeceira Tania Para Cama Box Queen 160 Cm Corino Marrom Marrom;2022-02-18;;active;;Classico;Por conta do comprador;1000;item;0;;;;
MLB2214141091;62791;7908477298209;Enfeite De Metal De Parede Preto Coração 30x20x1 Cm;2022-03-22;;active;;Premium;Por conta do comprador;30;item;0;;;;
MLB2194793058;61995;7908477279864;Cabeceira Painel La Italiana Cama Casal 140 Cm Suede Preto Preto;2022-03-03;;active;;Premium;Frete gratis;1000;item;0;;;;
MLB2214924545;60245;7908477288392;Sousplat Redondo De Plástico Flor Rosê 38 Cm - D'rossi Rose;2022-03-23;;active;;Premium;Por conta do comprador;68;item;0;;;;
MLB2204760626;62429;7908477293532;Kit 2 Poltronas Giratória Giovana Suede Grafite Base Madeira Liso;2022-03-14;;active;;Premium;Por conta do comprador;500;item;0;;;;
MLB2137179239;54706;;Bandeja Multiuso Mesa Apoio Para Sofá Tampo Mdf Base Preto;2022-01-10;;active;;Classico;Por conta do comprador;413;variation;1;;;174084478000;Cor: Branco
MLB2137179239;54706;;Bandeja Multiuso Mesa Apoio Para Sofá Tampo Mdf Base Preto;2022-01-10;;active;;Classico;Por conta do comprador;400;variation;1;;;174084478001;Cor: Preto
MLB2099692178;59284;;Cabeceira Rubi Para Cama Box Queen 160 Cm Suede - D'rossi;2021-11-29;;active;;Premium;Por conta do comprador;1000;variation;1;;;173958936244;Cor: Bege
MLB2099692178;59284;;Cabeceira Rubi Para Cama Box Queen 160 Cm Suede - D'rossi;2021-11-29;;active;;Premium;Por conta do comprador;1000;variation;1;;;173958936245;Cor: Grafite
MLB2099692178;59284;;Cabeceira Rubi Para Cama Box Queen 160 Cm Suede - D'rossi;2021-11-29;;active;;Premium;Por conta do comprador;1000;variation;1;;;173958936246;Cor: Marrom
MLB2099692178;59284;;Cabeceira Rubi Para Cama Box Queen 160 Cm Suede - D'rossi;2021-11-29;;active;;Premium;Por conta do comprador;1000;variation;1;;;173958936247;Cor: Preto
MLB2106938051;59302;7908477267168;Cabeceira Ametista Para Cama Box King 195 Cm Suede Preto Preto;2021-12-06;;active;;Premium;Frete gratis;1000;item;0;;;;
MLB2099655250;59254;;Cabeceira Opala Para Cama Box Queen 160 Cm Suede - D'rossi;2021-11-29;;active;;Premium;Frete gratis;1000;variation;1;;;173958961800;Cor: Bege
MLB2099655250;59254;;Cabeceira Opala Para Cama Box Queen 160 Cm Suede - D'rossi;2021-11-29;;active;;Premium;Frete gratis;2;variation;1;;;173958961801;Cor: Grafite
MLB2099655250;59254;;Cabeceira Opala Para Cama Box Queen 160 Cm Suede - D'rossi;2021-11-29;;active;;Premium;Frete gratis;1000;variation;1;;;173958961802;Cor: Marrom
MLB2099655250;59254;;Cabeceira Opala Para Cama Box Queen 160 Cm Suede - D'rossi;2021-11-29;;active;;Premium;Frete gratis;1000;variation;1;;;173958961803;Cor: Preto
MLB2099593058;59264;;Cabeceira Onix Para Cama Box Queen 160 Cm Suede - D'rossi;2021-11-29;;active;;Premium;Por conta do comprador;1;variation;1;;;173958942452;Cor: Bege
MLB2099593058;59264;;Cabeceira Onix Para Cama Box Queen 160 Cm Suede - D'rossi;2021-11-29;;active;;Premium;Por conta do comprador;1000;variation;1;;;173958942453;Cor: Grafite
MLB2099593058;59264;;Cabeceira Onix Para Cama Box Queen 160 Cm Suede - D'rossi;2021-11-29;;active;;Premium;Por conta do comprador;1000;variation;1;;;173958942454;Cor: Preto
MLB2099593058;59264;;Cabeceira Onix Para Cama Box Queen 160 Cm Suede - D'rossi;2021-11-29;;active;;Premium;Por conta do comprador;1000;variation;1;;;173958942455;Cor: Marrom
MLB2137203906;54710;;Kit 02 Bandeja Multiuso Mesa Apoio Tampo Mdf Base Dourado;2022-01-10;;active;;Premium;Frete gratis;206;variation;1;;;174084406760;Cor: Branco
MLB2137203906;54710;;Kit 02 Bandeja Multiuso Mesa Apoio Tampo Mdf Base Dourado;2022-01-10;;active;;Premium;Frete gratis;200;variation;1;;;174084406761;Cor: Preto
MLB2137276410;58037;7908477256544;Kit 02 Poltronas Giovana Suede Verde Pés Palito De Ferro Verde Liso;2022-01-10;;active;;Premium;Por conta do comprador;145;item;0;;;;
MLB2113224271;59540;;Namoradeira 02 Lugares Marilia Linho Pés Palito Castanho;2021-12-13;;active;;Premium;Por conta do comprador;318;variation;1;;;174004769255;Cor: A05 Cinza Claro
MLB2113224271;59540;;Namoradeira 02 Lugares Marilia Linho Pés Palito Castanho;2021-12-13;;active;;Premium;Por conta do comprador;318;variation;1;;;174004769256;Cor: A19 Grosso Bege
MLB2113224271;59540;;Namoradeira 02 Lugares Marilia Linho Pés Palito Castanho;2021-12-13;;active;;Premium;Por conta do comprador;0;variation;1;;;174004769257;Cor: A27 Areia
MLB2113224271;59540;;Namoradeira 02 Lugares Marilia Linho Pés Palito Castanho;2021-12-13;;active;;Premium;Por conta do comprador;318;variation;1;;;174004769258;Cor: A26 Grafite
MLB2113224271;59540;;Namoradeira 02 Lugares Marilia Linho Pés Palito Castanho;2021-12-13;;active;;Premium;Por conta do comprador;0;variation;1;;;174004769259;Cor: A104 Grosso Off White
MLB2113224271;59540;;Namoradeira 02 Lugares Marilia Linho Pés Palito Castanho;2021-12-13;;active;;Premium;Por conta do comprador;0;variation;1;;;174004769260;Cor: A32 Bege
MLB2113224271;59540;;Namoradeira 02 Lugares Marilia Linho Pés Palito Castanho;2021-12-13;;active;;Premium;Por conta do comprador;318;variation;1;;;174004769261;Cor: A79 Preto
MLB2113224271;59540;;Namoradeira 02 Lugares Marilia Linho Pés Palito Castanho;2021-12-13;;active;;Premium;Por conta do comprador;0;variation;1;;;174004769262;Cor: A106 Whiski Rose
MLB2113224271;59540;;Namoradeira 02 Lugares Marilia Linho Pés Palito Castanho;2021-12-13;;active;;Premium;Por conta do comprador;0;variation;1;;;174004769263;Cor: A105 Selenite Sisal
MLB2113224271;59540;;Namoradeira 02 Lugares Marilia Linho Pés Palito Castanho;2021-12-13;;active;;Premium;Por conta do comprador;0;variation;1;;;174004769264;Cor: a107 vermelho
MLB2113224271;59540;;Namoradeira 02 Lugares Marilia Linho Pés Palito Castanho;2021-12-13;;active;;Premium;Por conta do comprador;0;variation;1;;;174004769265;Cor: A120 Prata
MLB2113224271;59540;;Namoradeira 02 Lugares Marilia Linho Pés Palito Castanho;2021-12-13;;active;;Premium;Por conta do comprador;0;variation;1;;;174004769266;Cor: A115 Azul Pavão
MLB2108959429;59514;7908477268561;Namoradeira 02 Lugares Marilia Linho Grafite A26 Pés Palito Cinza;2021-12-08;;active;;Premium;Por conta do comprador;318;item;0;;;;
MLB2108966362;59496;7908477268554;Namoradeira 02 Lugares Marilia Linho Bege A19 Pés Palito Bege;2021-12-08;;active;;Classico;Por conta do comprador;318;item;0;;;;
MLB2137224449;54702;;Bandeja Multiuso Mesa Apoio Para Sofá Tampo Mdf Base Rose;2022-01-10;;active;;Classico;Frete gratis;413;variation;1;;;174084471706;Cor: Branco
MLB2137224449;54702;;Bandeja Multiuso Mesa Apoio Para Sofá Tampo Mdf Base Rose;2022-01-10;;active;;Classico;Frete gratis;400;variation;1;;;174084471707;Cor: Preto
MLB2137211661;54704;;Bandeja Multiuso Mesa Apoio Para Sofá Tampo Mdf Base Dourado;2022-01-10;;active;;Classico;Frete gratis;413;variation;1;;;174084413992;Cor: Branco
MLB2137211661;54704;;Bandeja Multiuso Mesa Apoio Para Sofá Tampo Mdf Base Dourado;2022-01-10;;active;;Classico;Frete gratis;401;variation;1;;;174084413993;Cor: Preto
MLB2137257643;58015;7908477256438;Kit 02 Poltronas Giovana Suede Azul Pés Palito De Ferro Azul Liso;2022-01-10;;active;;Classico;Por conta do comprador;145;item;0;;;;
MLB2137216843;54706;;Bandeja Multiuso Mesa Apoio Para Sofá Tampo Mdf Base Preto;2022-01-10;;active;;Premium;Frete gratis;413;variation;1;;;174084482737;Cor: Branco
MLB2137216843;54706;;Bandeja Multiuso Mesa Apoio Para Sofá Tampo Mdf Base Preto;2022-01-10;;active;;Premium;Frete gratis;400;variation;1;;;174084482738;Cor: Preto
MLB2137197414;54704;;Bandeja Multiuso Mesa Apoio Para Sofá Tampo Mdf Base Dourado;2022-01-10;;active;;Premium;Frete gratis;413;variation;1;;;174084463920;Cor: Branco
MLB2137197414;54704;;Bandeja Multiuso Mesa Apoio Para Sofá Tampo Mdf Base Dourado;2022-01-10;;active;;Premium;Frete gratis;401;variation;1;;;174084463921;Cor: Preto
MLB2137188251;57991;7908477256322;Poltrona Giovana Suede Bege Pés Palito De Ferro - D'rossi Bege Liso;2022-01-10;;active;;Premium;Por conta do comprador;291;item;0;;;;
MLB2137205194;43696-32646;;Mesa Lateral Apoio Sofá Bandeja Tampo Branco Base Metal;2022-01-10;;active;;Classico;Por conta do comprador;13;variation;1;;;174084408159;Cor: Bronze
MLB2137205194;43696-32648;;Mesa Lateral Apoio Sofá Bandeja Tampo Branco Base Metal;2022-01-10;;active;;Classico;Por conta do comprador;413;variation;1;;;174084408160;Cor: Dourado
MLB2137205194;43696-32650;;Mesa Lateral Apoio Sofá Bandeja Tampo Branco Base Metal;2022-01-10;;active;;Classico;Por conta do comprador;85;variation;1;;;174084408161;Cor: Preto
MLB2137185538;43694;;Bandeja Multiuso Mesa Apoio Para Sofá Tampo Preto Base Metal;2022-01-10;;active;;Premium;Por conta do comprador;400;variation;1;;;174084426306;Cor: Bronze
MLB2137185538;43694;;Bandeja Multiuso Mesa Apoio Para Sofá Tampo Preto Base Metal;2022-01-10;;active;;Premium;Por conta do comprador;400;variation;1;;;174084426307;Cor: Dourado
MLB2137185538;43694;;Bandeja Multiuso Mesa Apoio Para Sofá Tampo Preto Base Metal;2022-01-10;;active;;Premium;Por conta do comprador;400;variation;1;;;174084426308;Cor: Preto
MLB2137328602;58111;7908477257183;Kit 01 Namoradeira E 01 Poltrona Giovana Suede Grafite Cinza;2022-01-10;;active;;Classico;Por conta do comprador;145;item;0;;;;
MLB2137223163;43696;;Bandeja Multiuso Mesa Apoio Sofá Tampo Branco Base Metal;2022-01-10;;active;;Premium;Por conta do comprador;13;variation;1;;;174084470267;Cor: Bronze
MLB2137223163;43696;;Bandeja Multiuso Mesa Apoio Sofá Tampo Branco Base Metal;2022-01-10;;active;;Premium;Por conta do comprador;413;variation;1;;;174084470268;Cor: Dourado
MLB2137223163;43696;;Bandeja Multiuso Mesa Apoio Sofá Tampo Branco Base Metal;2022-01-10;;active;;Premium;Por conta do comprador;85;variation;1;;;174084470269;Cor: Preto
MLB2634067193;65715;7908575925649;Kit 02 Poltronas Marisa Linho Preto A79 Base Metálica Preto Preto Liso;2022-05-06;;active;;Premium;Por conta do comprador;500;item;0;;;;
MLB2637813498;65929;7908575928091;Kit 02 Poltronas Marisa Linho Bege Base Metálica Dourado Bege Liso;2022-05-10;;active;;Premium;Por conta do comprador;500;item;0;;;;
MLB2609647972;63959;7908575902251;Kit Namoradeira E Poltrona Giovana Veludo Verde Pés De Ferro Verde Liso;2022-04-11;;active;;Classico;Por conta do comprador;145;item;0;;;;
MLB2634086563;65751;7908575926042;Namoradeira Marisa Linho Areia A27 Base Metálica Preto Bege Liso;2022-05-06;;active;;Premium;Por conta do comprador;1000;item;0;;;;
MLB2634068286;65809;;Kit Namoradeira E 2 Poltronas Marisa Linho Base Preto;2022-05-06;;active;;Classico;Por conta do comprador;500;variation;1;;;174480558076;Cor: A05 Cinza Claro
MLB2634068286;65809;;Kit Namoradeira E 2 Poltronas Marisa Linho Base Preto;2022-05-06;;active;;Classico;Por conta do comprador;500;variation;1;;;174480558077;Cor: A26 Grafite
MLB2634068286;65809;;Kit Namoradeira E 2 Poltronas Marisa Linho Base Preto;2022-05-06;;active;;Classico;Por conta do comprador;500;variation;1;;;174480558080;Cor: A79 Preto
MLB2634068286;65809;;Kit Namoradeira E 2 Poltronas Marisa Linho Base Preto;2022-05-06;;active;;Classico;Por conta do comprador;0;variation;1;;;174480558081;Cor: A19 Grosso Bege
MLB2634068286;65809;;Kit Namoradeira E 2 Poltronas Marisa Linho Base Preto;2022-05-06;;active;;Classico;Por conta do comprador;0;variation;1;;;174480558078;Cor: A27 Areia
MLB2629780082;65617;7908575924451;Kit Namoradeira E Poltronas Paola Linho Preto Base Preto Preto Liso;2022-05-02;;active;;Premium;Por conta do comprador;500;item;0;;;;
MLB2629798922;65573;7908575923812;Kit Namoradeira E Poltrona Paola Linho Bege Base Dourado Bege Liso;2022-05-02;;active;;Premium;Por conta do comprador;1000;item;0;;;;
MLB2631634253;65661;7908575924826;Kit 02 Poltronas Anitta Linho Preto A79 Pés Palito Castanho Preto Liso;2022-05-04;;active;;Classico;Por conta do comprador;159;item;0;;;;
MLB2609803210;63681;7908575900851;Poltrona Giratória Giovana Veludo Verde Base Maderia Ma30 Verde Liso;2022-04-11;;active;;Classico;Por conta do comprador;1000;item;0;;;;
MLB2222678551;63443;7908575904262;Suporte Decorativo De Madeira Sonhe Branco 6x6x5 Cm Branco;2022-03-30;;active;;Classico;Por conta do comprador;3;item;0;;;;
MLB2637802133;65931;;Kit 02 Poltronas Marisa Linho Base Metálica Dourado;2022-05-10;;active;;Premium;Por conta do comprador;500;variation;1;;;187477409989;Cor: A19 Bege
MLB2637802133;65931;;Kit 02 Poltronas Marisa Linho Base Metálica Dourado;2022-05-10;;active;;Premium;Por conta do comprador;500;variation;1;;;174496344321;Cor: A27 Areia
MLB2637802133;65931;;Kit 02 Poltronas Marisa Linho Base Metálica Dourado;2022-05-10;;active;;Premium;Por conta do comprador;500;variation;1;;;187477409987;Cor: A05 Cinza
MLB2637802133;65931;;Kit 02 Poltronas Marisa Linho Base Metálica Dourado;2022-05-10;;active;;Premium;Por conta do comprador;500;variation;1;;;174496344320;Cor: A26 Grafite
MLB2637802133;65931;;Kit 02 Poltronas Marisa Linho Base Metálica Dourado;2022-05-10;;active;;Premium;Por conta do comprador;500;variation;1;;;174496344323;Cor: A79 Preto
MLB2222467796;63449;7908575904347;Placa Decorativa Lousa De Madeira P/ Pendurar 13x15x1 Cm Preto;2022-03-30;;active;;Classico;Por conta do comprador;56;item;0;;;;
MLB2631515384;65627;7908575995314;Poltrona Anitta Linho Preto A79 Pés Palito Castanho D'rossi Preto Liso;2022-05-04;;active;;Premium;Por conta do comprador;318;item;0;;;;
MLB2629288517;65557;7908575923737;Namoradeira Paola Linho Preto A79 Base Metálica Dourado Preto Liso;2022-05-02;;active;;Premium;Por conta do comprador;1000;item;0;;;;
MLB2634094178;65717;7908575925656;Poltrona Marisa Linho Bege Base Industrial Metal Preto Kit 2 Bege Liso;2022-05-06;;active;;Classico;Por conta do comprador;500;item;0;;;;
MLB2634118699;65795;;Kit Namoradeira E 01 Poltrona Marisa Linho Base Industrial;2022-05-06;;active;;Premium;Por conta do comprador;998;variation;1;;;174480567648;Cor: A26 Grafite
MLB2634118699;65795;;Kit Namoradeira E 01 Poltrona Marisa Linho Base Industrial;2022-05-06;;active;;Premium;Por conta do comprador;0;variation;1;;;174480567647;Cor: A05 Cinza Claro
MLB2634118699;65795;;Kit Namoradeira E 01 Poltrona Marisa Linho Base Industrial;2022-05-06;;active;;Premium;Por conta do comprador;1000;variation;1;;;174480567649;Cor: A27 Areia
MLB2634118699;65795;;Kit Namoradeira E 01 Poltrona Marisa Linho Base Industrial;2022-05-06;;active;;Premium;Por conta do comprador;1000;variation;1;;;174480567651;Cor: A79 Preto
MLB2634118699;65795;;Kit Namoradeira E 01 Poltrona Marisa Linho Base Industrial;2022-05-06;;active;;Premium;Por conta do comprador;0;variation;1;;;174480567652;Cor: A19 Grosso Bege
MLB2608511268;63315;;Poltrona Giovana Veludo Pés Palito Castanho - D'rossi;2022-04-08;;active;;Premium;Por conta do comprador;318;variation;1;;;174390764980;Cor: Bege
MLB2608511268;63315;;Poltrona Giovana Veludo Pés Palito Castanho - D'rossi;2022-04-08;;active;;Premium;Por conta do comprador;0;variation;1;;;174390764979;Cor: Azul-marinho
MLB2608511268;63315;;Poltrona Giovana Veludo Pés Palito Castanho - D'rossi;2022-04-08;;active;;Premium;Por conta do comprador;318;variation;1;;;174390764981;Cor: Cinza
MLB2608511268;63315;;Poltrona Giovana Veludo Pés Palito Castanho - D'rossi;2022-04-08;;active;;Premium;Por conta do comprador;0;variation;1;;;174390764982;Cor: Ferrugem
MLB2608511268;63315;;Poltrona Giovana Veludo Pés Palito Castanho - D'rossi;2022-04-08;;active;;Premium;Por conta do comprador;0;variation;1;;;174390764983;Cor: Grafite
MLB2608511268;63315;;Poltrona Giovana Veludo Pés Palito Castanho - D'rossi;2022-04-08;;active;;Premium;Por conta do comprador;0;variation;1;;;174390764984;Cor: Marrom
MLB2608511268;63315;;Poltrona Giovana Veludo Pés Palito Castanho - D'rossi;2022-04-08;;active;;Premium;Por conta do comprador;318;variation;1;;;174390764985;Cor: Preto
MLB2608511268;63315;;Poltrona Giovana Veludo Pés Palito Castanho - D'rossi;2022-04-08;;active;;Premium;Por conta do comprador;318;variation;1;;;174390764986;Cor: Rose
MLB2608511268;63315;;Poltrona Giovana Veludo Pés Palito Castanho - D'rossi;2022-04-08;;active;;Premium;Por conta do comprador;318;variation;1;;;174390764987;Cor: Verde Esmeralda
MLB2608511268;63315;;Poltrona Giovana Veludo Pés Palito Castanho - D'rossi;2022-04-08;;active;;Premium;Por conta do comprador;0;variation;1;;;174390764988;Cor: Vermelho
MLB2608511268;63315;;Poltrona Giovana Veludo Pés Palito Castanho - D'rossi;2022-04-08;;active;;Premium;Por conta do comprador;0;variation;1;;;174390764989;Cor: Marrom rato
MLB2608511268;63315;;Poltrona Giovana Veludo Pés Palito Castanho - D'rossi;2022-04-08;;active;;Premium;Por conta do comprador;0;variation;1;;;174390764990;Cor: Sisal
MLB2608511268;63315;;Poltrona Giovana Veludo Pés Palito Castanho - D'rossi;2022-04-08;;active;;Premium;Por conta do comprador;0;variation;1;;;174390764991;Cor: bordado bordô
MLB2634413429;65853;7908575927308;Kit Namoradeira E 02 Poltronas Anitta Linho Preto A79 Preto Liso;2022-05-06;;active;;Classico;Por conta do comprador;106;item;0;;;;
MLB2632980850;65743;7908575925052;Kit Namoradeira E Poltronas Anitta Linho Preto Pés Castanho Preto Liso;2022-05-05;;active;;Classico;Por conta do comprador;106;item;0;;;;
MLB2222658428;63447;7908575904323;Porta Objeto Decorativo Redondo De Metal Rosê 8x9x9 Cm Rosa;2022-03-30;;active;;Premium;Por conta do comprador;32;item;0;;;;
MLB2656428554;66483;7908575932609;Kit 10 Cadeiras De Jantar Liz Linho Preto A79 Pés Palito Liso Castanho Preto;2022-05-26;;active;;Classico;Por conta do comprador;30;item;0;;;;
MLB2638874669;65971;7908575929340;Kit Namoradeira E Poltronas Marisa Linho Preto Base Dourado Preto Liso;2022-05-11;;active;;Classico;Por conta do comprador;500;item;0;;;;
MLB2638879764;;;Namoradeira Marisa Linho Base Industrial Metálica Dourado;2022-05-11;;active;;Premium;Por conta do comprador;1057;variation;1;;;174500636026;Cor: A05 Cinza Claro
MLB2638879764;;;Namoradeira Marisa Linho Base Industrial Metálica Dourado;2022-05-11;;active;;Premium;Por conta do comprador;998;variation;1;;;174500636027;Cor: A26 Grafite
MLB2638879764;;;Namoradeira Marisa Linho Base Industrial Metálica Dourado;2022-05-11;;active;;Premium;Por conta do comprador;1000;variation;1;;;174500636030;Cor: A79 Preto
MLB2638879764;;;Namoradeira Marisa Linho Base Industrial Metálica Dourado;2022-05-11;;active;;Premium;Por conta do comprador;1000;variation;1;;;187399434605;Cor: A19 Bege
MLB2638885767;65945;7908575929197;Namoradeira 02 Lugares Marisa Linho Grosso Bege Base Dourado Bege Liso;2022-05-11;;active;;Premium;Por conta do comprador;1000;item;0;;;;
MLB2638850229;65971;7908575929340;Kit Namoradeira E Poltronas Marisa Linho Preto Base Dourado Preto Liso;2022-05-11;;active;;Premium;Por conta do comprador;500;item;0;;;;
MLB2637758922;65917;;Poltrona Marisa Linho Base Industrial Metálica Dourado;2022-05-10;;active;;Classico;Por conta do comprador;1000;variation;1;;;174496198757;Cor: A27 Areia
MLB2637758922;65917;;Poltrona Marisa Linho Base Industrial Metálica Dourado;2022-05-10;;active;;Classico;Por conta do comprador;1000;variation;1;;;174496198756;Cor: A26 Grafite
MLB2637758922;65917;;Poltrona Marisa Linho Base Industrial Metálica Dourado;2022-05-10;;active;;Classico;Por conta do comprador;1000;variation;1;;;174496198759;Cor: A79 Preto
MLB2640204763;66087-60623;;Cabeceira Painel Clean Para Cama Box Queen 160 Cm Linho;2022-05-12;;active;;Premium;Frete gratis;1000;variation;1;;;174505623404;Cor: A32 Bege
MLB2640204763;66087-60617;;Cabeceira Painel Clean Para Cama Box Queen 160 Cm Linho;2022-05-12;;active;;Premium;Frete gratis;1000;variation;1;;;174505623401;Cor: A05 Cinza Claro
MLB2640204763;66087-60619;;Cabeceira Painel Clean Para Cama Box Queen 160 Cm Linho;2022-05-12;;active;;Premium;Frete gratis;1000;variation;1;;;174505623402;Cor: A26 Grafite
MLB2640204763;66087-60621;;Cabeceira Painel Clean Para Cama Box Queen 160 Cm Linho;2022-05-12;;active;;Premium;Frete gratis;4;variation;1;;;174505623403;Cor: A27 Areia
MLB2640204763;66087-60625;;Cabeceira Painel Clean Para Cama Box Queen 160 Cm Linho;2022-05-12;;active;;Premium;Frete gratis;1;variation;1;;;174505623405;Cor: A79 Preto
MLB2640204763;66087-60627;;Cabeceira Painel Clean Para Cama Box Queen 160 Cm Linho;2022-05-12;;active;;Premium;Frete gratis;1000;variation;1;;;174505623406;Cor: A19 Grosso Bege
MLB2637747020;65917;;Poltrona Marisa Linho Base Industrial Metálica Dourado;2022-05-10;;active;;Premium;Por conta do comprador;1000;variation;1;;;184468025273;Cor: A19 Bege
MLB2637747020;65917;;Poltrona Marisa Linho Base Industrial Metálica Dourado;2022-05-10;;active;;Premium;Por conta do comprador;1000;variation;1;;;174496273083;Cor: A27 Areia
MLB2637747020;65917;;Poltrona Marisa Linho Base Industrial Metálica Dourado;2022-05-10;;active;;Premium;Por conta do comprador;1000;variation;1;;;184468025271;Cor: A05 Cinza
MLB2637747020;65917;;Poltrona Marisa Linho Base Industrial Metálica Dourado;2022-05-10;;active;;Premium;Por conta do comprador;1000;variation;1;;;174496273082;Cor: A26 Grafite
MLB2637747020;65917;;Poltrona Marisa Linho Base Industrial Metálica Dourado;2022-05-10;;active;;Premium;Por conta do comprador;1000;variation;1;;;174496273085;Cor: A79 Preto
MLB2653183413;66413;7908575930131;Kit 10 Cadeiras De Jantar Liz Suede Rosa Bebê Pés Palito Liso Castanho Rosa Bebê;2022-05-24;;active;;Classico;Por conta do comprador;30;item;0;;;;
MLB2640197097;66001;7908575929791;Cabeceira Painel Clean Para Cama Box Casal 140cm Linho Bege Bege;2022-05-12;;active;;Premium;Frete gratis;999;item;0;;;;
MLB2656433702;66429;7908575932326;Cadeira De Jantar Liz Linho Grosso Bege A19 Pés Palito Liso Bege;2022-05-26;;active;;Premium;Frete gratis;257;item;0;;;;
MLB2640248340;66085;7908575929913;Cabeceira Painel Clean Para Cama Box Queen 160cm Linho Bege Bege;2022-05-12;;active;;Premium;Frete gratis;1000;item;0;;;;
MLB2638831322;65951;7908575929272;Kit Namoradeira E Poltrona Marisa Linho Grafite Base Dourado Cinza Liso;2022-05-11;;active;;Premium;Por conta do comprador;998;item;0;;;;
MLB2656446196;66483;7908575932609;Kit 10 Cadeiras De Jantar Liz Linho Preto A79 Pés Palito Liso Castanho Preto;2022-05-26;;active;;Premium;Por conta do comprador;30;item;0;;;;
MLB2637747120;65923;7908575928060;Kit 02 Poltronas Marisa Linho Areia Base Metálica Dourado Bege Liso;2022-05-10;;active;;Classico;Por conta do comprador;500;item;0;;;;
MLB2640236355;66079;7908575929883;Cabeceira Painel Clean Para Cama Box Queen 160cm Linho Areia Areia;2022-05-12;;active;;Classico;Frete gratis;4;item;0;;;;
MLB2638880285;65961;;Kit 01 Namoradeira E 01 Poltrona Marisa Linho Base Dourado;2022-05-11;;active;;Classico;Por conta do comprador;1000;variation;1;;;185686528269;Cor: A05 Cinza
MLB2638880285;65961;;Kit 01 Namoradeira E 01 Poltrona Marisa Linho Base Dourado;2022-05-11;;active;;Classico;Por conta do comprador;998;variation;1;;;174500637295;Cor: A26 Grafite
MLB2638880285;65961;;Kit 01 Namoradeira E 01 Poltrona Marisa Linho Base Dourado;2022-05-11;;active;;Classico;Por conta do comprador;74;variation;1;;;174500637296;Cor: A27 Areia
MLB2638880285;65961;;Kit 01 Namoradeira E 01 Poltrona Marisa Linho Base Dourado;2022-05-11;;active;;Classico;Por conta do comprador;1000;variation;1;;;174500637298;Cor: A79 Preto
MLB2638880285;65961;;Kit 01 Namoradeira E 01 Poltrona Marisa Linho Base Dourado;2022-05-11;;active;;Classico;Por conta do comprador;1000;variation;1;;;185686528271;Cor: A19 Bege
MLB2640204183;66001;7908575929791;Cabeceira Painel Clean Para Cama Box Casal 140cm Linho Bege Bege;2022-05-12;;active;;Classico;Frete gratis;999;item;0;;;;
MLB2653153432;66275;7908575930162;Kit 04 Cadeiras De Jantar Liz Suede Bege Pés Palito Natural Liso Bege;2022-05-24;;active;;Classico;Por conta do comprador;248;item;0;;;;
MLB2637734943;65909;7908575928008;Poltrona Marisa Linho Areia Base Industrial Metálica Dourado Bege Liso;2022-05-10;;active;;Classico;Por conta do comprador;1000;item;0;;;;
MLB2662820738;64565;7908575916449;Poltrona Sala Giratória Giovana Linho Bege Base Madeira Mm30 Bege Linho;2022-06-01;;active;;Premium;Por conta do comprador;1000;item;0;;;;
MLB2658276438;66651;7908575931909;Cadeira De Jantar Liz Veludo Cinza Pés Palito Natural Liso Cinza;2022-05-27;;active;;Premium;Por conta do comprador;290;item;0;;;;
MLB2664209523;67121;7908575934108;Kit 10 Cadeiras De Jantar Liz Corano Preto Base Giratória Liso Castanho Preto;2022-06-02;;active;;Classico;Por conta do comprador;2;item;0;;;;
MLB2663188803;67019;7908575931312;Kit 02 Cadeiras De Jantar Liz Suede Verde Base Giratória Liso Verde;2022-06-01;;active;;Premium;Por conta do comprador;11;item;0;;;;
MLB2663262795;67009;7908575931268;Kit De 4 Cadeiras De Jantar Liz Rose Em Suede Com Base Giratória Liso Liso Rose;2022-06-01;;active;;Classico;Por conta do comprador;5;item;0;;;;
MLB2664203297;67129;7908575934146;Kit 06 Cadeiras De Jantar Liz Corano Branco Base Giratória Liso Branco;2022-06-02;;active;;Classico;Por conta do comprador;3;item;0;;;;
MLB2658302171;66655;7908575931923;Kit 4 Cadeiras De Jantar Liz Veludo Cinza Pés Palito Natural Liso Cinza;2022-05-27;;active;;Premium;Por conta do comprador;72;item;0;;;;
MLB2665455446;67137;7908575934184;Kit 02 Cadeiras De Jantar Liz Corino Bege Base Giratória Liso Bege;2022-06-03;;active;;Premium;Por conta do comprador;11;item;0;;;;
MLB2658744891;66689;7908575934764;Kit 10 Cadeiras De Jantar Liz Corano Preto Pés Palito Liso Castanho Preto;2022-05-27;;active;;Classico;Por conta do comprador;30;item;0;;;;
MLB2665403850;67135;7908575934177;Cadeira De Jantar Liz Corino Bege Base Giratória Liso Bege;2022-06-03;;active;;Premium;Por conta do comprador;23;item;0;;;;
MLB2664178411;67113;7908575934061;Kit 02 Cadeiras De Jantar Liz Corano Preto Base Giratória Liso Preto;2022-06-02;;active;;Classico;Por conta do comprador;11;item;0;;;;
MLB2670162963;67303;7908575941151;Mesa Porto Preto 90 Cm Com 02 Banquetas Manu Corino Branco Branco Preto;2022-06-07;;active;;Premium;Por conta do comprador;7;item;0;;;;
MLB2672790204;67435;;Kit 02 Poltronas Stella Suede Pés Palito Castanho - D'rossi;2022-06-09;;active;;Premium;Por conta do comprador;131;variation;1;;;174620831323;Cor: Bege
MLB2672790204;67435;;Kit 02 Poltronas Stella Suede Pés Palito Castanho - D'rossi;2022-06-09;;active;;Premium;Por conta do comprador;129;variation;1;;;174620831324;Cor: Azul-marinho
MLB2672790204;67435;;Kit 02 Poltronas Stella Suede Pés Palito Castanho - D'rossi;2022-06-09;;active;;Premium;Por conta do comprador;0;variation;1;;;174620831325;Cor: Azul-turquesa
MLB2672790204;67435;;Kit 02 Poltronas Stella Suede Pés Palito Castanho - D'rossi;2022-06-09;;active;;Premium;Por conta do comprador;159;variation;1;;;174620831326;Cor: Cinza
MLB2672790204;67435;;Kit 02 Poltronas Stella Suede Pés Palito Castanho - D'rossi;2022-06-09;;active;;Premium;Por conta do comprador;159;variation;1;;;174620831327;Cor: Grafite
MLB2672790204;67435;;Kit 02 Poltronas Stella Suede Pés Palito Castanho - D'rossi;2022-06-09;;active;;Premium;Por conta do comprador;159;variation;1;;;174620831328;Cor: Marrom
MLB2672790204;67435;;Kit 02 Poltronas Stella Suede Pés Palito Castanho - D'rossi;2022-06-09;;active;;Premium;Por conta do comprador;159;variation;1;;;174620831329;Cor: Marrom rato
MLB2672790204;67435;;Kit 02 Poltronas Stella Suede Pés Palito Castanho - D'rossi;2022-06-09;;active;;Premium;Por conta do comprador;159;variation;1;;;174620831330;Cor: Preto
MLB2672790204;67435;;Kit 02 Poltronas Stella Suede Pés Palito Castanho - D'rossi;2022-06-09;;active;;Premium;Por conta do comprador;159;variation;1;;;174620831331;Cor: Rosa bebê
MLB2672790204;67435;;Kit 02 Poltronas Stella Suede Pés Palito Castanho - D'rossi;2022-06-09;;active;;Premium;Por conta do comprador;125;variation;1;;;174620831332;Cor: Rose
MLB2672790204;67435;;Kit 02 Poltronas Stella Suede Pés Palito Castanho - D'rossi;2022-06-09;;active;;Premium;Por conta do comprador;159;variation;1;;;174620831333;Cor: Verde
MLB2670184897;67303;7908575941151;Mesa Porto Preto 90 Cm Com 02 Banquetas Manu Corino Branco Branco Preto;2022-06-07;;active;;Classico;Por conta do comprador;7;item;0;;;;
MLB2670209433;67295;7908575941113;Mesa Porto Natural 90 Cm Com 02 Banquetas Manu Corino Preto Preto;2022-06-07;;active;;Classico;Por conta do comprador;7;item;0;;;;
MLB2663267181;66903;7908575930728;Kit 04 Cadeiras De Jantar Liz Suede Bege Base Giratória Liso Bege;2022-06-01;;active;;Premium;Por conta do comprador;5;item;0;;;;
MLB2664165860;67121;7908575934108;Kit 10 Cadeiras De Jantar Liz Corano Preto Base Giratória Liso Castanho Preto;2022-06-02;;active;;Premium;Por conta do comprador;2;item;0;;;;
MLB2663229628;66971;7908575931060;Cadeira De Jantar Liz Suede Preto Base Giratória De Madeira Liso Preto;2022-06-01;;active;;Premium;Por conta do comprador;23;item;0;;;;
MLB2664117725;67101;7908575934009;Kit 02 Cadeiras De Jantar Liz Corano Nozes Base Giratória Liso Nozes;2022-06-02;;active;;Premium;Por conta do comprador;11;item;0;;;;
MLB2658083761;66497;7908575932258;Kit 10 Cadeiras De Jantar Liz Veludo Bege Pés Palito Liso Castanho Bege;2022-05-27;;active;;Classico;Por conta do comprador;30;item;0;;;;
MLB2672443399;67329;7908575935136;Poltrona Stella Corano Nozes Com Linho Bege A19 Liso;2022-06-09;;active;;Premium;Por conta do comprador;296;item;0;;;;
MLB2707538120;68919;7908575945548;Mesa De Jantar Tampo Com Vidro Lita 120 Cm Off White Off White;2022-07-06;;active;;Premium;Por conta do comprador;1000;item;0;;;;
MLB2709292786;68969;7908575948570;Kit 02 Poltronas Melissa Suede Marrom Rato Base De Madeira Marrom Liso;2022-07-07;;active;;Classico;Por conta do comprador;250;item;0;;;;
MLB2709441074;69083;;Poltrona Melissa Corino Base De Madeira Castanho - D'rossi;2022-07-07;;active;;Classico;Por conta do comprador;500;variation;1;;;174776234253;Cor: Bege
MLB2709441074;69083;;Poltrona Melissa Corino Base De Madeira Castanho - D'rossi;2022-07-07;;active;;Classico;Por conta do comprador;500;variation;1;;;174776234254;Cor: Branco
MLB2709441074;69083;;Poltrona Melissa Corino Base De Madeira Castanho - D'rossi;2022-07-07;;active;;Classico;Por conta do comprador;500;variation;1;;;174776234255;Cor: Preto
MLB2709358619;68965;7908575948532;Kit 02 Poltronas Melissa Suede Cinza Base De Madeira Cinza Liso;2022-07-07;;active;;Classico;Por conta do comprador;250;item;0;;;;
MLB2672730252;67429;7908575938861;Poltrona Stella Suede Verde Pés Palito Castanho Verde Liso;2022-06-09;;active;;Classico;Por conta do comprador;318;item;0;;;;
MLB2678212956;67657;7908575940161;Kit 02 Poltronas Stella Veludo Verde Esmeralda Pés Palito Verde Liso;2022-06-14;;active;;Premium;Por conta do comprador;164;item;0;;;;
MLB2709429226;69091;;Kit 02 Poltronas Melissa Corino Base De Madeira;2022-07-07;;active;;Classico;Por conta do comprador;250;variation;1;;;174776240202;Cor: Bege
MLB2709429226;69091;;Kit 02 Poltronas Melissa Corino Base De Madeira;2022-07-07;;active;;Classico;Por conta do comprador;250;variation;1;;;174776240203;Cor: Branco
MLB2709429226;69091;;Kit 02 Poltronas Melissa Corino Base De Madeira;2022-07-07;;active;;Classico;Por conta do comprador;250;variation;1;;;174776240204;Cor: Preto
MLB2709333977;68979;7908575948679;Kit 02 Poltronas Melissa Suede Verde Base De Madeira Verde Liso;2022-07-07;;active;;Premium;Por conta do comprador;250;item;0;;;;
MLB2678296417;67663;7908575938069;Poltrona Stella Corino Bege Pés Palito Natural - D'rossi Bege Liso;2022-06-14;;active;;Premium;Por conta do comprador;317;item;0;;;;
MLB2709422482;69089;7908575954939;Kit 02 Poltronas Melissa Corino Preto Base De Madeira Preto Liso;2022-07-07;;active;;Premium;Por conta do comprador;250;item;0;;;;
MLB2674423569;67495;7908575935747;Kit 02 Poltronas Stella Corano Nozes Pés Palito Castanho Marrom Liso;2022-06-10;;active;;Classico;Por conta do comprador;148;item;0;;;;
MLB2676676287;36693;7908439208918;Poltrona Stella Corano Nozes Com Linho Bege A19 Multicolorido Liso;2022-06-13;;active;;Premium;Frete gratis;317;item;0;;;;
MLB2672479844;67331;7908575935143;Kit 02 Poltronas Stella Corano Nozes Com Linho Bege A19 Colorido Liso;2022-06-09;;active;;Premium;Por conta do comprador;148;item;0;;;;
MLB2709298888;68935;7908575948464;Poltrona Melissa Suede Azul Marinho Base De Madeira Azul Liso;2022-07-07;;active;;Classico;Por conta do comprador;500;item;0;;;;
MLB2709428795;69085;7908575954892;Kit 02 Poltronas Melissa Corino Bege Base De Madeira Bege Liso;2022-07-07;;active;;Premium;Por conta do comprador;250;item;0;;;;
MLB2678170951;67643;7908575940239;Poltrona Stella Veludo Cinza Pés Palito Natural Cinza Liso;2022-06-14;;active;;Classico;Por conta do comprador;328;item;0;;;;
MLB2709315488;69041;7908575949294;Kit 02 Poltronas Melissa Veludo Rosê Base De Madeira Rose Liso;2022-07-07;;active;;Premium;Por conta do comprador;250;item;0;;;;
MLB2709334905;68987;7908575948945;Poltrona Melissa Corano Preto Base De Madeira Castanho Preto Liso;2022-07-07;;active;;Classico;Por conta do comprador;500;item;0;;;;
MLB2678260525;67677;;Kit 02 Poltronas Stella Corino Pés Palito Natural - D'rossi;2022-06-14;;active;;Premium;Por conta do comprador;158;variation;1;;;174643784052;Cor: Bege
MLB2678260525;67677;;Kit 02 Poltronas Stella Corino Pés Palito Natural - D'rossi;2022-06-14;;active;;Premium;Por conta do comprador;125;variation;1;;;174643784053;Cor: Branco
MLB2678260525;67677;;Kit 02 Poltronas Stella Corino Pés Palito Natural - D'rossi;2022-06-14;;active;;Premium;Por conta do comprador;158;variation;1;;;174643784054;Cor: Preto
MLB2734973661;70225;7908575959507;Kit 04 Banquetas Costela Corano Branco Base Metálica Preto Metal Branco;2022-07-28;;active;;Classico;Por conta do comprador;18;item;0;;;;
MLB2724968522;69617;7908575955875;Puff Giratório Costela Veludo Cinza Base Madeira Ma25 Bege;2022-07-20;;active;;Premium;Por conta do comprador;57;item;0;;;;
MLB2770481897;70275;7908575995963;Kit 02 Poltronas Giovana Suede Marrom Rato Marrom Liso;2022-08-24;;active;;Classico;Por conta do comprador;164;item;0;;;;
MLB2734972995;70199;;Kit 02 Banquetas Costela Corino Base Metálica Preto;2022-07-28;;active;;Premium;Por conta do comprador;123;variation;1;;;174907396884;Cor do assento: Bege
MLB2734972995;70199;;Kit 02 Banquetas Costela Corino Base Metálica Preto;2022-07-28;;active;;Premium;Por conta do comprador;0;variation;1;;;174907396885;Cor do assento: Branco
MLB2734972995;70199;;Kit 02 Banquetas Costela Corino Base Metálica Preto;2022-07-28;;active;;Premium;Por conta do comprador;123;variation;1;;;174907396886;Cor do assento: Preto
MLB2725063090;69679;7908575953260;Kit 02 Poltronas Giratória Costela Corino Bege Base Madeira Bege Liso;2022-07-20;;active;;Premium;Por conta do comprador;14;item;0;;;;
MLB2734972990;70089;7908575955219;Kit 02 Banquetas Costela Linho Grafite Base Metálica Preto Metal Cinza;2022-07-28;;active;;Premium;Por conta do comprador;36;item;0;;;;
MLB2734980119;70161;7908575955455;Kit 02 Banquetas Costela Veludo Bege Base Metálica Preto Metal Bege;2022-07-28;;active;;Classico;Por conta do comprador;36;item;0;;;;
MLB2724706353;69469;7908575957244;Kit 02 Puffs Giratório Costela Suede Azul Base Madeira Azul;2022-07-20;;active;;Premium;Por conta do comprador;28;item;0;;;;
MLB2724738679;69651;7908575953161;Kit 01 Poltrona E 01 Puff Giratório Costela Veludo Bege Bege Liso;2022-07-20;;active;;Premium;Por conta do comprador;1;item;0;;;;
MLB2734942102;70083;7908575955189;Kit 02 Banquetas Costela Linho Areia A27 Base Metálica Preto Metal Bege;2022-07-28;;active;;Classico;Por conta do comprador;1000;item;0;;;;
MLB2734960294;70181;7908575955592;Kit 04 Banquetas Costela Veludo Verde Base Metálica Preto Metal Verde;2022-07-28;;active;;Premium;Por conta do comprador;18;item;0;;;;
MLB2731136925;70023;7908575954854;Estante 01 Porta New 180 Cm Vermont E Preto - D'rossi Castanho;2022-07-25;;active;;Premium;Por conta do comprador;1000;item;0;;;;
MLB2734929281;70169;7908575955493;Kit 02 Banquetas Costela Veludo Verde Base Metálica Preto Metal Verde;2022-07-28;;active;;Classico;Por conta do comprador;36;item;0;;;;
MLB2724700965;69511;7908575961715;Kit 02 Poltronas Giratória Costela Linho Grafite A26 Grafite Liso;2022-07-20;;active;;Classico;Por conta do comprador;14;item;0;;;;
MLB2770481903;70525;7908575996175;Namoradeira 02 Lugares Giovana Suede Marrom Pés Palito Preto Liso;2022-08-24;;active;;Classico;Por conta do comprador;328;item;0;;;;
MLB2731124389;70023;7908575954854;Estante 01 Porta New 180 Cm Vermont E Preto - D'rossi Castanho;2022-07-25;;active;;Classico;Por conta do comprador;1000;item;0;;;;
MLB2724688980;69539-61449;;Kit 1 Poltrona E 1 Puff Giratório Costela Linho Base Madeira;2022-07-20;;active;;Classico;Por conta do comprador;1;variation;1;;;174850434091;Cor: A19 Bege
MLB2724688980;69539-61447;;Kit 1 Poltrona E 1 Puff Giratório Costela Linho Base Madeira;2022-07-20;;active;;Classico;Por conta do comprador;0;variation;1;;;174850434090;Cor: A27 Areia
MLB2724688980;69539-61451;;Kit 1 Poltrona E 1 Puff Giratório Costela Linho Base Madeira;2022-07-20;;active;;Classico;Por conta do comprador;1000;variation;1;;;174850434092;Cor: A05 Cinza
MLB2724688980;69539-61453;;Kit 1 Poltrona E 1 Puff Giratório Costela Linho Base Madeira;2022-07-20;;active;;Classico;Por conta do comprador;1000;variation;1;;;174850434093;Cor: A26 Grafite
MLB2724688980;69539-61457;;Kit 1 Poltrona E 1 Puff Giratório Costela Linho Base Madeira;2022-07-20;;active;;Classico;Por conta do comprador;1000;variation;1;;;174850434095;Cor: A79 Preto
MLB2731141789;70001;7908575954700;Aparador Com Nicho New Hanover E Preto 160 Cm - D'rossi Castanho;2022-07-25;;active;;Premium;Por conta do comprador;1000;item;0;;;;
MLB2770742392;70817;7908575963139;Kit 1 Sofá Namoradeira 1 Poltrona Giovana Linho Areia A27 Liso;2022-08-24;;active;;Premium;Por conta do comprador;164;item;0;;;;
MLB2770755002;70641;;Kit 01 Namoradeira E 02 Poltronas Giovana Linho;2022-08-24;;active;;Premium;Por conta do comprador;83;variation;1;;;175099809436;Cor: A27 Areia
MLB2770755002;70641;;Kit 01 Namoradeira E 02 Poltronas Giovana Linho;2022-08-24;;active;;Premium;Por conta do comprador;83;variation;1;;;175099809437;Cor: A19 Bege
MLB2770755002;70641;;Kit 01 Namoradeira E 02 Poltronas Giovana Linho;2022-08-24;;active;;Premium;Por conta do comprador;83;variation;1;;;175099809438;Cor: A05 Cinza
MLB2770755002;70641;;Kit 01 Namoradeira E 02 Poltronas Giovana Linho;2022-08-24;;active;;Premium;Por conta do comprador;83;variation;1;;;175099809439;Cor: A26 Grafite
MLB2770755002;70641;;Kit 01 Namoradeira E 02 Poltronas Giovana Linho;2022-08-24;;active;;Premium;Por conta do comprador;0;variation;1;;;175099809440;Cor: A32 Palha
MLB2770755002;70641;;Kit 01 Namoradeira E 02 Poltronas Giovana Linho;2022-08-24;;active;;Premium;Por conta do comprador;83;variation;1;;;175099809441;Cor: A79 Preto
MLB2783215067;71477;7908575937857;Kit 02 Poltronas Giratória Stella Corino Branco Base Cromada Branco Liso;2022-09-02;;active;;Premium;Por conta do comprador;500;item;0;;;;
MLB2781366035;71113;7908575940437;Poltrona Giratória Stella Suede Preto Base Madeira Ma30 Preto Liso;2022-09-01;;active;;Premium;Por conta do comprador;1000;item;0;;;;
MLB2783172926;71451;;Poltrona Giratória Stella Veludo Base Cromada - D'rossi;2022-09-02;;active;;Premium;Por conta do comprador;535;variation;1;;;175164905862;Cor: Bege
MLB2783172926;71451;;Poltrona Giratória Stella Veludo Base Cromada - D'rossi;2022-09-02;;active;;Premium;Por conta do comprador;1000;variation;1;;;175164905863;Cor: Cinza
MLB2783172926;71451;;Poltrona Giratória Stella Veludo Base Cromada - D'rossi;2022-09-02;;active;;Premium;Por conta do comprador;1000;variation;1;;;175164905864;Cor: Preto
MLB2783172926;71451;;Poltrona Giratória Stella Veludo Base Cromada - D'rossi;2022-09-02;;active;;Premium;Por conta do comprador;1000;variation;1;;;175164905865;Cor: Rose
MLB2783172926;71451;;Poltrona Giratória Stella Veludo Base Cromada - D'rossi;2022-09-02;;active;;Premium;Por conta do comprador;1000;variation;1;;;175164905866;Cor: Verde
MLB2794001833;71875;7908575976238;Namoradeira 02 Lugares Stella Corano Nozes Com Linho Bege Branco Liso;2022-09-12;;active;;Premium;Por conta do comprador;296;item;0;;;;
MLB2783166547;71441;7908575939424;Poltrona Giratória Stella Veludo Bege Base Cromada - D'rossi Branco Liso;2022-09-02;;active;;Premium;Por conta do comprador;1000;item;0;;;;
MLB2781266835;71103;7908575940277;Poltrona Giratória Stella Suede Bege Base Madeira Ma30 Bege Liso;2022-09-01;;active;;Premium;Por conta do comprador;997;item;0;;;;
MLB2787784327;71501;7908575974586;Namoradeira 02 Lugares Stella Corano Nozes Com Linho Bege Bege Liso;2022-09-06;;active;;Premium;Por conta do comprador;317;item;0;;;;
MLB2791864150;71729;7908575975644;Kit 01 Namoradeira E 01 Poltrona Stella Linho Cinza A05 Cinza Liso;2022-09-09;;active;;Classico;Por conta do comprador;164;item;0;;;;
MLB2781286750;71099;7908575940314;Poltrona Giratória Stella Suede Azul Base Madeira Ma30 Azul Liso;2022-09-01;;active;;Classico;Por conta do comprador;997;item;0;;;;
MLB2783260246;71465;;Kit 02 Poltronas Giratória Stella Veludo Base Cromada;2022-09-02;;active;;Premium;Por conta do comprador;500;variation;1;;;175165596716;Cor: Bege
MLB2783260246;71465;;Kit 02 Poltronas Giratória Stella Veludo Base Cromada;2022-09-02;;active;;Premium;Por conta do comprador;500;variation;1;;;175165596717;Cor: Cinza
MLB2783260246;71465;;Kit 02 Poltronas Giratória Stella Veludo Base Cromada;2022-09-02;;active;;Premium;Por conta do comprador;500;variation;1;;;175165596718;Cor: Preto
MLB2783260246;71465;;Kit 02 Poltronas Giratória Stella Veludo Base Cromada;2022-09-02;;active;;Premium;Por conta do comprador;500;variation;1;;;175165596719;Cor: Rose
MLB2783260246;71465;;Kit 02 Poltronas Giratória Stella Veludo Base Cromada;2022-09-02;;active;;Premium;Por conta do comprador;500;variation;1;;;175165596720;Cor: Verde
MLB2791781771;71649;7908575975286;Namoradeira 02 Lugares Stella Suede Marrom Pés Palito Marrom Liso;2022-09-09;;active;;Premium;Por conta do comprador;328;item;0;;;;
MLB2781317128;71115;7908575940635;Poltrona Giratória Stella Suede Rosa Bebê Base Madeira Ma30 Rosa Liso;2022-09-01;;active;;Premium;Por conta do comprador;1000;item;0;;;;
MLB2781367247;71121;;Poltrona Sala Stella Base Giratória Ma30 Suede D'rossi;2022-09-01;;active;;Premium;Por conta do comprador;995;variation;1;;;175156671246;Cor: Bege
MLB2781367247;71121;;Poltrona Sala Stella Base Giratória Ma30 Suede D'rossi;2022-09-01;;active;;Premium;Por conta do comprador;995;variation;1;;;175156671247;Cor: Azul-marinho
MLB2781367247;71121;;Poltrona Sala Stella Base Giratória Ma30 Suede D'rossi;2022-09-01;;active;;Premium;Por conta do comprador;998;variation;1;;;175156671249;Cor: Cinza
MLB2781367247;71121;;Poltrona Sala Stella Base Giratória Ma30 Suede D'rossi;2022-09-01;;active;;Premium;Por conta do comprador;1000;variation;1;;;175156671250;Cor: Grafite
MLB2781367247;71121;;Poltrona Sala Stella Base Giratória Ma30 Suede D'rossi;2022-09-01;;active;;Premium;Por conta do comprador;1000;variation;1;;;175156671251;Cor: Marrom
MLB2781367247;71121;;Poltrona Sala Stella Base Giratória Ma30 Suede D'rossi;2022-09-01;;active;;Premium;Por conta do comprador;998;variation;1;;;175156671252;Cor: Marrom rato
MLB2781367247;71121;;Poltrona Sala Stella Base Giratória Ma30 Suede D'rossi;2022-09-01;;active;;Premium;Por conta do comprador;1000;variation;1;;;175156671253;Cor: Preto
MLB2781367247;71121;;Poltrona Sala Stella Base Giratória Ma30 Suede D'rossi;2022-09-01;;active;;Premium;Por conta do comprador;1000;variation;1;;;175156671254;Cor: Rosa bebê
MLB2781367247;71121;;Poltrona Sala Stella Base Giratória Ma30 Suede D'rossi;2022-09-01;;active;;Premium;Por conta do comprador;1000;variation;1;;;175156671255;Cor: Rose
MLB2781367247;71121;;Poltrona Sala Stella Base Giratória Ma30 Suede D'rossi;2022-09-01;;active;;Premium;Por conta do comprador;1000;variation;1;;;175156671256;Cor: Verde
MLB2783273081;71461;7908575939554;Kit 02 Poltronas Giratória Stella Veludo Rosê Base Cromada Rosa Liso;2022-09-02;;active;;Premium;Por conta do comprador;500;item;0;;;;
MLB2791776565;71677;7908575975415;Kit 01 Namoradeira E 01 Poltrona Stella Suede Preto Preto Liso;2022-09-09;;active;;Premium;Por conta do comprador;164;item;0;;;;
MLB2783266621;71481;;Kit 02 Poltronas Giratória Stella Corino Base Cromada;2022-09-02;;active;;Premium;Por conta do comprador;500;variation;1;;;175165579048;Cor: Bege
MLB2783266621;71481;;Kit 02 Poltronas Giratória Stella Corino Base Cromada;2022-09-02;;active;;Premium;Por conta do comprador;500;variation;1;;;175165579049;Cor: Branco
MLB2783266621;71481;;Kit 02 Poltronas Giratória Stella Corino Base Cromada;2022-09-02;;active;;Premium;Por conta do comprador;0;variation;1;;;175165579050;Cor: Preto
MLB2791857739;71727;7908575975637;Kit 01 Namoradeira E 01 Poltrona Stella Linho Bege A19 Bege Liso;2022-09-09;;active;;Classico;Por conta do comprador;158;item;0;;;;
MLB2791917915;71799;;Namoradeira 02 Lugares Stella Veludo Pés Palito Natural;2022-09-09;;active;;Classico;Por conta do comprador;250;variation;1;;;175212996844;Cor: Bege
MLB2791917915;71799;;Namoradeira 02 Lugares Stella Veludo Pés Palito Natural;2022-09-09;;active;;Classico;Por conta do comprador;250;variation;1;;;175212996845;Cor: Cinza
MLB2791917915;71799;;Namoradeira 02 Lugares Stella Veludo Pés Palito Natural;2022-09-09;;active;;Classico;Por conta do comprador;250;variation;1;;;175212996846;Cor: Preto
MLB2791917915;71799;;Namoradeira 02 Lugares Stella Veludo Pés Palito Natural;2022-09-09;;active;;Classico;Por conta do comprador;250;variation;1;;;175212996847;Cor: Rose
MLB2791917915;71799;;Namoradeira 02 Lugares Stella Veludo Pés Palito Natural;2022-09-09;;active;;Classico;Por conta do comprador;250;variation;1;;;175212996848;Cor: Verde
MLB2781432192;71151;;Poltrona Giratória Stella Linho Base Madeira Ma30 - D'rossi;2022-09-01;;active;;Classico;Por conta do comprador;995;variation;1;;;175156718693;Cor: A19 Bege
MLB2781432192;71151;;Poltrona Giratória Stella Linho Base Madeira Ma30 - D'rossi;2022-09-01;;active;;Classico;Por conta do comprador;995;variation;1;;;175156718694;Cor: A27 Areia
MLB2781432192;71151;;Poltrona Giratória Stella Linho Base Madeira Ma30 - D'rossi;2022-09-01;;active;;Classico;Por conta do comprador;999;variation;1;;;175156718695;Cor: A05 Cinza
MLB2781432192;71151;;Poltrona Giratória Stella Linho Base Madeira Ma30 - D'rossi;2022-09-01;;active;;Classico;Por conta do comprador;995;variation;1;;;175156718696;Cor: A26 Grafite
MLB2781432192;71151;;Poltrona Giratória Stella Linho Base Madeira Ma30 - D'rossi;2022-09-01;;active;;Classico;Por conta do comprador;998;variation;1;;;175156718698;Cor: A79 Preto
MLB2791850753;71729;7908575975644;Kit 01 Namoradeira E 01 Poltrona Stella Linho Cinza A05 Cinza Liso;2022-09-09;;active;;Premium;Por conta do comprador;164;item;0;;;;
MLB2803421524;72309;7908575978171;1 Namoradeira E 2 Poltronas Stella Corano Com Linho Cinza Cinza Liso;2022-09-19;;active;;Classico;Por conta do comprador;1000;item;0;;;;
MLB2799782772;72223;;Kit 01 Namoradeira 02 Lugares E 02 Poltronas Stella Corino;2022-09-15;;active;;Premium;Por conta do comprador;87;variation;1;;;175254447639;Cor: Bege
MLB2799782772;72223;;Kit 01 Namoradeira 02 Lugares E 02 Poltronas Stella Corino;2022-09-15;;active;;Premium;Por conta do comprador;106;variation;1;;;175254447640;Cor: Branco
MLB2799782772;72223;;Kit 01 Namoradeira 02 Lugares E 02 Poltronas Stella Corino;2022-09-15;;active;;Premium;Por conta do comprador;83;variation;1;;;175254447641;Cor: Preto
MLB2819082520;72931;7908575968813;Cadeira De Jantar Liz Suede Marrom Base Fixa Madeira Tabaco Liso Marrom;2022-09-27;;active;;Premium;Por conta do comprador;24;item;0;;;;
MLB2799513653;72023;;Namoradeira 02 Lugares Stella Linho Pés Palito Castanho;2022-09-15;;active;;Premium;Por conta do comprador;251;variation;1;;;175253889711;Cor: A27 Areia
MLB2799513653;72023;;Namoradeira 02 Lugares Stella Linho Pés Palito Castanho;2022-09-15;;active;;Premium;Por conta do comprador;1001;variation;1;;;175253889712;Cor: A19 Bege
MLB2799513653;72023;;Namoradeira 02 Lugares Stella Linho Pés Palito Castanho;2022-09-15;;active;;Premium;Por conta do comprador;318;variation;1;;;175253889713;Cor: A05 Cinza
MLB2799513653;72023;;Namoradeira 02 Lugares Stella Linho Pés Palito Castanho;2022-09-15;;active;;Premium;Por conta do comprador;317;variation;1;;;175253889714;Cor: A26 Grafite
MLB2799513653;72023;;Namoradeira 02 Lugares Stella Linho Pés Palito Castanho;2022-09-15;;active;;Premium;Por conta do comprador;318;variation;1;;;175253889716;Cor: A79 Preto
MLB2819018329;72935;7908575968509;Cadeira De Jantar Liz Suede Preto Base Fixa Madeira Tabaco Liso Preto;2022-09-27;;active;;Premium;Por conta do comprador;24;item;0;;;;
MLB2819383086;73059;7908575968905;Poltrona Cadeira Sala De Jantar Suede Cinza Base Madeira Liz Liso Cinza;2022-09-27;;active;;Premium;Frete gratis;123;item;0;;;;
MLB2799753837;72221;7908575977778;Kit 01 Namoradeira  02 Poltronas Stella Corino Preto Preto Liso;2022-09-15;;active;;Premium;Por conta do comprador;98;item;0;;;;
MLB2799501047;72011;;Namoradeira 02 Lugares Stella Suede Pés Palito Castanho;2022-09-15;;active;;Premium;Por conta do comprador;254;variation;1;;;175253945677;Cor: Bege
MLB2799501047;72011;;Namoradeira 02 Lugares Stella Suede Pés Palito Castanho;2022-09-15;;active;;Premium;Por conta do comprador;251;variation;1;;;175253945678;Cor: Azul-marinho
MLB2799501047;72011;;Namoradeira 02 Lugares Stella Suede Pés Palito Castanho;2022-09-15;;active;;Premium;Por conta do comprador;0;variation;1;;;175253945679;Cor: Azul-turquesa
MLB2799501047;72011;;Namoradeira 02 Lugares Stella Suede Pés Palito Castanho;2022-09-15;;active;;Premium;Por conta do comprador;318;variation;1;;;175253945680;Cor: Cinza
MLB2799501047;72011;;Namoradeira 02 Lugares Stella Suede Pés Palito Castanho;2022-09-15;;active;;Premium;Por conta do comprador;318;variation;1;;;175253945681;Cor: Grafite
MLB2799501047;72011;;Namoradeira 02 Lugares Stella Suede Pés Palito Castanho;2022-09-15;;active;;Premium;Por conta do comprador;318;variation;1;;;175253945682;Cor: Marrom
MLB2799501047;72011;;Namoradeira 02 Lugares Stella Suede Pés Palito Castanho;2022-09-15;;active;;Premium;Por conta do comprador;318;variation;1;;;175253945683;Cor: Marrom rato
MLB2799501047;72011;;Namoradeira 02 Lugares Stella Suede Pés Palito Castanho;2022-09-15;;active;;Premium;Por conta do comprador;318;variation;1;;;175253945684;Cor: Preto
MLB2799501047;72011;;Namoradeira 02 Lugares Stella Suede Pés Palito Castanho;2022-09-15;;active;;Premium;Por conta do comprador;318;variation;1;;;175253945685;Cor: Rosa bebê
MLB2799501047;72011;;Namoradeira 02 Lugares Stella Suede Pés Palito Castanho;2022-09-15;;active;;Premium;Por conta do comprador;318;variation;1;;;175253945686;Cor: Rose
MLB2799501047;72011;;Namoradeira 02 Lugares Stella Suede Pés Palito Castanho;2022-09-15;;active;;Premium;Por conta do comprador;318;variation;1;;;175253945687;Cor: Verde
MLB2803197909;72259;7908575977921;Namoradeira E 01 Poltrona Stella Corano Com Linho Preto Preto Liso;2022-09-19;;active;;Premium;Por conta do comprador;1000;item;0;;;;
MLB2819451087;73105;7908575968967;Kit 04 Cadeiras De Jantar Liz Suede Grafite Base Fixa Liso Grafite;2022-09-27;;active;;Premium;Por conta do comprador;30;item;0;;;;
MLB2820002028;59749;7908477271028;Cabeceira Malibu Para Cama Box Queen 160 Cm Suede Bege Bege;2022-09-27;;active;;Premium;Frete gratis;1000;item;0;;;;
MLB2816521646;72797;7908575969476;Cadeira De Jantar Liz Suede Grafite Base Madeira Castanho Liso Grafite;2022-09-26;;active;;Premium;Frete gratis;194;item;0;;;;
MLB2820008548;59923;7908477272759;Cabeceira Malibu Para Cama Box King 195 Cm Corino Branco Branco;2022-09-27;;active;;Premium;Frete gratis;1000;item;0;;;;
MLB2820023417;59923;7908477272759;Cabeceira Malibu Para Cama Box King 195 Cm Corino Branco Branco;2022-09-27;;active;;Classico;Frete gratis;1000;item;0;;;;
MLB2819501374;73115;7908575971127;Kit 04 Cadeiras De Jantar Liz Suede Rosê Base Fixa Madeira Liso Rosa;2022-09-27;;active;;Premium;Por conta do comprador;30;item;0;;;;
MLB2819421020;73089;7908575971424;Kit 02 Cadeiras De Jantar Liz Suede Preto Base Fixa Madeira Liso Preto;2022-09-27;;active;;Premium;Frete gratis;61;item;0;;;;
MLB2807665185;72553;7908575979116;01 Namoradeira E 02 Poltronas Stella Corano Com Linho Areia Bege Liso;2022-09-21;;active;;Classico;Por conta do comprador;318;item;0;;;;
MLB2820392477;73235;7908575972551;Kit 04 Cadeiras De Jantar Liz Corino Preto Base Fixa Madeira Liso Tabaco Preto;2022-09-27;;active;;Premium;Por conta do comprador;6;item;0;;;;
MLB2808604462;72667;7908575979758;Sofá Com 1 Poltrona Stella Base Giratória Ma30 Veludo Verde Verde;2022-09-21;;active;;Premium;Por conta do comprador;318;item;0;;;;
MLB2820360872;73225;7908575971417;Kit 02 Cadeiras De Jantar Liz Corino Bege Base Fixa Madeira Liso Bege;2022-09-27;;active;;Premium;Frete gratis;12;item;0;;;;
MLB2861126480;74272-64824;;Puff Sher Facto Pés Palito De Ferro - D'rossi;2022-10-17;;active;;Classico;Frete gratis;291;variation;1;;;175506723496;Cor: Bege
MLB2861126480;74272-64826;;Puff Sher Facto Pés Palito De Ferro - D'rossi;2022-10-17;;active;;Classico;Frete gratis;291;variation;1;;;175506723497;Cor: Dourado
MLB2861126480;74272-64828;;Puff Sher Facto Pés Palito De Ferro - D'rossi;2022-10-17;;active;;Classico;Frete gratis;0;variation;1;;;175506723498;Cor: Prata
MLB2861126480;74272-64830;;Puff Sher Facto Pés Palito De Ferro - D'rossi;2022-10-17;;active;;Classico;Frete gratis;0;variation;1;;;175506723499;Cor: Preto
MLB2826924382;73423;7908575973763;Kit 02 Cadeiras De Jantar Liz Linho Grafite A26 Base Fixa Liso Grafite;2022-09-30;;active;;Premium;Frete gratis;8;item;0;;;;
MLB2861035964;74338;;Poltrona Sala Sher Pés Palito De Ferro C/ Puff Corano Nozes;2022-10-17;;active;;Premium;Por conta do comprador;194;variation;1;;;175506261789;Cor: Nozes
MLB2861035964;74338;;Poltrona Sala Sher Pés Palito De Ferro C/ Puff Corano Nozes;2022-10-17;;active;;Premium;Por conta do comprador;194;variation;1;;;175506261790;Cor: Branco
MLB2861035964;74338;;Poltrona Sala Sher Pés Palito De Ferro C/ Puff Corano Nozes;2022-10-17;;active;;Premium;Por conta do comprador;194;variation;1;;;175506261791;Cor: Preto
MLB2892434641;73341;7908575971493;Kit 02 Cadeiras Liz Corano Preto Base Fixa Madeira Tabaco;2022-10-25;;active;;Classico;Frete gratis;12;item;0;;;;
MLB2892657522;73679;;Kit 06 Cadeiras De Jantar Liz Linho Base Fixa Madeira Tabaco;2022-10-25;;active;;Premium;Por conta do comprador;166;variation;1;;;175588927189;Cor: A19 Bege
MLB2892657522;73679;;Kit 06 Cadeiras De Jantar Liz Linho Base Fixa Madeira Tabaco;2022-10-25;;active;;Premium;Por conta do comprador;0;variation;1;;;175588927190;Cor: A05 Cinza
MLB2892657522;73679;;Kit 06 Cadeiras De Jantar Liz Linho Base Fixa Madeira Tabaco;2022-10-25;;active;;Premium;Por conta do comprador;2;variation;1;;;175588927191;Cor: A26 Grafite
MLB2892657522;73679;;Kit 06 Cadeiras De Jantar Liz Linho Base Fixa Madeira Tabaco;2022-10-25;;active;;Premium;Por conta do comprador;0;variation;1;;;175588927192;Cor: A32 Palha
MLB2892657522;73679;;Kit 06 Cadeiras De Jantar Liz Linho Base Fixa Madeira Tabaco;2022-10-25;;active;;Premium;Por conta do comprador;0;variation;1;;;175588927193;Cor: A79 Preto
MLB2892798053;73419;7908575973640;Kit 02 Cadeiras De Jantar Liz Linho Bege A19 Base Fixa Liso;2022-10-25;;active;;Classico;Frete gratis;502;item;0;;;;
MLB2860533639;73613;7908575959934;Kit 2 Banquetas Giratória Costela Linho Grafite Base Madeira Madeira Tauarí Grafite;2022-10-17;;active;;Premium;Por conta do comprador;1;item;0;;;;
MLB2891972949;73265;7908575972728;Kit 02 Cadeiras De Jantar Liz Corino Preto Base Fixa Madeira Liso;2022-10-25;;active;;Classico;Por conta do comprador;61;item;0;;;;
MLB2824351593;73353;7908575971516;Kit 06 Cadeiras De Jantar Liz Corano Preto Base Fixa Madeira Liso Preto;2022-09-29;;active;;Premium;Por conta do comprador;4;item;0;;;;
MLB2892797299;73709;7908575981638;Cadeira De Jantar Liz Linho Grafite A26 Base Fixa Madeira Liso;2022-10-25;;active;;Premium;Frete gratis;16;item;0;;;;
MLB2892791158;73649;7908575981287;Kit 2 Cadeiras De Jantar Liz Linho Grafite Base Fixa Madeira Liso;2022-10-25;;active;;Premium;Por conta do comprador;8;item;0;;;;
MLB2892766459;73671;7908575981249;Kit 06 Cadeiras De Jantar Liz Linho Cinza A05 Base Madeira Liso;2022-10-25;;active;;Premium;Por conta do comprador;4;item;0;;;;
MLB2826892351;73427;7908575981041;Kit 02 Cadeiras De Jantar Liz Linho Preto A79 Base Fixa Liso Preto;2022-09-30;;active;;Premium;Por conta do comprador;97;item;0;;;;
MLB2892683385;73855;;Kit 06 Cadeiras De Jantar Liz Linho Base Madeira Castanho;2022-10-25;;active;;Classico;Por conta do comprador;167;variation;1;;;175588941977;Cor: A19 Bege
MLB2892683385;73855;;Kit 06 Cadeiras De Jantar Liz Linho Base Madeira Castanho;2022-10-25;;active;;Classico;Por conta do comprador;0;variation;1;;;175588941978;Cor: A05 Cinza
MLB2892683385;73855;;Kit 06 Cadeiras De Jantar Liz Linho Base Madeira Castanho;2022-10-25;;active;;Classico;Por conta do comprador;2;variation;1;;;175588941979;Cor: A26 Grafite
MLB2892683385;73855;;Kit 06 Cadeiras De Jantar Liz Linho Base Madeira Castanho;2022-10-25;;active;;Classico;Por conta do comprador;0;variation;1;;;175588941980;Cor: A32 Palha
MLB2892683385;73855;;Kit 06 Cadeiras De Jantar Liz Linho Base Madeira Castanho;2022-10-25;;active;;Classico;Por conta do comprador;0;variation;1;;;175588941981;Cor: A79 Preto
MLB2892766439;73713;7908575981751;Cadeira De Jantar Liz Linho Preto A79 Base Fixa Madeira Liso;2022-10-25;;active;;Premium;Frete gratis;123;item;0;;;;
MLB2892772154;73855;;Cadeira Sala Jantar Kit 6 Liz Base Madeira Castanho Linho;2022-10-25;;active;;Premium;Por conta do comprador;167;variation;1;;;175588893840;Cor: A19 Bege
MLB2892772154;73855;;Cadeira Sala Jantar Kit 6 Liz Base Madeira Castanho Linho;2022-10-25;;active;;Premium;Por conta do comprador;0;variation;1;;;175588893841;Cor: A05 Cinza
MLB2892772154;73855;;Cadeira Sala Jantar Kit 6 Liz Base Madeira Castanho Linho;2022-10-25;;active;;Premium;Por conta do comprador;2;variation;1;;;175588893842;Cor: A26 Grafite
MLB2892778782;73643;;Cadeira De Jantar Liz Linho Base Fixa Madeira Tabaco;2022-10-25;;active;;Premium;Frete gratis;1000;variation;1;;;175588916832;Cor: A19 Bege
MLB2892778782;73643;;Cadeira De Jantar Liz Linho Base Fixa Madeira Tabaco;2022-10-25;;active;;Premium;Frete gratis;0;variation;1;;;175588916833;Cor: A05 Cinza
MLB2892778782;73643;;Cadeira De Jantar Liz Linho Base Fixa Madeira Tabaco;2022-10-25;;active;;Premium;Frete gratis;16;variation;1;;;175588916834;Cor: A26 Grafite
MLB2892778782;73643;;Cadeira De Jantar Liz Linho Base Fixa Madeira Tabaco;2022-10-25;;active;;Premium;Frete gratis;0;variation;1;;;175588916835;Cor: A32 Palha
MLB2892778782;73643;;Cadeira De Jantar Liz Linho Base Fixa Madeira Tabaco;2022-10-25;;active;;Premium;Frete gratis;0;variation;1;;;175588916836;Cor: A79 Preto
MLB2826905016;73421;7908575973688;Kit 02 Cadeiras De Jantar Liz Linho Cinza A05 Base Fixa Liso Cinza;2022-09-30;;active;;Premium;Frete gratis;97;item;0;;;;
MLB2861068113;74338;;Poltrona Tipo Costela C/ Puff Sher Corano Pés Deferro;2022-10-17;;active;;Classico;Por conta do comprador;194;variation;1;;;175506282225;Cor: Nozes
MLB2861068113;74338;;Poltrona Tipo Costela C/ Puff Sher Corano Pés Deferro;2022-10-17;;active;;Classico;Por conta do comprador;194;variation;1;;;175506282226;Cor: Branco
MLB2861068113;74338;;Poltrona Tipo Costela C/ Puff Sher Corano Pés Deferro;2022-10-17;;active;;Classico;Por conta do comprador;194;variation;1;;;175506282227;Cor: Preto
MLB2892760002;73689;7908575981430;Kit 08 Cadeiras De Jantar Liz Linho Preto A79 Base Madeira Liso;2022-10-25;;active;;Premium;Por conta do comprador;3;item;0;;;;
MLB2781452364;71193;;Poltrona Giratória Stella Veludo Base Madeira Ma30 - D'rossi;2022-09-01;;active;;Classico;Por conta do comprador;1000;variation;1;;;175156990196;Cor: Bege
MLB2781452364;71193;;Poltrona Giratória Stella Veludo Base Madeira Ma30 - D'rossi;2022-09-01;;active;;Classico;Por conta do comprador;1000;variation;1;;;175156990197;Cor: Cinza
MLB2781452364;71193;;Poltrona Giratória Stella Veludo Base Madeira Ma30 - D'rossi;2022-09-01;;active;;Classico;Por conta do comprador;1000;variation;1;;;175156990198;Cor: Preto
MLB2781452364;71193;;Poltrona Giratória Stella Veludo Base Madeira Ma30 - D'rossi;2022-09-01;;active;;Classico;Por conta do comprador;1000;variation;1;;;175156990199;Cor: Rose
MLB2781452364;71193;;Poltrona Giratória Stella Veludo Base Madeira Ma30 - D'rossi;2022-09-01;;active;;Classico;Por conta do comprador;1000;variation;1;;;175156990200;Cor: Verde
MLB2770461736;70247;7908575995727;Poltrona Giovana Suede Grafite Pés Palito Natural - D'rossi Cinza Liso;2022-08-24;;active;;Premium;Por conta do comprador;328;item;0;;;;
MLB2770468003;70615;7908575996618;Kit 01 Namoradeira E 02 Poltronas Giovana Suede Marrom Marrom Liso;2022-08-24;;active;;Premium;Por conta do comprador;109;item;0;;;;
MLB2770461758;70617;7908575996625;Kit 01 Namoradeira E 02 Poltronas Giovana Suede Marrom Rato Marrom Liso;2022-08-24;;active;;Premium;Por conta do comprador;109;item;0;;;;
MLB2781790008;71221;;Kit 02 Poltronas Giratória Stella Corino Base Madeira;2022-09-01;;active;;Premium;Por conta do comprador;497;variation;1;;;175158035062;Cor: Bege
MLB2781790008;71221;;Kit 02 Poltronas Giratória Stella Corino Base Madeira;2022-09-01;;active;;Premium;Por conta do comprador;500;variation;1;;;175158035063;Cor: Branco
MLB2781790008;71221;;Kit 02 Poltronas Giratória Stella Corino Base Madeira;2022-09-01;;active;;Premium;Por conta do comprador;497;variation;1;;;175158035064;Cor: Preto
MLB2781789475;71157;;Kit 02 Poltronas Giratória Stella Linho Base Madeira;2022-09-01;;active;;Premium;Por conta do comprador;497;variation;1;;;175158034261;Cor: A19 Bege
MLB2781789475;71157;;Kit 02 Poltronas Giratória Stella Linho Base Madeira;2022-09-01;;active;;Premium;Por conta do comprador;497;variation;1;;;175158034262;Cor: A27 Areia
MLB2781789475;71157;;Kit 02 Poltronas Giratória Stella Linho Base Madeira;2022-09-01;;active;;Premium;Por conta do comprador;499;variation;1;;;175158034263;Cor: A05 Cinza
MLB2781789475;71157;;Kit 02 Poltronas Giratória Stella Linho Base Madeira;2022-09-01;;active;;Premium;Por conta do comprador;497;variation;1;;;175158034264;Cor: A26 Grafite
MLB2781789475;71157;;Kit 02 Poltronas Giratória Stella Linho Base Madeira;2022-09-01;;active;;Premium;Por conta do comprador;499;variation;1;;;175158034266;Cor: A79 Preto
MLB2770404869;70263;7908575995901;Kit 02 Poltronas Giovana Suede Azul Marinho Pés Palito Azul Liso;2022-08-24;;active;;Premium;Por conta do comprador;164;item;0;;;;
MLB2781721845;71133;7908575940406;Kit 02 Poltronas Giratória Stella Suede Marrom Base Madeira Marrom Liso;2022-09-01;;active;;Classico;Por conta do comprador;500;item;0;;;;
MLB2770314553;70371;7908575998353;Kit 02 Poltronas Giovana Corano Nozes Pés Palito Natural Marrom Liso;2022-08-24;;active;;Premium;Por conta do comprador;164;item;0;;;;
MLB2772051505;70385;7908575998643;Kit 02 Poltronas Giovana Corino Bege Pés Palito Bege Liso;2022-08-25;;active;;Classico;Por conta do comprador;164;item;0;;;;
MLB2772886144;70705;7908670801749;Kit 01 Namoradeira E 02 Poltronas Giovana Linho Preto A79 Preto Liso;2022-08-25;;active;;Premium;Por conta do comprador;106;item;0;;;;
MLB2770455728;70535;7908575996229;Sofá 2 Lugares Giovana Pé Palito Natural Suede Verde Verde Liso;2022-08-24;;active;;Premium;Por conta do comprador;328;item;0;;;;
MLB2772155112;70843;7908575998087;Kit 01 Namoradeira E 01 Poltrona Giovana Veludo Bege Bege Liso;2022-08-25;;active;;Classico;Por conta do comprador;164;item;0;;;;
MLB2781702889;71145;;Poltrona Stella Kit 2 Suede Base Madeira Giratória Ma30;2022-09-01;;active;;Premium;Por conta do comprador;497;variation;1;;;175158002339;Cor: Bege
MLB2781702889;71145;;Poltrona Stella Kit 2 Suede Base Madeira Giratória Ma30;2022-09-01;;active;;Premium;Por conta do comprador;497;variation;1;;;175158002340;Cor: Azul-marinho
MLB2781702889;71145;;Poltrona Stella Kit 2 Suede Base Madeira Giratória Ma30;2022-09-01;;active;;Premium;Por conta do comprador;499;variation;1;;;175158002342;Cor: Cinza
MLB2781702889;71145;;Poltrona Stella Kit 2 Suede Base Madeira Giratória Ma30;2022-09-01;;active;;Premium;Por conta do comprador;500;variation;1;;;175158002343;Cor: Grafite
MLB2781702889;71145;;Poltrona Stella Kit 2 Suede Base Madeira Giratória Ma30;2022-09-01;;active;;Premium;Por conta do comprador;500;variation;1;;;175158002344;Cor: Marrom
MLB2781702889;71145;;Poltrona Stella Kit 2 Suede Base Madeira Giratória Ma30;2022-09-01;;active;;Premium;Por conta do comprador;499;variation;1;;;175158002345;Cor: Marrom rato
MLB2781702889;71145;;Poltrona Stella Kit 2 Suede Base Madeira Giratória Ma30;2022-09-01;;active;;Premium;Por conta do comprador;500;variation;1;;;175158002346;Cor: Preto
MLB2781702889;71145;;Poltrona Stella Kit 2 Suede Base Madeira Giratória Ma30;2022-09-01;;active;;Premium;Por conta do comprador;500;variation;1;;;175158002347;Cor: Rosa bebê
MLB2781702889;71145;;Poltrona Stella Kit 2 Suede Base Madeira Giratória Ma30;2022-09-01;;active;;Premium;Por conta do comprador;500;variation;1;;;175158002348;Cor: Rose
MLB2781702889;71145;;Poltrona Stella Kit 2 Suede Base Madeira Giratória Ma30;2022-09-01;;active;;Premium;Por conta do comprador;500;variation;1;;;175158002349;Cor: Verde
MLB2779300187;70789;;Kit 02 Poltronas Giratória Giovana Corano Base Cromada;2022-08-30;;active;;Classico;Por conta do comprador;500;variation;1;;;175144610120;Cor: Branco
MLB2779300187;70789;;Kit 02 Poltronas Giratória Giovana Corano Base Cromada;2022-08-30;;active;;Classico;Por conta do comprador;500;variation;1;;;175144610121;Cor: Nozes
MLB2779300187;70789;;Kit 02 Poltronas Giratória Giovana Corano Base Cromada;2022-08-30;;active;;Classico;Por conta do comprador;500;variation;1;;;175144610122;Cor: Preto
MLB2774255962;70441;7908575947627;Kit 02 Poltronas Giovana Linho Preto Pés Palito De Ferro Preto Liso;2022-08-26;;active;;Classico;Por conta do comprador;145;item;0;;;;
MLB2774280731;64629;7908575916616;Kit 02 Poltronas Giovana Linho Bege A19 Pés Palito De Ferro Bege Liso;2022-08-26;;active;;Premium;Por conta do comprador;145;item;0;;;;
MLB2779237841;70789;;Kit 02 Poltronas Giratória Giovana Corano Base Cromada;2022-08-30;;active;;Premium;Por conta do comprador;500;variation;1;;;175144483077;Cor: Branco
MLB2779237841;70789;;Kit 02 Poltronas Giratória Giovana Corano Base Cromada;2022-08-30;;active;;Premium;Por conta do comprador;500;variation;1;;;175144483078;Cor: Nozes
MLB2779237841;70789;;Kit 02 Poltronas Giratória Giovana Corano Base Cromada;2022-08-30;;active;;Premium;Por conta do comprador;500;variation;1;;;175144483079;Cor: Preto
MLB2772035695;70663;7908575998223;Kit 01 Namoradeira E 02 Poltronas Giovana Veludo Verde Verde Liso;2022-08-25;;active;;Premium;Por conta do comprador;109;item;0;;;;
MLB2772029186;70843;7908575998087;Kit 01 Namoradeira E 01 Poltrona Giovana Veludo Bege Bege Liso;2022-08-25;;active;;Premium;Por conta do comprador;164;item;0;;;;
MLB2891603873;73097;7908575968165;Kit 04 Cadeiras De Jantar Liz Suede Azul Marinho Base Fixa Liso Azul;2022-10-25;;active;;Classico;Por conta do comprador;30;item;0;;;;
MLB3025869727;76636;;Puff Stella Corino Base Madeira Castanho - D'rossi;2022-12-06;;active;;Premium;Por conta do comprador;256;variation;1;;;176027575374;Cor: Bege
MLB3025869727;76636;;Puff Stella Corino Base Madeira Castanho - D'rossi;2022-12-06;;active;;Premium;Por conta do comprador;273;variation;1;;;176027575375;Cor: Branco
MLB3025869727;76636;;Puff Stella Corino Base Madeira Castanho - D'rossi;2022-12-06;;active;;Premium;Por conta do comprador;273;variation;1;;;176027575376;Cor: Preto
MLB2949349673;75610;;Kit 02 Poltronas Lana Corano Base De Madeira - D'rossi;2022-11-14;;active;;Premium;Por conta do comprador;136;variation;1;;;175770766674;Cor: Nozes
MLB2949349673;75610;;Kit 02 Poltronas Lana Corano Base De Madeira - D'rossi;2022-11-14;;active;;Premium;Por conta do comprador;136;variation;1;;;175770766675;Cor: Branco
MLB2949349673;75610;;Kit 02 Poltronas Lana Corano Base De Madeira - D'rossi;2022-11-14;;active;;Premium;Por conta do comprador;136;variation;1;;;175770766676;Cor: Preto
MLB2894036789;74019;7908575981461;Sofá 03 Lugares Juliette Corino Preto Base Madeira Castanho Cinza Liso;2022-10-26;;active;;Classico;Por conta do comprador;1000;item;0;;;;
MLB2891462193;73067;7908575968936;Cadeira De Jantar Liz Suede Preto Base Fixa Madeira Preto Liso Preto;2022-10-25;;active;;Classico;Frete gratis;123;item;0;;;;
MLB3000967201;76352;7908670832132;Poltrona Sala De Estar Stella Sintético Bege Base Madeira Bege Liso;2022-11-29;;active;;Classico;Frete gratis;995;item;0;;;;
MLB2978409638;75998;;Kit 02 Poltronas Mari Corano Pés Palito De Ferro Preto;2022-11-21;;active;;Classico;Por conta do comprador;145;variation;1;;;175861542924;Cor: Nozes
MLB2978409638;75998;;Kit 02 Poltronas Mari Corano Pés Palito De Ferro Preto;2022-11-21;;active;;Classico;Por conta do comprador;145;variation;1;;;175861542925;Cor: Branco
MLB2978409638;75998;;Kit 02 Poltronas Mari Corano Pés Palito De Ferro Preto;2022-11-21;;active;;Classico;Por conta do comprador;145;variation;1;;;175861542926;Cor: Preto
MLB2977044957;75806;;Kit 02 Poltronas Lana Veludo Base De Madeira - D'rossi;2022-11-21;;active;;Premium;Por conta do comprador;136;variation;1;;;175856709712;Cor: Bege
MLB2977044957;75806;;Kit 02 Poltronas Lana Veludo Base De Madeira - D'rossi;2022-11-21;;active;;Premium;Por conta do comprador;136;variation;1;;;175856709713;Cor: Cinza
MLB2977044957;75806;;Kit 02 Poltronas Lana Veludo Base De Madeira - D'rossi;2022-11-21;;active;;Premium;Por conta do comprador;136;variation;1;;;175856709714;Cor: Preto
MLB2977044957;75806;;Kit 02 Poltronas Lana Veludo Base De Madeira - D'rossi;2022-11-21;;active;;Premium;Por conta do comprador;136;variation;1;;;175856709715;Cor: Rose
MLB2977044957;75806;;Kit 02 Poltronas Lana Veludo Base De Madeira - D'rossi;2022-11-21;;active;;Premium;Por conta do comprador;136;variation;1;;;175856709716;Cor: Verde
MLB2976960990;75800;7908670825530;Kit 02 Poltronas Lana Veludo Preto Base De Madeira - D'rossi Preto Liso;2022-11-21;;active;;Classico;Por conta do comprador;136;item;0;;;;
MLB2933154362;75346;7908670800407;Poltrona Giratória Alabama Veludo Marrom Base De Madeira Marrom Liso;2022-11-09;;active;;Premium;Por conta do comprador;1000;item;0;;;;
MLB2894007019;74023;7908575981478;Sofá 03 Lugares Juliette Corano Branco Base Madeira Castanho Branco Liso;2022-10-26;;active;;Premium;Por conta do comprador;1000;item;0;;;;
MLB2907665950;75071;7908477228633;Sofá 03 Lugares Arezzo Suede Rosa Bebê Pés Chanfrado Rosa Liso;2022-10-31;;active;;Classico;Por conta do comprador;1000;item;0;;;;
MLB2949464525;75604;7908670824212;Kit 02 Poltronas Lana Corano Branco Base De Madeira Branco Liso;2022-11-14;;active;;Premium;Por conta do comprador;136;item;0;;;;
MLB2980817028;75732;7908670824830;Kit 02 Poltronas Giratória Mari Corino Preto Base De Madeira Preto Liso;2022-11-22;;active;;Classico;Por conta do comprador;500;item;0;;;;
MLB3000967225;76354;7908670832149;Poltrona Stella Corino Branco Base Madeira Castanho Branco Liso;2022-11-29;;active;;Classico;Por conta do comprador;995;item;0;;;;
MLB2976959442;75738;7908670825271;Poltrona Lana Linho Cinza A05 Base De Madeira - D'rossi Cinza Liso;2022-11-21;;active;;Premium;Por conta do comprador;273;item;0;;;;
MLB3001030341;76358;;Poltrona Stella Corino Base Madeira Castanho - D'rossi;2022-11-29;;active;;Classico;Por conta do comprador;995;variation;1;;;175952738041;Cor: Bege
MLB3001030341;76358;;Poltrona Stella Corino Base Madeira Castanho - D'rossi;2022-11-29;;active;;Classico;Por conta do comprador;995;variation;1;;;175952738042;Cor: Branco
MLB3001030341;76358;;Poltrona Stella Corino Base Madeira Castanho - D'rossi;2022-11-29;;active;;Classico;Por conta do comprador;995;variation;1;;;175952738043;Cor: Preto
MLB2950484668;75648;7908670824519;Kit 02 Poltronas Giratória Mari Linho Preto Base De Madeira Preto Liso;2022-11-14;;active;;Classico;Por conta do comprador;500;item;0;;;;
MLB2978437301;76012;7908670827114;Kit 02 Poltronas Mari Corino Preto Pés Palito De Ferro Preto Preto Liso;2022-11-21;;active;;Classico;Por conta do comprador;145;item;0;;;;
MLB3025875620;76660;;Puff Stella Corano Base Madeira Castanho - D'rossi;2022-12-06;;active;;Premium;Frete gratis;1004;variation;1;;;176027657257;Cor: Nozes
MLB3025875620;76660;;Puff Stella Corano Base Madeira Castanho - D'rossi;2022-12-06;;active;;Premium;Frete gratis;273;variation;1;;;176027657258;Cor: Branco
MLB3025875620;76660;;Puff Stella Corano Base Madeira Castanho - D'rossi;2022-12-06;;active;;Premium;Frete gratis;273;variation;1;;;176027657259;Cor: Preto
MLB3191390892;77465;7908670854172;Kit 4 Capas Para Almofada Triângulo Preto E Branco 42x42cm Preto Triángulo;2023-02-08;;active;;Premium;Frete gratis;7;item;0;;;;
MLB3025144169;76410;7908670834587;Puff Stella Linho Bege A19 Base Madeira Castanho - D'rossi Bege;2022-12-06;;active;;Premium;Frete gratis;256;item;0;;;;
MLB3055595055;76824;7908670834211;Kit 02 Poltronas Stella Linho Cinza A05 Base Industrial Branco Liso;2022-12-14;;active;;Premium;Por conta do comprador;499;item;0;;;;
MLB3055607577;76822;7908670834204;Kit 02 Poltronas Stella Linho Bege A19 Base Industrial Bege Liso;2022-12-14;;active;;Premium;Por conta do comprador;499;item;0;;;;
MLB3025100961;76550;7908670831906;Kit 02 Poltronas Stella Linho Grafite A26 Base Madeira Cinza Liso;2022-12-06;;active;;Classico;Por conta do comprador;497;item;0;;;;
MLB3025031652;76490;7908670831098;Puff Stella Suede Rosa Bebê Base Madeira Castanho - D'rossi Rosa;2022-12-06;;active;;Premium;Frete gratis;273;item;0;;;;
MLB3190595775;38067;7908670853588;Capa Para Almofada Tecido Estampado Zig Zag Azul D90 42x42cm Azul;2023-02-08;;active;;Premium;Por conta do comprador;1000;item;0;;;;
MLB3055038709;76774;7908670833993;Poltrona Stella Suede Marrom Rato Base Industrial Dourada Bege Liso;2022-12-14;;active;;Premium;Por conta do comprador;998;item;0;;;;
MLB3055033983;76758;7908670834037;Poltrona Stella Suede Verde Base Industrial Dourada Verde Liso;2022-12-14;;active;;Classico;Por conta do comprador;1000;item;0;;;;
MLB3141368140;76046;7908670828593;Cabeceira California Para Cama Box Casal 140cm Linho Grafite Grafite;2023-01-19;;active;;Premium;Frete gratis;1000;item;0;;;;
MLB3054990554;76760;;Poltrona Stella Suede Base Industrial Dourada - D'rossi;2022-12-14;;active;;Premium;Por conta do comprador;1007;variation;1;;;176126204124;Cor: Bege
MLB3054990554;76760;;Poltrona Stella Suede Base Industrial Dourada - D'rossi;2022-12-14;;active;;Premium;Por conta do comprador;1008;variation;1;;;176126204125;Cor: Azul-marinho
MLB3054990554;76760;;Poltrona Stella Suede Base Industrial Dourada - D'rossi;2022-12-14;;active;;Premium;Por conta do comprador;998;variation;1;;;176126204127;Cor: Cinza
MLB3054990554;76760;;Poltrona Stella Suede Base Industrial Dourada - D'rossi;2022-12-14;;active;;Premium;Por conta do comprador;1000;variation;1;;;176126204128;Cor: Grafite
MLB3054990554;76760;;Poltrona Stella Suede Base Industrial Dourada - D'rossi;2022-12-14;;active;;Premium;Por conta do comprador;1000;variation;1;;;176126204129;Cor: Marrom
MLB3054990554;76760;;Poltrona Stella Suede Base Industrial Dourada - D'rossi;2022-12-14;;active;;Premium;Por conta do comprador;998;variation;1;;;176126204130;Cor: Marrom rato
MLB3054990554;76760;;Poltrona Stella Suede Base Industrial Dourada - D'rossi;2022-12-14;;active;;Premium;Por conta do comprador;1000;variation;1;;;176126204131;Cor: Preto
MLB3054990554;76760;;Poltrona Stella Suede Base Industrial Dourada - D'rossi;2022-12-14;;active;;Premium;Por conta do comprador;1000;variation;1;;;176126204132;Cor: Rosa bebê
MLB3054990554;76760;;Poltrona Stella Suede Base Industrial Dourada - D'rossi;2022-12-14;;active;;Premium;Por conta do comprador;1000;variation;1;;;176126204133;Cor: Rose
MLB3054990554;76760;;Poltrona Stella Suede Base Industrial Dourada - D'rossi;2022-12-14;;active;;Premium;Por conta do comprador;1000;variation;1;;;176126204134;Cor: Verde
MLB3025022255;76498;7908670831722;Kit 02 Poltronas Stella Suede Azul Marinho Base Madeira Azul Liso;2022-12-06;;active;;Premium;Por conta do comprador;497;item;0;;;;
MLB3057104822;76889;7908670834488;Poltrona Sala Industrial Dourado Stella Corino Bege Kit 2 Bege Liso;2022-12-14;;active;;Premium;Por conta do comprador;509;item;0;;;;
MLB3119451235;77225;7908274476732;Cabeceira Luna Para Cama Box Solteiro 90 Cm Corino Bege Bege;2023-01-09;;active;;Premium;Por conta do comprador;1000;item;0;;;;
MLB3142470181;76222;7908670829644;Cabeceira California Para Cama Box King 190 Cm Veludo Cinza Cinza;2023-01-20;;active;;Premium;Por conta do comprador;1;item;0;;;;
MLB3057130565;76895;;Kit 02 Poltronas Stella Corino Base Industrial Dourada;2022-12-14;;active;;Premium;Por conta do comprador;520;variation;1;;;176133795442;Cor: Bege
MLB3057130565;76895;;Kit 02 Poltronas Stella Corino Base Industrial Dourada;2022-12-14;;active;;Premium;Por conta do comprador;500;variation;1;;;176133795443;Cor: Branco
MLB3057130565;76895;;Kit 02 Poltronas Stella Corino Base Industrial Dourada;2022-12-14;;active;;Premium;Por conta do comprador;499;variation;1;;;176133795444;Cor: Preto
MLB3057146646;76903;;Poltrona Stella Base Industrial Dourada Sintético D'rossi;2022-12-14;;active;;Classico;Por conta do comprador;1027;variation;1;;;176133845861;Cor: Nozes
MLB3057146646;76903;;Poltrona Stella Base Industrial Dourada Sintético D'rossi;2022-12-14;;active;;Classico;Por conta do comprador;1010;variation;1;;;176133845862;Cor: Branco
MLB3057146646;76903;;Poltrona Stella Base Industrial Dourada Sintético D'rossi;2022-12-14;;active;;Classico;Por conta do comprador;1008;variation;1;;;176133845863;Cor: Preto
MLB3191431737;77469;7908670854196;Kit 4 Capas Para Almofada Tecido Zigzag Rosa E Preto 42x42cm Rosa E Preto Zigzag;2023-02-08;;active;;Classico;Frete gratis;10;item;0;;;;
MLB3057137039;76887;;Poltrona Stella Corino Base Industrial Dourada - D'rossi;2022-12-14;;active;;Premium;Por conta do comprador;1040;variation;1;;;176133788754;Cor: Bege
MLB3057137039;76887;;Poltrona Stella Corino Base Industrial Dourada - D'rossi;2022-12-14;;active;;Premium;Por conta do comprador;1000;variation;1;;;176133788755;Cor: Branco
MLB3057137039;76887;;Poltrona Stella Corino Base Industrial Dourada - D'rossi;2022-12-14;;active;;Premium;Por conta do comprador;998;variation;1;;;176133788756;Cor: Preto
MLB3057111216;76897;7908670834518;Poltrona Decorativa Stella Corano Branco Base Industrial Branco Liso;2022-12-14;;active;;Premium;Por conta do comprador;1009;item;0;;;;
MLB3225821320;77831;;Paneleiro Torre Quente Para Cozinha 02 Portas Ruth 56 Cm;2023-02-23;;active;;Premium;Por conta do comprador;11;variation;1;;;176772473119;Cor: Branco
MLB3225821320;77831;;Paneleiro Torre Quente Para Cozinha 02 Portas Ruth 56 Cm;2023-02-23;;active;;Premium;Por conta do comprador;5;variation;1;;;176772473120;Cor: Branco e Preto
MLB3225821320;77831;;Paneleiro Torre Quente Para Cozinha 02 Portas Ruth 56 Cm;2023-02-23;;active;;Premium;Por conta do comprador;4;variation;1;;;176772473121;Cor: Castanho e Cinza
MLB3225821320;77831;;Paneleiro Torre Quente Para Cozinha 02 Portas Ruth 56 Cm;2023-02-23;;active;;Premium;Por conta do comprador;0;variation;1;;;176772473122;Cor: Castanho e Preto
MLB3225821320;77831;;Paneleiro Torre Quente Para Cozinha 02 Portas Ruth 56 Cm;2023-02-23;;active;;Premium;Por conta do comprador;7;variation;1;;;176772473123;Cor: Preto
MLB3225821320;77831;;Paneleiro Torre Quente Para Cozinha 02 Portas Ruth 56 Cm;2023-02-23;;active;;Premium;Por conta do comprador;12;variation;1;;;176772473124;Cor: Preto e Cinza
MLB3226997859;77849;7908670854554;Tábua De Passar Com Balcão 01 Porta Alice Branco 119 Cm Branco;2023-02-23;;active;;Premium;Frete gratis;12;item;0;;;;
MLB3222888593;77727;7908670855827;Balcão De Cozinha Lavanderia Com Tampo 01 Gaveta Vick Preto Preto;2023-02-22;;active;;Classico;Por conta do comprador;2;item;0;;;;
MLB3226929353;77843;7908670854523;Tábua De Passar Com Balcão 01 Porta Lis Castanho 107 Cm Castanho;2023-02-23;;active;;Classico;Por conta do comprador;3;item;0;;;;
MLB3225826941;77819;7908670855902;Paneleiro Torre Quente Para Cozinha Ruth Branco 56 Cm Branco;2023-02-23;;active;;Premium;Por conta do comprador;11;item;0;;;;
MLB3226935168;77847;;Tábua De Passar Com Balcão 01 Porta Lis 107 Cm - D'rossi;2023-02-23;;active;;Classico;Frete gratis;3;variation;1;;;176777742915;Cor: Castanho
MLB3226935168;77847;;Tábua De Passar Com Balcão 01 Porta Lis 107 Cm - D'rossi;2023-02-23;;active;;Classico;Frete gratis;0;variation;1;;;176777742914;Cor: Branco
MLB3226935168;77847;;Tábua De Passar Com Balcão 01 Porta Lis 107 Cm - D'rossi;2023-02-23;;active;;Classico;Frete gratis;0;variation;1;;;176777742916;Cor: Preto
MLB3254307608;77857;7908670857746;Base Giratória De Madeira Ma30 Para Poltrona - D'rossi Castanho;2023-03-03;;active;;Premium;Frete gratis;997;item;0;;;;
MLB3223156212;77745;;Armário Aéreo E Balcão De Cozinha Lavanderia Lucy C/tampo;2023-02-22;;active;;Premium;Por conta do comprador;3;variation;1;;;176758010837;Cor: Castanho e Cinza
MLB3223156212;77745;;Armário Aéreo E Balcão De Cozinha Lavanderia Lucy C/tampo;2023-02-22;;active;;Premium;Por conta do comprador;0;variation;1;;;176758010836;Cor: Branco e Preto
MLB3223156212;77745;;Armário Aéreo E Balcão De Cozinha Lavanderia Lucy C/tampo;2023-02-22;;active;;Premium;Por conta do comprador;0;variation;1;;;176758010835;Cor: Branco
MLB3223156212;77745;;Armário Aéreo E Balcão De Cozinha Lavanderia Lucy C/tampo;2023-02-22;;active;;Premium;Por conta do comprador;0;variation;1;;;176758010838;Cor: Castanho e Preto
MLB3223156212;77745;;Armário Aéreo E Balcão De Cozinha Lavanderia Lucy C/tampo;2023-02-22;;active;;Premium;Por conta do comprador;2;variation;1;;;176758010839;Cor: Preto
MLB3223156212;77745;;Armário Aéreo E Balcão De Cozinha Lavanderia Lucy C/tampo;2023-02-22;;active;;Premium;Por conta do comprador;0;variation;1;;;176758010840;Cor: Preto e Cinza
MLB3226985294;77853;7908670854578;Tábua De Passar Com Balcao 2 Portas Alice 119cm D'rossi Preto;2023-02-23;;active;;Premium;Por conta do comprador;5;item;0;;;;
MLB3226100690;77839;;Tábua De Passar Com Balcão 02 Portas Angel 119 Cm - D'rossi;2023-02-23;;active;;Premium;Por conta do comprador;3;variation;1;;;176773898635;Cor: Preto
MLB3226100690;77839;;Tábua De Passar Com Balcão 02 Portas Angel 119 Cm - D'rossi;2023-02-23;;active;;Premium;Por conta do comprador;0;variation;1;;;176773898634;Cor: Castanho
MLB3226100690;77839;;Tábua De Passar Com Balcão 02 Portas Angel 119 Cm - D'rossi;2023-02-23;;active;;Premium;Por conta do comprador;0;variation;1;;;176773898633;Cor: Branco
MLB3236366067;63441;7908575904248;Suporte Decorativo De Madeira Amor Branco 6x6x5 Cm - D'rossi Branco;2023-02-27;;active;;Premium;Por conta do comprador;19;item;0;;;;
MLB3236271850;63445;7908575904286;Suporte Decorativo De Madeira Gratidão 6x6x5 Cm - D'rossi Branco;2023-02-27;;active;;Premium;Por conta do comprador;30;item;0;;;;
MLB3236303805;63443;7908575904262;Suporte Decorativo De Madeira Sonhe Branco 6x6x5 Cm D'rossi Branco;2023-02-27;;active;;Premium;Por conta do comprador;3;item;0;;;;
MLB3226972833;77851;7908670854561;Tábua De Passar 119cm D'rossi Alice Com Balcao 2 Portas Castanho;2023-02-23;;active;;Premium;Frete gratis;4;item;0;;;;
MLB3236280109;63443;7908575904262;Suporte Decorativo De Madeira Sonhe Branco 6x6x5 Cm D'rossi Branco;2023-02-27;;active;;Premium;Por conta do comprador;3;item;0;;;;
MLB3236253305;63439;7908575904224;Suporte Decorativo De Madeira Lar Doce Lar 6x6x5 Cm Branco;2023-02-27;;active;;Premium;Por conta do comprador;21;item;0;;;;
MLB3236346597;63441;7908575904248;Suporte Decorativo De Madeira Amor Branco 6x6x5 Cm - D'rossi Branco;2023-02-27;;active;;Premium;Por conta do comprador;19;item;0;;;;
MLB3226781194;77847;;Tábua De Passar Com Balcão 01 Porta Lis 107 Cm - D'rossi;2023-02-23;;active;;Premium;Frete gratis;3;variation;1;;;176777528271;Cor: Castanho
MLB3226781194;77847;;Tábua De Passar Com Balcão 01 Porta Lis 107 Cm - D'rossi;2023-02-23;;active;;Premium;Frete gratis;0;variation;1;;;176777528270;Cor: Branco
MLB3226781194;77847;;Tábua De Passar Com Balcão 01 Porta Lis 107 Cm - D'rossi;2023-02-23;;active;;Premium;Frete gratis;0;variation;1;;;176777528272;Cor: Preto
MLB3236272799;63445;7908575904286;Suporte Decorativo De Madeira Gratidão Branco 6x6x5 Cm Branco;2023-02-27;;active;;Premium;Por conta do comprador;30;item;0;;;;
MLB3225972097;77827;7908670855940;Paneleiro Torre Quente Para Cozinha 02 Portas Ruth Preto Preto;2023-02-23;;active;;Premium;Por conta do comprador;7;item;0;;;;
MLB3192828985;77499;7908670854349;Kit 4 Pés Palito 25cm Madeira Retrô Castanho Poltrona Sofá;2023-02-09;;active;;Classico;Por conta do comprador;301;item;0;;;;
MLB3192835560;22611;7908670854448;Kit 4 Pés Palito 20cm Retrô Poltrona Castanho;2023-02-09;;active;;Premium;Por conta do comprador;18;item;0;;;;
MLB3223751462;77789;;Kit Armário Aéreo E Balcão Para Cooktop De Cozinha Diana;2023-02-22;;active;;Premium;Por conta do comprador;3;variation;1;;;176760144168;Cor: Branco
MLB3223751462;77789;;Kit Armário Aéreo E Balcão Para Cooktop De Cozinha Diana;2023-02-22;;active;;Premium;Por conta do comprador;0;variation;1;;;176760144169;Cor: Branco/Preto
MLB3223751462;77789;;Kit Armário Aéreo E Balcão Para Cooktop De Cozinha Diana;2023-02-22;;active;;Premium;Por conta do comprador;4;variation;1;;;176760144170;Cor: Castanho e Cinza
MLB3223751462;77789;;Kit Armário Aéreo E Balcão Para Cooktop De Cozinha Diana;2023-02-22;;active;;Premium;Por conta do comprador;0;variation;1;;;176760144171;Cor: Castanho e Preto
MLB3223751462;77789;;Kit Armário Aéreo E Balcão Para Cooktop De Cozinha Diana;2023-02-22;;active;;Premium;Por conta do comprador;0;variation;1;;;176760144172;Cor: Preto
MLB3223751462;77789;;Kit Armário Aéreo E Balcão Para Cooktop De Cozinha Diana;2023-02-22;;active;;Premium;Por conta do comprador;0;variation;1;;;176760144173;Cor: Preto e Cinza
MLB3192740035;77491;7908670854301;Kit 4 Pés Palito 30cm Retrô Poltrona Castanho C/ 4 Chapinhas;2023-02-09;;active;;Classico;Por conta do comprador;296;item;0;;;;
MLB3192739814;77499;7908670854349;Kit 4 Pés Palito 25cm Madeira Retrô Castanho Poltrona Sofá;2023-02-09;;active;;Premium;Por conta do comprador;301;item;0;;;;
MLB3192790479;77491;7908670854301;Kit 4 Pés Palito 30cm Retrô Poltrona Castanho C/ 4 Chapinhas;2023-02-09;;active;;Premium;Por conta do comprador;296;item;0;;;;
MLB3192752050;77501;7908670854370;Kit 4 Pés Palito 30cm Madeira Retrô Poltrona Cor Natural;2023-02-09;;active;;Classico;Por conta do comprador;116;item;0;;;;
MLB3212156951;77655;7908670855049;Kit 2 Armários Aéreo De Cozinha Lavanderia Tina Preto Preto;2023-02-17;;active;;Premium;Por conta do comprador;2;item;0;;;;
MLB3211762840;77637;7908670854967;Armário Aéreo De Cozinha Lavanderia Tina Castanho E Cinza Cinza;2023-02-17;;active;;Classico;Frete gratis;3;item;0;;;;
MLB3208797783;77587;;Balcão De Cozinha Lavanderia Com Tampo 02 Gavetas Bia;2023-02-16;;active;;Premium;Por conta do comprador;7;variation;1;;;176664678886;Cor: Branco
MLB3208797783;77587;;Balcão De Cozinha Lavanderia Com Tampo 02 Gavetas Bia;2023-02-16;;active;;Premium;Por conta do comprador;0;variation;1;;;176664678887;Cor: Branco e Preto
MLB3208797783;77587;;Balcão De Cozinha Lavanderia Com Tampo 02 Gavetas Bia;2023-02-16;;active;;Premium;Por conta do comprador;3;variation;1;;;176664678888;Cor: Castanho e Cinza
MLB3208797783;77587;;Balcão De Cozinha Lavanderia Com Tampo 02 Gavetas Bia;2023-02-16;;active;;Premium;Por conta do comprador;0;variation;1;;;176664678889;Cor: Castanho e Preto
MLB3208797783;77587;;Balcão De Cozinha Lavanderia Com Tampo 02 Gavetas Bia;2023-02-16;;active;;Premium;Por conta do comprador;2;variation;1;;;176664678890;Cor: Preto
MLB3208797783;77587;;Balcão De Cozinha Lavanderia Com Tampo 02 Gavetas Bia;2023-02-16;;active;;Premium;Por conta do comprador;0;variation;1;;;176664678891;Cor: Preto e Cinza
MLB3218232312;77709;7908670855261;Armário Aéreo E Balcão Cozinha Lavanderia Dora S/tampo Cinza;2023-02-20;;active;;Classico;Por conta do comprador;3;item;0;;;;
MLB3210691235;77581;7908670854745;Balcão De Cozinha Lavanderia Com Tampo 02 Gavetas Bia Preto Preto;2023-02-17;;active;;Classico;Por conta do comprador;2;item;0;;;;
MLB3210695547;77557;7908670854660;2 Armários Aéreo De Cozinha Lavanderia Agata Castanho/cinza Cinza;2023-02-17;;active;;Classico;Por conta do comprador;1;item;0;;;;
MLB3205410993;77537;;Armário Aéreo De Cozinha Lavanderia 02 Portas Eva 80 Cm;2023-02-15;;active;;Premium;Por conta do comprador;15;variation;1;;;176643950347;Cor: Branco
MLB3205410993;77537;;Armário Aéreo De Cozinha Lavanderia 02 Portas Eva 80 Cm;2023-02-15;;active;;Premium;Por conta do comprador;6;variation;1;;;176643950348;Cor: Branco e Preto
MLB3205410993;77537;;Armário Aéreo De Cozinha Lavanderia 02 Portas Eva 80 Cm;2023-02-15;;active;;Premium;Por conta do comprador;7;variation;1;;;176643950349;Cor: Castanho e Cinza
MLB3205410993;77537;;Armário Aéreo De Cozinha Lavanderia 02 Portas Eva 80 Cm;2023-02-15;;active;;Premium;Por conta do comprador;0;variation;1;;;176643950350;Cor: Castanho e Preto
MLB3205410993;77537;;Armário Aéreo De Cozinha Lavanderia 02 Portas Eva 80 Cm;2023-02-15;;active;;Premium;Por conta do comprador;1;variation;1;;;176643950351;Cor: Preto
MLB3205410993;77537;;Armário Aéreo De Cozinha Lavanderia 02 Portas Eva 80 Cm;2023-02-15;;active;;Premium;Por conta do comprador;0;variation;1;;;176643950352;Cor: Preto e Cinza
MLB3207702245;77539;7908670854585;Armário Aéreo De Cozinha Lavanderia 02 Portas Agata Branco Cinza;2023-02-16;;active;;Premium;Frete gratis;7;item;0;;;;
MLB3210671970;77575;7908670854714;Balcão De Cozinha Lavanderia Com Tampo Bia Branco E Preto Multicolorido;2023-02-17;;active;;Classico;Por conta do comprador;1000;item;0;;;;
MLB3223844802;77795;7908670855568;Balcão Armário Cozinha 80cm Forno Microondas Sara Cast./cza Multicolorido;2023-02-22;;active;;Premium;Frete gratis;3;item;0;;;;
MLB3208804219;77575;7908670854714;Balcão De Cozinha Lavanderia Com Tampo Bia Branco E Preto Multicolorido;2023-02-16;;active;;Premium;Por conta do comprador;1000;item;0;;;;
MLB3208833534;77573;7908670854707;Balcão De Cozinha Lavanderia Com Tampo 02 Gavetas Bia Branco Branco;2023-02-16;;active;;Premium;Por conta do comprador;1000;item;0;;;;
MLB3211863991;77645;;Armário Aéreo De Cozinha Lavanderia 03 Portas Tina 120 Cm;2023-02-17;;active;;Premium;Frete gratis;3;variation;1;;;176683068290;Cor: Castanho e Cinza
MLB3211863991;77645;;Armário Aéreo De Cozinha Lavanderia 03 Portas Tina 120 Cm;2023-02-17;;active;;Premium;Frete gratis;0;variation;1;;;176683068289;Cor: Branco e Preto
MLB3211863991;77645;;Armário Aéreo De Cozinha Lavanderia 03 Portas Tina 120 Cm;2023-02-17;;active;;Premium;Frete gratis;0;variation;1;;;176683068288;Cor: Branco
MLB3211863991;77645;;Armário Aéreo De Cozinha Lavanderia 03 Portas Tina 120 Cm;2023-02-17;;active;;Premium;Frete gratis;0;variation;1;;;176683068291;Cor: Castanho e Preto
MLB3211863991;77645;;Armário Aéreo De Cozinha Lavanderia 03 Portas Tina 120 Cm;2023-02-17;;active;;Premium;Frete gratis;5;variation;1;;;176683068292;Cor: Preto
MLB3211863991;77645;;Armário Aéreo De Cozinha Lavanderia 03 Portas Tina 120 Cm;2023-02-17;;active;;Premium;Frete gratis;5;variation;1;;;176683068293;Cor: Preto e Castanho
MLB3251653147;78315;7908670849901;Kit Namoradeira E 1 Poltrona Mari Linho Grafite Pés De Ferro Cinza Liso;2023-03-10;;active;;Classico;Por conta do comprador;145;item;0;;;;
MLB3654686846;78859;7908670860517;Kit 1 Sofá E 2 Poltronas Lana Corano Nozes Base De Madeira Marrom;2023-05-22;;active;;Premium;Por conta do comprador;91;item;0;;;;
MLB3300604859;78663;7908670859528;Sofá Namoradeira Lana Suede Marrom Base De Madeira Marrom Liso;2023-04-27;;active;;Premium;Por conta do comprador;273;item;0;;;;
MLB3284737174;58621;7908477261845;Puffinho Infantil Estampado Suede Pneu Carro Pés Tabaco Preto;2023-03-10;;active;;Classico;Por conta do comprador;58;item;0;;;;
MLB3255774087;78481;7908670862870;Kit Namoradeira E 1 Poltrona Mari Suede Grafite Base Madeira Cinza Liso;2023-03-14;;active;;Classico;Por conta do comprador;318;item;0;;;;
MLB3265980303;61773;7908477278836;Cabeceira Painel Aquilla Cama Box King 195 Cm Corino Marrom;2023-03-23;;active;;Classico;Por conta do comprador;1000;item;0;;;;
MLB3258661313;78611;7908670850990;1 Namoradeira E 2 Poltronas Mari Corino Bege Base De Madeira Bege Liso;2023-03-16;;active;;Classico;Por conta do comprador;318;item;0;;;;
MLB3251821929;74111;7908575983922;Espelho Redondo Com Moldura De Plastíco 3d Rosê 55x55 Cm Rosê;2023-03-10;;active;;Classico;Frete gratis;21;item;0;;;;
MLB3347197362;2342;7899250169215;Cabeceira Livia Para Cama D'rossi Paris Box Solteiro 90 Cm Corino Branco;2023-03-23;;active;;Premium;Frete gratis;1;item;0;;;;
MLB3284528742;60327;7908477288729;Vaso Decorativo Bob Robert Planta Em Poliresina 14,5x11x10cm Dourado Bob Robert;2023-03-10;;active;;Premium;Por conta do comprador;5;item;0;;;;
MLB3275392780;78171;7908670849338;Kit 1 Namoradeira E 01 Poltrona Mari Veludo Preto Pés Palito Preto;2023-03-08;;active;;Premium;Por conta do comprador;159;item;0;;;;
MLB3454619198;40405-29363;7908274476756;Cabeceira Cama Box Solteiro Tamanho 90 Cm X 128 Cm Luna Corino Cor Preto D'rossi;2023-04-11;;active;;Premium;Frete gratis;1000;item;0;;;;
MLB3654700248;78845;7908670860463;Sofá Namoradeira Lana Corano Preto Base De Madeira - D'rossi Preto Liso;2023-05-22;;active;;Premium;Por conta do comprador;273;item;0;;;;
MLB3654705514;78829;7908670860401;Kit 1 Sofá E 1 Poltrona Lana Corino Preto Base De Madeira Preto Liso;2023-05-22;;active;;Classico;Por conta do comprador;136;item;0;;;;
MLB3250232015;78221;;Namoradeira 2 Lugares Mari Pés Palito Castanho Sintético;2023-03-09;;active;;Premium;Por conta do comprador;318;variation;1;;;176984490176;Cor: Bege
MLB3250232015;78221;;Namoradeira 2 Lugares Mari Pés Palito Castanho Sintético;2023-03-09;;active;;Premium;Por conta do comprador;318;variation;1;;;176984490178;Cor: Branco
MLB3250232015;78221;;Namoradeira 2 Lugares Mari Pés Palito Castanho Sintético;2023-03-09;;active;;Premium;Por conta do comprador;318;variation;1;;;176984490180;Cor: Preto
MLB3539698964;78665;7908670859535;Sofá Namoradeira Lana Suede Marrom Rato Base De Madeira Bege Liso;2023-04-27;;active;;Premium;Por conta do comprador;273;item;0;;;;
MLB3247274237;78035;7908670837311;Namoradeira 02 Lugares Mari Suede Preto Pés Palito Castanho Preto Liso;2023-03-06;;active;;Classico;Por conta do comprador;318;item;0;;;;
MLB3284179078;78299;7908670849833;Namoradeira 02 Lugares Mari Linho Bege Pés Palito De Ferro Bege Liso;2023-03-10;;active;;Classico;Por conta do comprador;291;item;0;;;;
MLB3654723206;78857;7908670860500;Kit 1 Sofá E 2 Poltronas Lana Corano Branco Base De Madeira Branco Liso;2023-05-22;;active;;Classico;Por conta do comprador;91;item;0;;;;
MLB3251650783;78323;7908670849932;Kit 1 Namoradeira E 2 Poltronas Mari Linho Bege Pés De Ferro Bege Liso;2023-03-10;;active;;Premium;Por conta do comprador;97;item;0;;;;
MLB3654436616;78793;7908670860258;Kit 1 Sofá E 1 Poltrona Lana Veludo Bege Base De Madeira Bege Liso;2023-05-22;;active;;Premium;Por conta do comprador;136;item;0;;;;
MLB3346379153;80093;7908670891801;Poltrona Viena Gomada Linho Bege A19 Pés Palito Castanho Bege Liso;2023-06-13;;active;;Premium;Por conta do comprador;318;item;0;;;;
MLB3658545670;79293;;Sofá 03 Lugares Arezzo Suede Pés Chanfrado Tabaco;2023-05-23;;active;;Premium;Por conta do comprador;1000;variation;1;;;177776019738;Cor: Bege
MLB3658545670;79293;;Sofá 03 Lugares Arezzo Suede Pés Chanfrado Tabaco;2023-05-23;;active;;Premium;Por conta do comprador;1000;variation;1;;;177776019740;Cor: Azul-marinho
MLB3658545670;79293;;Sofá 03 Lugares Arezzo Suede Pés Chanfrado Tabaco;2023-05-23;;active;;Premium;Por conta do comprador;0;variation;1;;;177776019742;Cor: Azul-turquesa
MLB3658545670;79293;;Sofá 03 Lugares Arezzo Suede Pés Chanfrado Tabaco;2023-05-23;;active;;Premium;Por conta do comprador;1000;variation;1;;;177776019744;Cor: Cinza
MLB3658545670;79293;;Sofá 03 Lugares Arezzo Suede Pés Chanfrado Tabaco;2023-05-23;;active;;Premium;Por conta do comprador;1000;variation;1;;;177776019746;Cor: Grafite
MLB3658545670;79293;;Sofá 03 Lugares Arezzo Suede Pés Chanfrado Tabaco;2023-05-23;;active;;Premium;Por conta do comprador;1000;variation;1;;;177776019748;Cor: Marrom
MLB3658545670;79293;;Sofá 03 Lugares Arezzo Suede Pés Chanfrado Tabaco;2023-05-23;;active;;Premium;Por conta do comprador;1000;variation;1;;;177776019750;Cor: Marrom rato
MLB3658545670;79293;;Sofá 03 Lugares Arezzo Suede Pés Chanfrado Tabaco;2023-05-23;;active;;Premium;Por conta do comprador;1000;variation;1;;;177776019752;Cor: Preto
MLB3658545670;79293;;Sofá 03 Lugares Arezzo Suede Pés Chanfrado Tabaco;2023-05-23;;active;;Premium;Por conta do comprador;1000;variation;1;;;177776019754;Cor: Rosa bebê
MLB3658545670;79293;;Sofá 03 Lugares Arezzo Suede Pés Chanfrado Tabaco;2023-05-23;;active;;Premium;Por conta do comprador;1000;variation;1;;;177776019756;Cor: Rose
MLB3658545670;79293;;Sofá 03 Lugares Arezzo Suede Pés Chanfrado Tabaco;2023-05-23;;active;;Premium;Por conta do comprador;1000;variation;1;;;177776019758;Cor: Verde
MLB3657510068;79147;7908670869961;Poltrona Sala Corano Nozes Stella Base Industrial Preto Marrom Liso;2023-05-23;;active;;Classico;Frete gratis;1012;item;0;;;;
MLB3326374821;79379;;Poltrona De Amamentação Com Balanço E Puff Manu Veludo;2023-05-24;;active;;Premium;Por conta do comprador;1000;variation;1;;;178366854549;Cor: Bege
MLB3326374821;79379;;Poltrona De Amamentação Com Balanço E Puff Manu Veludo;2023-05-24;;active;;Premium;Por conta do comprador;1000;variation;1;;;178366854551;Cor: Cinza
MLB3326374821;79379;;Poltrona De Amamentação Com Balanço E Puff Manu Veludo;2023-05-24;;active;;Premium;Por conta do comprador;0;variation;1;;;178366854553;Cor: Ferrugem
MLB3326374821;79379;;Poltrona De Amamentação Com Balanço E Puff Manu Veludo;2023-05-24;;active;;Premium;Por conta do comprador;1000;variation;1;;;178366854555;Cor: Marrom
MLB3326374821;79379;;Poltrona De Amamentação Com Balanço E Puff Manu Veludo;2023-05-24;;active;;Premium;Por conta do comprador;0;variation;1;;;178366854557;Cor: Nude
MLB3326374821;79379;;Poltrona De Amamentação Com Balanço E Puff Manu Veludo;2023-05-24;;active;;Premium;Por conta do comprador;1000;variation;1;;;178366854559;Cor: Rose
MLB3326374821;79379;;Poltrona De Amamentação Com Balanço E Puff Manu Veludo;2023-05-24;;active;;Premium;Por conta do comprador;0;variation;1;;;178366854561;Cor: Verde Turquesa
MLB3345332793;79995;7908670892471;Poltrona Viena Gomada Veludo Rosê Pés Palito Natural Marrom Liso;2023-06-12;;active;;Classico;Por conta do comprador;328;item;0;;;;
MLB3325032291;79075;7908670869664;Kit 2 Poltronas Stella Linho Grafite Base Metálica Preto Cinza Liso;2023-05-23;;active;;Premium;Por conta do comprador;508;item;0;;;;
MLB3325106503;79069-68003;;Poltrona Stella Linho Base Metálica Industrial Preto;2023-05-23;;active;;Premium;Por conta do comprador;996;variation;1;;;177774035596;Cor: A19 Bege
MLB3325106503;79069-68005;;Poltrona Stella Linho Base Metálica Industrial Preto;2023-05-23;;active;;Premium;Por conta do comprador;999;variation;1;;;177774035598;Cor: A05 Cinza
MLB3325106503;79069-68007;;Poltrona Stella Linho Base Metálica Industrial Preto;2023-05-23;;active;;Premium;Por conta do comprador;1009;variation;1;;;177774035600;Cor: A26 Grafite
MLB3325106503;79069-68009;;Poltrona Stella Linho Base Metálica Industrial Preto;2023-05-23;;active;;Premium;Por conta do comprador;998;variation;1;;;177774035602;Cor: A79 Preto
MLB3705076192;79909;7908670897834;Poltrona De Amamentação Com Balanço E Puff Laura Linho Prata Bege Liso;2023-06-09;;active;;Premium;Por conta do comprador;998;item;0;;;;
MLB3324128481;78855;;Kit 1 Sofá E 1 Poltrona Lana Corano Base De Madeira;2023-05-22;;active;;Classico;Por conta do comprador;125;variation;1;;;178329019033;Cor: Nozes
MLB3324128481;78855;;Kit 1 Sofá E 1 Poltrona Lana Corano Base De Madeira;2023-05-22;;active;;Classico;Por conta do comprador;125;variation;1;;;178329019035;Cor: Branco
MLB3324128481;78855;;Kit 1 Sofá E 1 Poltrona Lana Corano Base De Madeira;2023-05-22;;active;;Classico;Por conta do comprador;125;variation;1;;;178329019037;Cor: Preto
MLB3324546359;78989;7908670869251;2 Poltronas Stella Corano Preto C/linho Grafit Base Metálica Cinza Liso;2023-05-22;;active;;Premium;Por conta do comprador;500;item;0;;;;
MLB3324631049;79025;7908670869435;Poltrona Stella Suede Marrom Rato Base Metálica Preto Bege Liso;2023-05-22;;active;;Premium;Por conta do comprador;998;item;0;;;;
MLB3709953882;80003;7908670892501;Kit 2 Poltronas Viena Gomada Veludo Cinza Pés Palito Natural Cinza Liso;2023-06-12;;active;;Premium;Por conta do comprador;164;item;0;;;;
MLB3679691692;79531;;Divã Recife Suede 165 Cm Pés Chanfrado Castanho - D'rossi;2023-05-29;;active;;Premium;Por conta do comprador;1000;variation;1;;;178430201945;Cor: Bege
MLB3679691692;79531;;Divã Recife Suede 165 Cm Pés Chanfrado Castanho - D'rossi;2023-05-29;;active;;Premium;Por conta do comprador;1000;variation;1;;;178430201947;Cor: Azul-marinho
MLB3679691692;79531;;Divã Recife Suede 165 Cm Pés Chanfrado Castanho - D'rossi;2023-05-29;;active;;Premium;Por conta do comprador;0;variation;1;;;178430201949;Cor: Azul-turquesa
MLB3679691692;79531;;Divã Recife Suede 165 Cm Pés Chanfrado Castanho - D'rossi;2023-05-29;;active;;Premium;Por conta do comprador;1000;variation;1;;;178430201951;Cor: Cinza
MLB3679691692;79531;;Divã Recife Suede 165 Cm Pés Chanfrado Castanho - D'rossi;2023-05-29;;active;;Premium;Por conta do comprador;1000;variation;1;;;178430201953;Cor: Grafite
MLB3679691692;79531;;Divã Recife Suede 165 Cm Pés Chanfrado Castanho - D'rossi;2023-05-29;;active;;Premium;Por conta do comprador;1000;variation;1;;;178430201955;Cor: Marrom
MLB3679691692;79531;;Divã Recife Suede 165 Cm Pés Chanfrado Castanho - D'rossi;2023-05-29;;active;;Premium;Por conta do comprador;1000;variation;1;;;178430201957;Cor: Marrom rato
MLB3679691692;79531;;Divã Recife Suede 165 Cm Pés Chanfrado Castanho - D'rossi;2023-05-29;;active;;Premium;Por conta do comprador;1000;variation;1;;;178430201959;Cor: Preto
MLB3679691692;79531;;Divã Recife Suede 165 Cm Pés Chanfrado Castanho - D'rossi;2023-05-29;;active;;Premium;Por conta do comprador;1000;variation;1;;;178430201961;Cor: Rosa bebê
MLB3679691692;79531;;Divã Recife Suede 165 Cm Pés Chanfrado Castanho - D'rossi;2023-05-29;;active;;Premium;Por conta do comprador;1000;variation;1;;;178430201963;Cor: Rose
MLB3679691692;79531;;Divã Recife Suede 165 Cm Pés Chanfrado Castanho - D'rossi;2023-05-29;;active;;Premium;Por conta do comprador;1000;variation;1;;;178430201965;Cor: Verde
MLB3657529374;79133;7908670869916;Poltrona Stella Corino Preto Base Metálica Industrial Preto Preto Liso;2023-05-23;;active;;Classico;Por conta do comprador;1000;item;0;;;;
MLB3324114345;78827;7908670860395;Kit 1 Sofá E 1 Poltrona Lana Corino Branco Base De Madeira Branco;2023-05-22;;active;;Premium;Por conta do comprador;136;item;0;;;;
MLB3713379850;80101;;Poltrona Viena Gomada Linho Pés Palito Castanho - D'rossi;2023-06-13;;active;;Classico;Por conta do comprador;318;variation;1;;;177978414148;Cor: A19 Bege
MLB3713379850;80101;;Poltrona Viena Gomada Linho Pés Palito Castanho - D'rossi;2023-06-13;;active;;Classico;Por conta do comprador;318;variation;1;;;177978414150;Cor: A05 Cinza
MLB3713379850;80101;;Poltrona Viena Gomada Linho Pés Palito Castanho - D'rossi;2023-06-13;;active;;Classico;Por conta do comprador;318;variation;1;;;177978414152;Cor: A26 Grafite
MLB3713379850;80101;;Poltrona Viena Gomada Linho Pés Palito Castanho - D'rossi;2023-06-13;;active;;Classico;Por conta do comprador;318;variation;1;;;177978414154;Cor: A79 Preto
MLB3657249526;79061;7908670869596;Poltrona Stella Linho Bege Base Metálica Industrial Preto Branco Liso;2023-05-23;;active;;Premium;Por conta do comprador;998;item;0;;;;
MLB3657518062;79141;7908670869947;Kit 2 Poltronas Stella Corino Preto Base Metálica Preto Cinza Liso;2023-05-23;;active;;Premium;Por conta do comprador;500;item;0;;;;
MLB3343084895;79879;7908670897650;Poltrona De Amamentação C/balanço E Puff Laura Veludo Marrom Bege Liso;2023-06-09;;active;;Classico;Por conta do comprador;1000;item;0;;;;
MLB3359695041;37733;7908274429349;Kit 02 Poltronas Stella D'rossi Premium Rosa Veludo Peach;2023-06-27;;active;;Premium;Por conta do comprador;159;item;0;;;;
MLB3752165426;49592;7908439278485;Poltronas Stella Suede Bege Liso Pés Palito Natural D'rossi Kit 2;2023-06-28;;active;;Premium;Por conta do comprador;158;item;0;;;;
MLB3359404369;36695;7908439208925;Poltrona Sala Decorativa Orgânica Base Giratória Linho Bege Corano Nozes - D'rossi Stella Liso;2023-06-27;;active;;Premium;Por conta do comprador;997;item;0;;;;
MLB3767029732;80631;7908748106080;Painel Tv 75 Polegadas Ripado Marisa Nature Fosco 180x250 Módulo Ripado Natural;2023-07-03;;active;;Classico;Por conta do comprador;1;item;0;;;;
MLB3346276327;80079;7908670891337;Kit 2 Poltronas Viena Gomada Suede Marrom Pés Palito Marrom Liso;2023-06-13;;active;;Classico;Por conta do comprador;159;item;0;;;;
MLB3359716755;30785;7908274402090;Sofá Retrô Namoradeira 2 Lugares Livia Suede Bege - D'rossi Desenho Do Tecido Liso;2023-06-27;;active;;Premium;Por conta do comprador;1000;item;0;;;;
MLB3346275899;80069;7908670891283;Kit 2 Poltronas Viena Gomada Suede Azul Marinho Pés Palito Azul Liso;2023-06-13;;active;;Premium;Por conta do comprador;159;item;0;;;;
MLB3346318263;80091;;Kit 2 Poltronas Viena Gomada Suede Pés Palito Castanho;2023-06-13;;active;;Classico;Por conta do comprador;159;variation;1;;;178633882103;Cor: Bege
MLB3346318263;80091;;Kit 2 Poltronas Viena Gomada Suede Pés Palito Castanho;2023-06-13;;active;;Classico;Por conta do comprador;159;variation;1;;;178633882105;Cor: Azul-marinho
MLB3346318263;80091;;Kit 2 Poltronas Viena Gomada Suede Pés Palito Castanho;2023-06-13;;active;;Classico;Por conta do comprador;0;variation;1;;;178633882107;Cor: Azul-turquesa
MLB3346318263;80091;;Kit 2 Poltronas Viena Gomada Suede Pés Palito Castanho;2023-06-13;;active;;Classico;Por conta do comprador;159;variation;1;;;178633882109;Cor: Cinza
MLB3346318263;80091;;Kit 2 Poltronas Viena Gomada Suede Pés Palito Castanho;2023-06-13;;active;;Classico;Por conta do comprador;159;variation;1;;;178633882111;Cor: Grafite
MLB3346318263;80091;;Kit 2 Poltronas Viena Gomada Suede Pés Palito Castanho;2023-06-13;;active;;Classico;Por conta do comprador;159;variation;1;;;178633882113;Cor: Marrom
MLB3346318263;80091;;Kit 2 Poltronas Viena Gomada Suede Pés Palito Castanho;2023-06-13;;active;;Classico;Por conta do comprador;159;variation;1;;;178633882115;Cor: Marrom rato
MLB3346318263;80091;;Kit 2 Poltronas Viena Gomada Suede Pés Palito Castanho;2023-06-13;;active;;Classico;Por conta do comprador;159;variation;1;;;178633882117;Cor: Preto
MLB3346318263;80091;;Kit 2 Poltronas Viena Gomada Suede Pés Palito Castanho;2023-06-13;;active;;Classico;Por conta do comprador;159;variation;1;;;178633882119;Cor: Rosa bebê
MLB3346318263;80091;;Kit 2 Poltronas Viena Gomada Suede Pés Palito Castanho;2023-06-13;;active;;Classico;Por conta do comprador;159;variation;1;;;178633882121;Cor: Rose
MLB3346318263;80091;;Kit 2 Poltronas Viena Gomada Suede Pés Palito Castanho;2023-06-13;;active;;Classico;Por conta do comprador;159;variation;1;;;178633882123;Cor: Verde
MLB3829765746;49106;7908439270144;Poltrona Decorativa Sala Stella Linho Grosso Bege Pés Palito Natural D'rossi;2023-07-24;;active;;Premium;Por conta do comprador;317;item;0;;;;
MLB3359705405;30303;7908439208284;Poltrona Sala Anitta Corano Nozes Pés Castanho D'rossi Marrom Liso;2023-06-27;;active;;Premium;Por conta do comprador;253;item;0;;;;
MLB3346300843;80053;7908670891214;Poltrona Viena Gomada Suede Grafite Pés Palito Castanho Cinza Liso;2023-06-13;;active;;Premium;Por conta do comprador;318;item;0;;;;
MLB3750067900;33919;7908274410583;Poltrona Sala Decorativa Elisa Giratória Madeira Sintético Pu Nozes D03 - D'rossi Liso;2023-06-27;;active;;Premium;Por conta do comprador;997;item;0;;;;
MLB3757568256;2874;7890000172301;Cadeira Eiffel Charles Eames Branca Em Madeira E Polipropileno D'rossi Branco;2023-06-29;;active;;Premium;Frete gratis;27;item;0;;;;
MLB3364869093;41381;7908274484898;Mesa Para Computador Escrivaninha Porto 120cm Preto D'rossi;2023-07-03;;active;;Premium;Por conta do comprador;6;item;0;;;;
MLB3755305432;76782;7908670834044;Poltrona Decorativa Industrial Dourado Kit 2 Stella Suede Azul Marinho D'rossi Liso;2023-06-29;;active;;Premium;Por conta do comprador;506;item;0;;;;
MLB3771854398;37539;7908274429011;Poltrona D'rossi Stella Peach Rose Cor Rosa Desenho Do Tecido Liso;2023-07-05;;active;;Premium;Por conta do comprador;318;item;0;;;;
MLB3370215115;53902;7908477224512;Puff Love Suede Bege Base Industrial Cobre - D'rossi;2023-07-07;;active;;Premium;Por conta do comprador;1000;item;0;;;;
MLB3371080625;74276;7908575991088;Puff Sher Corano Nozes Pés Palito De Ferro - D'rossi Marrom;2023-07-09;;active;;Premium;Frete gratis;291;item;0;;;;
MLB3370663747;76118-66252;7908670829798;Cabeceira California Para Cama Box Queen 160 Cm Suede Cor Marrom - D'rossi;2023-07-08;;active;;Classico;Por conta do comprador;1000;item;0;;;;
MLB3809715916;80907;7908670857814;Folhagem Buxo Real Toque Com Powder Plástico 13x33 Cm Verde Verde;2023-07-17;;active;;Premium;Por conta do comprador;27;item;0;;;;
MLB3387497891;73481;7908575983687;Sofá Cama 2 Lugares 210cm Lisboa Sintético Branco - D'rossi Liso;2023-07-24;;active;;Premium;Por conta do comprador;277;item;0;;;;
MLB3831216414;79131;7908670869909;Poltrona Stella Corino Branco Base Metálica Industrial Preto Liso Branco Liso;2023-07-25;;active;;Premium;Por conta do comprador;1000;item;0;;;;
MLB3387554031;74015;7908575981454;Sofá 3 Lugares 182cm Living Sala Base Madeira Castanho Juliette Corino Bege Liso;2023-07-24;;active;;Premium;Por conta do comprador;1000;item;0;;;;
MLB3829648900;74017;7908575984622;Sofá 03 Lugares Juliette Corino Branco Base Madeira Castanho Liso;2023-07-24;;active;;Premium;Por conta do comprador;1000;item;0;;;;
MLB3387561065;65915;7908575928039;Poltrona Sala Decorativa Marisa Aço Industrial Dourado Linho Bege D03 - D'rossi Liso Bege Liso;2023-07-24;;active;;Premium;Por conta do comprador;1000;item;0;;;;
MLB3831834076;79147;7908670869961;Poltrona Sala De Estar Base Industrial Preto Stella Corano Nozes D'rossi Liso;2023-07-25;;active;;Premium;Por conta do comprador;1012;item;0;;;;
MLB3387647663;49560;7908439278133;Poltrona Sala Decorativa Stella Pé Palito Natural Suede Cinza - D'rossi Liso;2023-07-24;;active;;Premium;Por conta do comprador;328;item;0;;;;
MLB3829724202;67495;7908575935747;Kit 02 Poltronas Stella Corano Nozes Pés Palito Castanho Marrom Liso Marrom Liso;2023-07-24;;active;;Premium;Por conta do comprador;148;item;0;;;;
MLB3387473157;47980;7908439254960;Kit Com 2 Poltronas Marisa D'rossi De Suede Marrom Com Pés Dourados Liso;2023-07-24;;active;;Premium;Por conta do comprador;500;item;0;;;;
MLB3828058360;57605;7908477245012;Adorno Coração Decorativo Deitado Dourado Em Cerâmica 10x11 Dourado;2023-07-24;;active;;Classico;Por conta do comprador;11;item;0;;;;
MLB3829717240;50908;7908439287562;Poltrona Giratória Stella Suede Preto Base Madeira Mm30 Liso Preto Liso;2023-07-24;;active;;Classico;Por conta do comprador;1000;item;0;;;;
MLB3387496531;35903;7908274422609;Poltrona Shell Corino Bege Sala Quarto - D'rossi;2023-07-24;;active;;Premium;Por conta do comprador;1000;item;0;;;;
MLB3387461035;71385;7908575938960;Poltrona Giratória Stella Suede Cinza Base Cromada - D'rossi Liso;2023-07-24;;active;;Classico;Por conta do comprador;998;item;0;;;;
MLB3831847516;65709;7908575925618;Poltrona Sala Decorativa Kit 2 Marisa Aço Industrial Preto Linho Grafite D03 - D'rossi Liso;2023-07-25;;active;;Premium;Por conta do comprador;500;item;0;;;;
MLB3829719376;49252;7908439272063;Kit 02 Poltronas Stella Linho Areia A27 Pés Palito Natural Bege Liso;2023-07-24;;active;;Premium;Por conta do comprador;158;item;0;;;;
MLB3829751416;59807;7908477271547;Cabeceira Stambul Para Cama Box King 195 Cm Suede Bege;2023-07-24;;active;;Classico;Por conta do comprador;1000;item;0;;;;
MLB3387560029;76899;7908670834525;Poltrona Stella Corano Nozes Base Industrial Dourada D'rossi Marrom Liso;2023-07-24;;active;;Premium;Por conta do comprador;1012;item;0;;;;
MLB3387626339;53928;7908477224666;Kit 04 Puffs Iron Suede Preto Base Metálica Cobre - D'rossi;2023-07-24;;active;;Premium;Por conta do comprador;250;item;0;;;;
MLB3831219076;79109;7908670869817;Poltrona Sala De Estar Base Industrial Preto Stella Veludo Preto D'rossi Preto Liso;2023-07-25;;active;;Premium;Por conta do comprador;1000;item;0;;;;
MLB3387464449;51166;7908439288910;Poltrona Giratória Stella Linho Cinza Claro A05 Base Cromada;2023-07-24;;active;;Premium;Por conta do comprador;999;item;0;;;;
MLB3831216008;78945;7908670869015;Poltrona Stella Corano Nozes Com Linho Grafite Base Metálica Liso;2023-07-25;;active;;Classico;Por conta do comprador;1000;item;0;;;;
MLB3831112208;54496;7908477229029;Kit 02 Poltronas Marisa Suede Marrom Base X Dourada Liso;2023-07-25;;active;;Premium;Por conta do comprador;500;item;0;;;;
MLB3831145404;56613;7908477245159;Poltrona Marisa Corano Nozes Com Linho Grosso Bege A19 Base Industrial Metálica Preto Liso;2023-07-25;;active;;Premium;Por conta do comprador;1000;item;0;;;;
MLB3831203782;78987;7908670869244;2 Poltronas Stella Corano Preto C/ Linho Cinza Base Metálica Liso;2023-07-25;;active;;Premium;Por conta do comprador;500;item;0;;;;
MLB3831215166;76678;7908670833535;Poltrona Stella Corano Nozes Linho Bege A19 Base Industrial Liso;2023-07-25;;active;;Premium;Por conta do comprador;1010;item;0;;;;
MLB3831122896;52286;7908439298018;Poltrona Sala Decorativa Marisa Giratória Madeira Suede Grafite - D'rossi Liso;2023-07-25;;active;;Premium;Por conta do comprador;1000;item;0;;;;
MLB3831189584;78955;7908670869084;2 Poltronas Stella Corano Nozes C/ Linho Preto Base Metálica Liso;2023-07-25;;active;;Premium;Por conta do comprador;500;item;0;;;;
MLB3831137330;72105;7908575980303;Poltronas Sala Decorativa Kit 2 Lana Suede Bege Base De Madeira D03 - D'rossi Liso;2023-07-25;;active;;Premium;Por conta do comprador;136;item;0;;;;
MLB3831157408;48552;7908439259743;Poltrona Stella Linho Preto A79 Pés Palito Castanho D'rossi Liso;2023-07-25;;active;;Premium;Por conta do comprador;318;item;0;;;;
MLB3831190412;58103;7908477257145;Kit 01 Namoradeira E 01 Poltrona Giovana Suede Azul Marinho Liso;2023-07-25;;active;;Premium;Por conta do comprador;145;item;0;;;;
MLB3831152194;67669;7908575938090;Kit 02 Poltronas Stella Corino Branco Pés Palito Natural Liso;2023-07-25;;active;;Premium;Por conta do comprador;164;item;0;;;;
MLB3831140324;49594;7908439278492;Kit 2 Poltronas Decorativa Sala De Estar Recepção Stella Suede Azul Marinho Pés Palito Natural Liso;2023-07-25;;active;;Premium;Por conta do comprador;158;item;0;;;;
MLB3831145064;71645;7908575975262;Namoradeira 02 Lugares Stella Suede Cinza Pés Palito Natural Liso;2023-07-25;;active;;Classico;Por conta do comprador;328;item;0;;;;
MLB3831202438;67429;7908575938861;Poltrona Stella Suede Verde Pés Palito Castanho Liso;2023-07-25;;active;;Premium;Por conta do comprador;318;item;0;;;;
MLB3831209734;79051;7908670869558;Kit 2 Poltronas Stella Suede Preto Base Metálica Preto Liso;2023-07-25;;active;;Premium;Por conta do comprador;500;item;0;;;;
MLB3831121152;54500;7908477229043;Kit 02 Poltronas Marisa Suede Preto Base X Dourada Liso;2023-07-25;;active;;Premium;Por conta do comprador;500;item;0;;;;
MLB3831162616;53414;7908477204149;Kit 04 Cadeiras De Jantar Liz Corino Bege Pés Palito D'rossi Liso;2023-07-25;;active;;Classico;Por conta do comprador;76;item;0;;;;
MLB3831205368;49602;7908439278539;Kit 02 Poltronas Stella Suede Grafite Pés Palito Natural Liso;2023-07-25;;active;;Premium;Por conta do comprador;164;item;0;;;;
MLB3831188940;76794;7908670834105;D'rossi Premium Stella Poltrona Marrom;2023-07-25;;active;;Premium;Por conta do comprador;499;item;0;;;;
MLB3831149160;54468;7908748163120;Poltrona Sala Decorativa Marisa Aço Industrial X Preto Suede Cinza Liso;2023-07-25;;active;;Premium;Por conta do comprador;1000;item;0;;;;
MLB3831096908;67671;7908575938106;Poltrona Stella Corino Preto Pés Palito Natural - D'rossi Liso;2023-07-25;;active;;Premium;Por conta do comprador;317;item;0;;;;
MLB3831098412;58491;7908477260411;Cabeceira Opala Para Cama Box Casal 140 Cm Suede Preto;2023-07-25;;active;;Premium;Por conta do comprador;1000;item;0;;;;
MLB3391897721;76814;7908670834198;Poltrona Stella Linho Preto A79 Base Industrial Dourada Liso;2023-07-28;;active;;Premium;Por conta do comprador;998;item;0;;;;
MLB3831096084;79063;7908670869602;Poltrona Stella Linho Cinza Base Metálica Industrial Preto Liso;2023-07-25;;active;;Premium;Por conta do comprador;999;item;0;;;;
MLB3388037213;79073;7908670869657;Kit 2 Poltronas Stella Linho Cinza Base Metálica Preto Liso;2023-07-25;;active;;Premium;Por conta do comprador;499;item;0;;;;
MLB3387972217;52100;7908439296779;Kit 01 Namoradeira E 02 Poltronas Marisa Suede Preto Liso;2023-07-25;;active;;Premium;Por conta do comprador;318;item;0;;;;
MLB3389558065;61827;7908477279130;Cabeceira Painel Dubai Cama Box Queen 160 Cm Suede Azul;2023-07-26;;active;;Premium;Por conta do comprador;1000;item;0;;;;
MLB3836265432;77067;7908670835652;Cadeira De Jantar D'rossi Belle Veludo Preto Estrutura Aço Carbono;2023-07-26;;active;;Premium;Frete gratis;4;item;0;;;;
MLB3391980045;65693;7908575925564;Poltrona Marisa Linho Areia A27 Base Metálica Preto Bege Liso;2023-07-28;;active;;Premium;Por conta do comprador;1000;item;0;;;;
MLB3389534425;78671;7908670859566;Sofá Sala De Estar Recepção 2 Lugares Namoradeira Lana Suede Verde Base De Madeira Liso;2023-07-26;;active;;Premium;Por conta do comprador;273;item;0;;;;
MLB3391996875;57419;7908670802883;Kit 02 Poltronas Giovana Corino Preto Pés Palito Castanho Liso;2023-07-28;;active;;Classico;Por conta do comprador;159;item;0;;;;
MLB3840720376;80031;7908670893096;Poltrona Viena D'rossi Branca De Corino Para 1 Lugar Com Pés Palito Branco Liso;2023-07-27;;active;;Classico;Por conta do comprador;328;item;0;;;;
MLB3840692388;51178;7908439289009;Poltrona Giratória Stella Linho Preto A79 Base Cromada;2023-07-27;;active;;Premium;Por conta do comprador;998;item;0;;;;
MLB3840892316;51274;7908439289450;Kit 02 Poltronas Giratória Stella Linho Preto D'rossi Liso;2023-07-27;;active;;Premium;Por conta do comprador;499;item;0;;;;
MLB3389523661;78785;7908670860227;Sofá Tradicional D'rossi Premium Kit Para Sala De 2 Cuerpos Tela Veludo Color Preto Liso;2023-07-26;;active;;Premium;Por conta do comprador;273;item;0;;;;
MLB3840847488;62495;7908477293297;Poltrona Giratória Giovana Suede Rosa Bebê Base Madeira Ma30 Liso;2023-07-27;;active;;Premium;Por conta do comprador;1000;item;0;;;;
MLB3840897018;47294;7908439249881;Namoradeira Stella Suede Verde Pés Palito Castanho D'rossi Liso;2023-07-27;;active;;Premium;Por conta do comprador;318;item;0;;;;
MLB3387932931;6628;7908439208635;Poltrona Decorativa Stella Suede Marrom Pés Palito - D'rossi Liso;2023-07-25;;active;;Premium;Por conta do comprador;318;item;0;;;;
MLB3840894842;61443;7908477286367;Cabeceira Verona Para Cama Box Queen 160 Cm Suede Cinza;2023-07-27;;active;;Premium;Por conta do comprador;1000;item;0;;;;
MLB3389524845;74099;7908575983854;Espelho Com Moldura De Plastíco Rosê Alça Caramelo 65x43,5cm;2023-07-26;;active;;Premium;Frete gratis;34;item;0;;;;
MLB3391801291;71647;7908575975279;Namoradeira 02 Lugares Stella Suede Grafite Pés Palito Liso;2023-07-27;;active;;Premium;Por conta do comprador;328;item;0;;;;
MLB3846066312;78161;7908670849291;Namoradeira 02 Lugares Mari Veludo Rosê Pés Palito Castanho Rosa Liso;2023-07-28;;active;;Classico;Por conta do comprador;318;item;0;;;;
MLB3391831291;76352;7908670832132;Poltrona Stella Corino Bege Base Madeira Castanho - D'rossi Liso Bege Liso;2023-07-28;;active;;Premium;Por conta do comprador;995;item;0;;;;
MLB3391673123;76885;7908670834471;Poltrona Decorativa Industrial Dourado Stella Sintético Preto - D'rossi Preto Liso;2023-07-27;;active;;Premium;Por conta do comprador;1000;item;0;;;;
MLB3392831157;79117;7908670869848;Kit 2 Poltronas Stella Veludo Bege Base Metálica Preto Liso;2023-07-28;;active;;Classico;Por conta do comprador;500;item;0;;;;
MLB3392855493;78721;7908670859948;Sofá Lana Linho Preto A79 Base De Madeira - D'rossi Liso;2023-07-28;;active;;Classico;Por conta do comprador;273;item;0;;;;
MLB3391623637;72029;7908575979918;Poltrona Mari De Suede Azul, Com Pés Palito Castanho Liso;2023-07-27;;active;;Premium;Por conta do comprador;318;item;0;;;;
MLB3860834868;35915;7908274422784;Poltrona Costela Suede Marrom - D'rossi Liso;2023-08-01;;active;;Premium;Por conta do comprador;1;item;0;;;;
MLB3860816496;76356;7908670832156;Poltrona Stella Corino Preto Base Madeira Castanho - D'rossi Liso;2023-08-01;;active;;Premium;Por conta do comprador;995;item;0;;;;
MLB3391761919;74212;7908575992368;Poltrona Sher Tipo Costela Corano Branco Pés De Ferro Liso;2023-07-27;;active;;Premium;Por conta do comprador;525;item;0;;;;
MLB3391652261;58023;7908477256476;Kit 02 Poltronas Giovana Suede Grafite Pés Palito De Ferro Liso;2023-07-27;;active;;Premium;Por conta do comprador;145;item;0;;;;
MLB3860819482;49962;7908439284042;Poltrona Sala Decorativa Kit 2 Marisa Giratória Madeira Suede Preto - D'rossi Liso;2023-08-01;;active;;Premium;Por conta do comprador;500;item;0;;;;
MLB3391497295;76526;7908670832279;Kit 01 Poltrona E 01 Puff Stella Suede Bege Base Madeira Liso;2023-07-27;;active;;Premium;Por conta do comprador;256;item;0;;;;
MLB3392452969;52750;7908103722290;Enfeite Decorativo Macaco Não Falo Em Cimento Bege 12x8,5 Bege;2023-07-28;;active;;Premium;Por conta do comprador;1;item;0;;;;
MLB3860836342;38067;7908670853588;Capa Almofada D'rossi Suede Azul Zig Zag 42x42cm Moderna;2023-08-01;;active;;Classico;Por conta do comprador;1000;item;0;;;;
MLB3392445171;53692;7908103732725;Enfeite Decorativo Esfera Em Poliresina Off White 13x13 Cm Branco Redondo;2023-07-28;;active;;Premium;Frete gratis;14;item;0;;;;
MLB3394588911;53698;7908103732800;Enfeite Decorativo Pássaro Em Poliresina Preto 44x9 Cm Preto;2023-07-31;;active;;Premium;Frete gratis;10;item;0;;;;
MLB3846449382;65691;7908575925557;Poltrona Marisa Linho Grafite A26 Base Metálica Preto Liso;2023-07-29;;active;;Premium;Por conta do comprador;1000;item;0;;;;
MLB3394476569;60181;7908477288064;Escultura Decorativa C/base Descanso Ouro Fosco 23x30 Cm Dourado;2023-07-31;;active;;Premium;Frete gratis;4;item;0;;;;
MLB3846447758;74392;7908575967564;Poltrona Mari Suede Cinza Pés Palito De Ferro Marrom Liso;2023-07-29;;active;;Classico;Por conta do comprador;291;item;0;;;;
MLB3406108739;59751;7908477271035;Cabeceira Malibu Para Cama Box Queen 160 Cm Suede Grafite;2023-08-10;;active;;Classico;Frete gratis;1000;item;0;;;;
MLB3396497203;72227;7908575977792;Namoradeira 02 Lugares Stella Corano Nozes Pés Palito Marrom Liso;2023-08-01;;active;;Classico;Por conta do comprador;296;item;0;;;;
MLB3402479985;81481;;Kit 2 Poltronas Elisa Corino Pés Palito Castanho - D'rossi;2023-08-07;;active;;Classico;Por conta do comprador;125;variation;1;;;179343611925;Cor: Bege
MLB3402479985;81481;;Kit 2 Poltronas Elisa Corino Pés Palito Castanho - D'rossi;2023-08-07;;active;;Classico;Por conta do comprador;159;variation;1;;;179343611927;Cor: Branco
MLB3402479985;81481;;Kit 2 Poltronas Elisa Corino Pés Palito Castanho - D'rossi;2023-08-07;;active;;Classico;Por conta do comprador;159;variation;1;;;179343611929;Cor: Preto
MLB3862685846;60175;7908477288033;Máscara Sopro Decorativa Preto Fosco Em Cerâmica Design Preto;2023-08-02;;active;;Classico;Frete gratis;4;item;0;;;;
MLB3396972017;53152;7908477202367;Cadeira Sala Jantar Kit 6 Liz Pé Palito Castanho Suede Marrom Rato D03 - D'rossi Liso;2023-08-02;;active;;Classico;Por conta do comprador;51;item;0;;;;
MLB3860362410;81323;7908748102181;Kit 2 Poltronas Elisa Veludo Cinza Pés Palito Castanho Azul Liso;2023-08-01;;active;;Premium;Por conta do comprador;159;item;0;;;;
MLB3860760876;54474;7908477228794;Poltrona Sala Decorativa Marisa Aço Industrial X Preto Suede Marrom Rato - D'rossi Liso;2023-08-01;;active;;Premium;Por conta do comprador;1000;item;0;;;;
MLB3397157145;60175;7908477288033;Máscara Sopro Decorativa Preto Fosco Em Cerâmica 35x16x20 Cm Preto;2023-08-02;;active;;Premium;Frete gratis;4;item;0;;;;
MLB3396556169;54436;7908477228541;Poltrona Sala Decorativa Marisa Aço Industrial X Dourado Suede Marrom - D'rossi Liso;2023-08-01;;active;;Classico;Por conta do comprador;1000;item;0;;;;
MLB3399866891;33923;7908748143641;Poltrona Elisa Couro Nozes Com Linho Bege Pés Palito Desenho Do Tecido Liso;2023-08-04;;active;;Premium;Por conta do comprador;328;item;0;;;;
MLB3399918981;54448;7908477228565;Poltrona Sala Decorativa Marisa Aço Industrial X Dourado Suede Preto - D'rossi Liso;2023-08-04;;active;;Premium;Por conta do comprador;1000;item;0;;;;
MLB3396513593;71651;7908575975293;Namoradeira 02 Lugares Stella Suede Marrom Rato Pés Palito Liso;2023-08-01;;active;;Premium;Por conta do comprador;328;item;0;;;;
MLB3399700221;59799;7908477271479;Cabeceira Stambul Para Cama Box Queen 160 Cm Suede Grafite;2023-08-04;;active;;Premium;Por conta do comprador;16;item;0;;;;
MLB3402764633;40145;7908274474479;Manta Sofá Vermelha 120x150cm Algodão Liso D'rossi Com Franjas Vermelho;2023-08-07;;active;;Premium;Por conta do comprador;34;item;0;;;;
MLB3892410328;67641;7908575940086;Kit 02 Poltronas Stella Veludo Bege Pés Palito Natural Liso;2023-08-10;;active;;Premium;Por conta do comprador;164;item;0;;;;
MLB3396495953;64625;7908575916593;Kit 02 Poltronas Giovana Linho Areia A27 Pés Palito De Ferro Bege Liso;2023-08-01;;active;;Classico;Por conta do comprador;145;item;0;;;;
MLB3396240053;81357;7908748101276;Kit 1 Sofá E 2 Poltronas Elisa Veludo Bege Pés Palito Bege Liso;2023-08-01;;active;;Premium;Por conta do comprador;106;item;0;;;;
MLB3398691447;44968;7908103728544;Cachepot Terracota C/ Suporte Metálico Preto 15x10,5 Cm Laranja Liso;2023-08-03;;active;;Premium;Por conta do comprador;1;item;0;;;;
MLB3396543071;74382;7908575967526;Kit De 2 Poltronas Mari Rosa-bebê Em Suede Com Pés De Ferro Preto Liso;2023-08-01;;active;;Classico;Por conta do comprador;145;item;0;;;;
MLB3863771340;57693;7908477246156;Cachepot Cinza Com Suporte Em Metal G 15x8 Cm - D'rossi Cinza Liso;2023-08-02;;active;;Premium;Por conta do comprador;5;item;0;;;;
MLB3406752457;59252;7908477266413;Cabeceira Opala Para Cama Box Queen 160 Cm Suede Preto;2023-08-11;;active;;Premium;Frete gratis;1000;item;0;;;;
MLB3409726295;61629;7908477285858;Cabeceira Garden Para Cama Box Casal 140 Cm Corino Bege;2023-08-14;;active;;Classico;Frete gratis;1000;item;0;;;;
MLB3894031776;67345;7908575935211;Poltrona Stella Corano Nozes Com Linho Areia A27 Pés Palito Marrom Liso;2023-08-11;;active;;Premium;Por conta do comprador;296;item;0;;;;
MLB3406747765;79941;7908670891160;Kit 2 Poltronas D'rossi Viena Verde Suede C/ Pés Palito Natural Liso;2023-08-11;;active;;Classico;Por conta do comprador;164;item;0;;;;
MLB3406720331;49112;7908439270151;Poltrona Stella Linho A26 Pés Palito Natural - D'rossi Grafite Liso;2023-08-11;;active;;Premium;Por conta do comprador;317;item;0;;;;
MLB3406738827;79139;7908670869930;Kit 2 Poltronas Stella Corino Branco Base Metálica Preto Liso;2023-08-11;;active;;Classico;Por conta do comprador;500;item;0;;;;
MLB3899431302;81511;;Poltrona Elisa Corano Pés Palito Castanho - D'rossi;2023-08-15;;active;;Classico;Por conta do comprador;253;variation;1;;;178470581246;Cor: Nozes
MLB3899431302;81511;;Poltrona Elisa Corano Pés Palito Castanho - D'rossi;2023-08-15;;active;;Classico;Por conta do comprador;318;variation;1;;;178470581248;Cor: Branco
MLB3899431302;81511;;Poltrona Elisa Corano Pés Palito Castanho - D'rossi;2023-08-15;;active;;Classico;Por conta do comprador;259;variation;1;;;178470581250;Cor: Preto
MLB3406712141;60547;-1;Vaso Bacia Decorativo Redondo Preto M 13x40 Cm - D'rossi Preto Vaso Bacia Decorativo;2023-08-11;;active;;Classico;Frete gratis;8;item;0;;;;
MLB3406691907;67655;7908575940154;Poltrona Stella Veludo Verde Esmeralda Pés Palito Natural Liso;2023-08-11;;active;;Premium;Por conta do comprador;328;item;0;;;;
MLB3407803785;67155;7908575934283;Kit 10 Cadeiras D'rossi Liz Estofadas Corino Branco Base Giratória Liso Castanho;2023-08-12;;active;;Classico;Por conta do comprador;2;item;0;;;;
MLB3405754727;61075;7908477276894;Cabeceira Para Cama Box King De 195 Cm Em Suede Cinza;2023-08-10;;active;;Premium;Por conta do comprador;1000;item;0;;;;
MLB3407803283;81435;7908748102365;Kit 2 Poltronas Elisa Linho Bege A19 Pés Palito Castanho Liso;2023-08-12;;active;;Classico;Por conta do comprador;159;item;0;;;;
MLB3405789483;75340;7908670800377;Poltrona Giratória Alabama Veludo Azul Marinho Base Madeira Liso;2023-08-10;;active;;Premium;Por conta do comprador;1000;item;0;;;;
MLB3894123636;80087;7908670891375;Kit 2 Poltronas Viena D'rossi De Suede Rosê Com Pés Castanhos Rosa Liso;2023-08-11;;active;;Premium;Por conta do comprador;159;item;0;;;;
MLB3895755870;60185;7908477288088;Escultura Decorativa Rosto Cego Cerâmica Grafite 25x15cm D'rossi;2023-08-13;;active;;Classico;Frete gratis;8;item;0;;;;
MLB3406085191;59755;7908477271059;Cabeceira Para Cama Box Queen D'rossi De Suede Preto 160 Cm;2023-08-10;;active;;Classico;Frete gratis;1;item;0;;;;
MLB3894608716;64657;7908575907294;Kit 01 Namoradeira E 02 Poltronas Giovana Corino Bege Liso;2023-08-11;;active;;Classico;Por conta do comprador;97;item;0;;;;
MLB3406744261;78657;7908670861231;Sofá 2 Lugares Namoradeira Lana Suede Bege Base De Madeira - D'rossi Liso;2023-08-11;;active;;Classico;Por conta do comprador;273;item;0;;;;
MLB3895143842;47316;7908439250016;Sofá 2 Lugares Namoradeira Stella Pés Palito Castanho Suede Cinza Liso;2023-08-12;;active;;Premium;Por conta do comprador;318;item;0;;;;
MLB3409745197;59599;7908477269452;Aparador Brooklyn Industrial D'rossi Dourado 138cm Sala Estar Preto;2023-08-14;;active;;Premium;Por conta do comprador;17;item;0;;;;
MLB3931793518;60295;7908477288590;Escultura Decorativa Elos Em Cerâmica Chumbo 12x15x8,5 Cinza;2023-08-24;;active;;Premium;Frete gratis;9;item;0;;;;
MLB3899280958;81525-69741;;Sofá Namoradeira Elisa Corano Pés Palito Castanho - D'rossi;2023-08-15;;active;;Classico;Por conta do comprador;252;variation;1;;;178470559106;Cor: Nozes
MLB3899280958;81525-69739;;Sofá Namoradeira Elisa Corano Pés Palito Castanho - D'rossi;2023-08-15;;active;;Classico;Por conta do comprador;318;variation;1;;;178470559108;Cor: Branco
MLB3899280958;81525-69743;;Sofá Namoradeira Elisa Corano Pés Palito Castanho - D'rossi;2023-08-15;;active;;Classico;Por conta do comprador;251;variation;1;;;178470559110;Cor: Preto
MLB3410505041;77523;7908748101597;Poltrona Elisa Corano Nozes Pés Palito Castanho - D'rossi Marrom Liso;2023-08-15;;active;;Premium;Por conta do comprador;296;item;0;;;;
MLB3410493621;81511;;Poltrona Elisa Corano Pés Palito Castanho D'rossi;2023-08-15;;active;;Premium;Por conta do comprador;253;variation;1;;;179435593947;Cor: Nozes
MLB3410493621;81511;;Poltrona Elisa Corano Pés Palito Castanho D'rossi;2023-08-15;;active;;Premium;Por conta do comprador;318;variation;1;;;179435593949;Cor: Branco
MLB3410493621;81511;;Poltrona Elisa Corano Pés Palito Castanho D'rossi;2023-08-15;;active;;Premium;Por conta do comprador;259;variation;1;;;179435593951;Cor: Preto
MLB3899270054;81535;7908748101740;Kit 1 Sofá E 2 Poltronas Elisa Corano Branco Pés Palito Branco Liso;2023-08-15;;active;;Premium;Por conta do comprador;106;item;0;;;;
MLB3415514197;62697;7908477297455;Vaso Decorativo Barca Preto 17x63x17 Cm - D'rossi Vaso Bacia Decorativo;2023-08-19;;active;;Classico;Frete gratis;5;item;0;;;;
MLB3415702947;62687;7908477297424;Vaso Bacia Decorativo Osaka Branco Vietnamita 11,5x44x36 Cm;2023-08-19;;active;;Classico;Frete gratis;9;item;0;;;;
MLB3916963380;66231;7908575928879;Kit 2 Mesas De Cabeceira Organizadora Ellie 3 Gavetas Branco Pintura Uv;2023-08-20;;active;;Classico;Por conta do comprador;500;item;0;;;;
MLB3414750643;52376;7908103724294;Escultura Decorativa Face Em Poliresina Preto 42x14,5 Cm Preto;2023-08-18;;active;;Premium;Por conta do comprador;7;item;0;;;;
MLB3414603173;60373;7908477288927;Escultura Decorativa Barco Poliresina Madeira 32x24x5 Cm Bege;2023-08-18;;active;;Classico;Frete gratis;1;item;0;;;;
MLB3917289064;60585;7908477291545;Vaso Bacia Decorativo Osaka Preto G 16x65x52 Cm - D'rossi;2023-08-20;;active;;Premium;Frete gratis;10;item;0;;;;
MLB3921684520;60311;7908477288668;Escultura Decorativa Pássaro Em Cerâmica Dourado 8x23x6 Cm Dourado;2023-08-21;;active;;Classico;Frete gratis;12;item;0;;;;
MLB3921541370;60381;7908477288958;Escultura Decorativa Serpente Em Poliresina 41x16x16 Cm Dourado;2023-08-21;;active;;Premium;Frete gratis;10;item;0;;;;
MLB3414620997;60645;;Escultura Decorativa Dado Em Poliresina Madeira 14x14 Bege;2023-08-18;;active;;Premium;Frete gratis;7;item;0;;;;
MLB3410505037;81537;7908748101764;Kit 1 Sofá E 2 Poltronas Elisa Corano Nozes Pés Palito Marrom Liso;2023-08-15;;active;;Premium;Por conta do comprador;98;item;0;;;;
MLB3933409314;82121;7908748105007;Kit 1 Sofá E 2 Poltronas Elisa Linho Bege Pés Palito Bege Liso;2023-08-24;;active;;Classico;Por conta do comprador;109;item;0;;;;
MLB3412081701;72781;7908575980907;Escultura Decorativa Artesanal Vertical Dourado 1,40m Dourado;2023-08-16;;active;;Classico;Por conta do comprador;3;item;0;;;;
MLB3416464689;62805;7908477298520;Enfeite De Metal Com Base Em Madeira Família 10,5x27x4 Cm;2023-08-20;;active;;Classico;Por conta do comprador;1;item;0;;;;
MLB3420675263;81609;7908748103164;Kit 2 Poltronas Elisa Suede Rosa Bebê Pés Palito Natural Rosa Liso;2023-08-23;;active;;Premium;Por conta do comprador;164;item;0;;;;
MLB3417457389;60289;7908477288569;Escultura Decorativa Elefante Em Poliresina Branco 15x20x9 Branco;2023-08-21;;active;;Premium;Frete gratis;6;item;0;;;;
MLB3982101882;60321;7908477288699;Escultura Decorativa Macacos Em Cimento Bege 11x17,5x7,5 Cm;2023-09-03;;active;;Premium;Frete gratis;1;item;0;;;;
MLB4000900590;60349;7908477288828;Vaso Decorativo Bob Robert Sentando Poliresina Rosa 18x10x10 Rosa Liso;2023-09-05;;active;;Classico;Por conta do comprador;8;item;0;;;;
MLB3428718803;57681;7908477247795;Espelho Decorativo Gota Em Rattan Madeira Oval 75x40 Cm Bege;2023-08-30;;active;;Premium;Frete gratis;2;item;0;;;;
MLB4000436110;60333;7908477288750;Vaso Decorativo Bob Robert Deitado Poliresina Preto 13x14x10 Preto Liso;2023-09-05;;active;;Classico;Por conta do comprador;5;item;0;;;;
MLB3955045932;57673;7908477245784;Escultura Mulher Em Porcelana Preto 17x8 Cm - D'rossi Preto;2023-08-29;;active;;Premium;Por conta do comprador;10;item;0;;;;
MLB3433501569;57611;7908477244992;Lanterna Decorativa Em Rattan 38x30 Cm - D'rossi Castanho;2023-09-04;;active;;Classico;Frete gratis;1;item;0;;;;
MLB3951666824;82175;7908748104017;Kit Sofá E 1 Poltrona Elisa Veludo Preto Pés Palito Natural Preto Liso;2023-08-28;;active;;Premium;Por conta do comprador;164;item;0;;;;
MLB3428740163;57681;7908477247795;Espelho Decorativo Gota Em Rattan Madeira Oval 75x40 Cm Bege;2023-08-30;;active;;Classico;Frete gratis;2;item;0;;;;
MLB3421498861;81545;7908748102563;Poltrona Elisa Suede Azul Marinho Pés Palito Natural Azul Liso;2023-08-24;;active;;Classico;Por conta do comprador;328;item;0;;;;
MLB3429149945;44918;7908103718965;Kit 03 Cachepot Buda Sabedoria Preto Em Cimento - D'rossi Preto Rosto;2023-08-30;;active;;Classico;Por conta do comprador;3;item;0;;;;
MLB4009549682;80749;7908748107018;Pé Madeira Retrô Luiz Xv Kit 4 Poltrona Tabaco 20cm Drossi Tabaco;2023-09-06;;active;;Classico;Por conta do comprador;302;item;0;;;;
MLB3421659949;60295;7908477288590;Escultura Decorativa Elos Em Cerâmica Chumbo 12x15x8,5 Cinza;2023-08-24;;active;;Classico;Frete gratis;9;item;0;;;;
MLB4000335658;60329;7908477288736;Vaso Decorativo Bob Robert Perna Cruzada Preto 14,5x11x10 Preto Liso;2023-09-05;;active;;Premium;Por conta do comprador;5;item;0;;;;
MLB3421430859;81623;7908748103287;Kit 1 Sofá E 1 Poltrona Elisa Suede Cinza Pés Palito Cinza Liso;2023-08-24;;active;;Classico;Por conta do comprador;164;item;0;;;;
MLB3993789710;57687;7908477247771;Quadro Decorativo Em Canvas Desenho Rosto Mulher 80x55 Cm Colorido;2023-09-04;;active;;Premium;Frete gratis;3;item;0;;;;
MLB3434903615;60345;7908477288798;Vaso Decorativo Bob Robert Perna Cruzada Rosa 14,5x11x10 Rosa Liso;2023-09-05;;active;;Premium;Por conta do comprador;6;item;0;;;;
MLB3428734003;57679;7908477246125;Espelho Em Rattan 57x30 Cm - D'rossi Bege;2023-08-30;;active;;Premium;Frete gratis;6;item;0;;;;
MLB3434823263;60345;7908477288798;Vaso Decorativo Bob Robert Perna Cruzada Rosa 14,5x11x10 Rosa Liso;2023-09-05;;active;;Classico;Por conta do comprador;6;item;0;;;;
MLB3434832973;60337;7908477288774;Vaso Decorativo Bob Robert Plant Poliresina Preto 14,5x11x12 Preto Liso;2023-09-05;;active;;Classico;Por conta do comprador;6;item;0;;;;
MLB3434761021;60337;7908477288774;Vaso Decorativo Bob Robert Plant Poliresina Preto 14,5x11x12 Preto Liso;2023-09-05;;active;;Premium;Por conta do comprador;6;item;0;;;;
MLB4051850462;82535;7908748108084;Sofá Namoradeira 2 Poltronas Suede Preto Base Industrial Preto Liso;2023-09-20;;active;;Premium;Por conta do comprador;500;item;0;;;;
MLB3447251453;80943;7908748110551;Kit 03 Espelhos Decorativo Moldura Hexagonal Dourado;2023-09-17;;active;;Premium;Frete gratis;5;item;0;;;;
MLB4070292236;82851;7908748134380;Kit 2 Poltronas Stella Bouclê Bege Pés Palito Castanho Bege Liso;2023-09-25;;active;;Premium;Por conta do comprador;148;item;0;;;;
MLB4052128940;82573;;Kit 2 Poltronas Elisa Linho Base Metálica Industrial Dourada;2023-09-20;;active;;Premium;Por conta do comprador;500;variation;1;;;179969108675;Cor: A19 Bege
MLB4052128940;82573;;Kit 2 Poltronas Elisa Linho Base Metálica Industrial Dourada;2023-09-20;;active;;Premium;Por conta do comprador;500;variation;1;;;179969108677;Cor: A05 Cinza
MLB4052128940;82573;;Kit 2 Poltronas Elisa Linho Base Metálica Industrial Dourada;2023-09-20;;active;;Premium;Por conta do comprador;500;variation;1;;;179969108679;Cor: A26 Grafite
MLB4052128940;82573;;Kit 2 Poltronas Elisa Linho Base Metálica Industrial Dourada;2023-09-20;;active;;Premium;Por conta do comprador;500;variation;1;;;179969108681;Cor: A79 Preto
MLB3456263503;82791;7908748133772;Kit 2 Poltronas Stella Bouclê Bege Pés Palito Natural Bege Liso;2023-09-25;;active;;Classico;Por conta do comprador;158;item;0;;;;
MLB4070190834;82777;;Poltrona Stella Bouclê Pés Palito Natural - D'rossi;2023-09-25;;active;;Premium;Por conta do comprador;328;variation;1;;;183983893107;Cor: Cinza
MLB4070190834;82777;;Poltrona Stella Bouclê Pés Palito Natural - D'rossi;2023-09-25;;active;;Premium;Por conta do comprador;328;variation;1;;;185234844687;Cor: Verde Pistache
MLB4070190834;82777;;Poltrona Stella Bouclê Pés Palito Natural - D'rossi;2023-09-25;;active;;Premium;Por conta do comprador;328;variation;1;;;183983893111;Cor: Mostarda
MLB4070190834;82777;;Poltrona Stella Bouclê Pés Palito Natural - D'rossi;2023-09-25;;active;;Premium;Por conta do comprador;328;variation;1;;;183983893113;Cor: Rose
MLB4070190834;82777;;Poltrona Stella Bouclê Pés Palito Natural - D'rossi;2023-09-25;;active;;Premium;Por conta do comprador;328;variation;1;;;183983893115;Cor: Verde
MLB4070190834;82777;;Poltrona Stella Bouclê Pés Palito Natural - D'rossi;2023-09-25;;active;;Premium;Por conta do comprador;328;variation;1;;;180043385121;Cor: Off white
MLB4070190834;82777;;Poltrona Stella Bouclê Pés Palito Natural - D'rossi;2023-09-25;;active;;Premium;Por conta do comprador;328;variation;1;;;180043385125;Cor: Terra
MLB4070190834;82777;;Poltrona Stella Bouclê Pés Palito Natural - D'rossi;2023-09-25;;active;;Premium;Por conta do comprador;328;variation;1;;;180043385127;Cor: Grafite
MLB4070190834;82777;;Poltrona Stella Bouclê Pés Palito Natural - D'rossi;2023-09-25;;active;;Premium;Por conta do comprador;317;variation;1;;;180043385129;Cor: Bege
MLB4070190832;82857;7908748134335;Kit 2 Poltronas Stella Bouclê Terra Pés Palito Castanho Marrom Liso;2023-09-25;;active;;Premium;Por conta do comprador;159;item;0;;;;
MLB4065382856;57707;7908477247818;Bandeja Decorativa Quadrada D'rossi Metal Prata Espelhada 21cm;2023-09-23;;active;;Premium;Frete gratis;1;item;0;;;;
MLB4065423050;77491;7908670854301;Kit 4 Pés Palito 30cm Retrô Poltrona Castanho C/ 4 Chapinhas;2023-09-23;;active;;Premium;Por conta do comprador;296;item;0;;;;
MLB4051910862;82539;7908748108121;Sofá Namoradeira E 2 Poltronas Suede Rosê Base Industrial Rosa Liso;2023-09-20;;active;;Premium;Por conta do comprador;500;item;0;;;;
MLB4065423178;77499;7908670854349;Pés Palito Sofá E Poltrona Kit 04 Castanho 25 Cm - D'rossi;2023-09-23;;active;;Premium;Por conta do comprador;301;item;0;;;;
MLB4070228356;82795;7908748133697;Kit 2 Poltronas Stella Bouclê Off White Pés Palito Natural Branco Liso;2023-09-25;;active;;Premium;Por conta do comprador;164;item;0;;;;
MLB3451058141;82525;7908748107988;Sofá Namoradeira 2 Poltronas Suede Bege Base Industrial Bege Liso;2023-09-20;;active;;Classico;Por conta do comprador;500;item;0;;;;
MLB4051910826;82455;7908748107346;Sofá Namoradeira Elisa Suede Cinza Base Industrial Dourada Cinza Liso;2023-09-20;;active;;Premium;Por conta do comprador;1000;item;0;;;;
MLB4051839098;82453;7908748107322;Sofá Namoradeira Elisa Suede Bege Base Industrial Dourada Bege Liso;2023-09-20;;active;;Premium;Por conta do comprador;1001;item;0;;;;
MLB4070228358;82815;7908748134137;1 Sofá Namoradeira 2 Poltronas Bouclê Bege Pés Palitonatural Bege Liso;2023-09-25;;active;;Premium;Por conta do comprador;105;item;0;;;;
MLB4051850454;82445;7908748107261;Poltrona Elisa Suede Verde Base Metálica Industrial Dourada Verde Liso;2023-09-20;;active;;Premium;Por conta do comprador;1000;item;0;;;;
MLB3451045103;82431;7908748107124;Poltrona Elisa Suede Cinza Base Metálica Industrial Dourada Cinza Liso;2023-09-20;;active;;Classico;Por conta do comprador;1000;item;0;;;;
MLB3453800033;82891;7908748131518;Sofá Namoradeira Elisa Corano Nozes Base Metálica Preto Marrom Liso;2023-09-22;;active;;Premium;Por conta do comprador;1002;item;0;;;;
MLB4057260680;82709;7908748123636;Poltrona Stella Max Corino Bege Base Giratória - D'rossi Branco Liso;2023-09-21;;active;;Premium;Por conta do comprador;1000;item;0;;;;
MLB4045949040;79675;7908670890323;Kit 3 Porta Temperos Vidro D'rossi Tampa Metálica Dourado 170ml;2023-09-17;;active;;Classico;Por conta do comprador;17;item;0;;;;
MLB3438245233;82273;7908748105168;Kit 2 Poltronas Elisa Corino Bege Pés Palito Natural Bege Liso;2023-09-08;;active;;Premium;Por conta do comprador;158;item;0;;;;
MLB3436436081;80753;7908748107032;Pé Madeira Kit 04 Retrô Luiz Xv Poltrona Puff Castanho 20cm Castanho;2023-09-06;;active;;Premium;Por conta do comprador;353;item;0;;;;
MLB3443033231;82011;7908748112258;Poltrona Decorativa Milão D07 Pés Madeira Linho Marfim Bege Não;2023-09-13;;active;;Premium;Por conta do comprador;1000;item;0;;;;
MLB3438277089;82269;7908748105243;Sofá Namoradeira Elisa Corino Preto Pés Palito Natural Preto Liso;2023-09-08;;active;;Classico;Por conta do comprador;328;item;0;;;;
MLB3436594315;62729;7908477297950;Pássaro Decorativo Em Cerâmica Rose 12x12x5 Cm - D'rossi Rosa;2023-09-06;;active;;Premium;Por conta do comprador;53;item;0;;;;
MLB3436449741;80749;7908748107018;Pé Madeira Luiz Xv Kit 4 Retrô 20 Cm  Tabaco - D'rossi Tabaco;2023-09-06;;active;;Premium;Por conta do comprador;302;item;0;;;;
MLB3436385369;80729;7908748106912;Kit 04 Pés Chanfrado Castanho 10 Cm - D'rossi Castanho;2023-09-06;;active;;Premium;Por conta do comprador;36;item;0;;;;
MLB4040926994;81719;7908748112838;Poltrona Mildred D07 Pés Madeira Linho Mescla Cinza Cinza Não;2023-09-14;;active;;Premium;Por conta do comprador;1000;item;0;;;;
MLB3442922945;82071;7908748113057;Poltrona Para Sala Mirela D07 Base Madeira Linho Mescla Bege Bege Não;2023-09-13;;active;;Premium;Por conta do comprador;1000;item;0;;;;
MLB3443002071;82083;7908748113118;Poltrona Para Sala Mirela Base Madeira Linho Mescla Verde Verde Não;2023-09-13;;active;;Premium;Por conta do comprador;1000;item;0;;;;
MLB3438348567;82299;7908748105472;Poltrona Elisa Corano Preto Pés Palito Natural - D'rossi Preto Liso;2023-09-08;;active;;Classico;Por conta do comprador;317;item;0;;;;
MLB4043524766;82063;7908748112555;Poltrona Decorativa Cairo Corano Terracota E Linho Marfim Bege Não;2023-09-15;;active;;Classico;Por conta do comprador;1000;item;0;;;;
MLB3438326057;82293;7908748105366;Kit 1 Sofá Namoradeira E 2 Poltronas Elisa Corino Preto Preto Liso;2023-09-08;;active;;Classico;Por conta do comprador;109;item;0;;;;
MLB4045973868;66461;7908575932487;Kit 10 Cadeiras Liz Linho Grafite Pés Palito Madeira D'rossi Liso Castanho;2023-09-17;;active;;Classico;Por conta do comprador;1;item;0;;;;
MLB4043399774;26043;7890000230575;Vaso Suculenta De Pendurar Com Vaso 11cm - D'rossi;2023-09-15;;active;;Classico;Por conta do comprador;4;item;0;;;;
MLB4045974946;80935;7908748110520;Kit 03 Espelhos Decorativo Moldura Redonda Dourado - D'rossi;2023-09-17;;active;;Classico;Frete gratis;2;item;0;;;;
MLB4043371930;5440;7899250187974;Quadro Decorativo Mdf Colorido 20x60 Lambreta - D'rossi Colorido;2023-09-15;;active;;Classico;Por conta do comprador;9;item;0;;;;
MLB4043524312;81955;7908748114085;Sofá 3 Lugares Viena D07 230cm Base De Madeira Corano Preto Preto Não;2023-09-15;;active;;Classico;Por conta do comprador;1000;item;0;;;;
MLB3445461403;81917;7908748113897;Sofá 4 Lugares Porto 230cm Para Sala Living Suede Vermelho Vermelho Não;2023-09-15;;active;;Premium;Por conta do comprador;1000;item;0;;;;
MLB3456199755;82783;7908748133819;Sofá Namoradeira Stella Bouclê Off White Pés Palito Natural Branco Liso;2023-09-25;;active;;Classico;Por conta do comprador;328;item;0;;;;
MLB3459488109;83037;7908748136056;Poltrona Stella Bouclê Bege Base Madeira Castanho - D'rossi Branco Liso;2023-09-27;;active;;Classico;Por conta do comprador;995;item;0;;;;
MLB4096503046;83287;7908670857197;Vaso Decorativo Dourado Cactos E Suculenta Artificial 19x8 Dourado;2023-10-04;;active;;Premium;Por conta do comprador;7;item;0;;;;
MLB3466019111;60065;7908477274180;Kit 01 Namoradeira E 01 Poltrona Marilia Linho Bege A19;2023-10-03;;active;;Premium;Por conta do comprador;159;item;0;;;;
MLB4092873678;77643;7908670854998;Armário Aéreo Cozinha Lavanderia D'rossi Tina Preto Cinza 120cm Mdp 3 Portas Preto;2023-10-03;;active;;Premium;Frete gratis;5;item;0;;;;
MLB4077819806;82397;7908748114771;Colar Decorativo Árvore Bege E Branco 180 Cm F04 - D'rossi Colorido;2023-09-27;;active;;Classico;Frete gratis;4;item;0;;;;
MLB3466108091;48594;7908439260572;Kit 02 Poltronas Stella Linho Areia A27 Pés Palito Castanho Bege Liso;2023-10-03;;active;;Premium;Por conta do comprador;148;item;0;;;;
MLB4096529374;83295;7908670857760;Vaso Decorativo Dourado Mix De Suculentas Artificiais 19x8 Dourado;2023-10-04;;active;;Classico;Por conta do comprador;8;item;0;;;;
MLB3459055195;82731;;Poltrona Sala Stella Max Corano Base Giratória - D'rossi;2023-09-27;;active;;Classico;Por conta do comprador;996;variation;1;;;178866037600;Cor: Nozes
MLB3459055195;82731;;Poltrona Sala Stella Max Corano Base Giratória - D'rossi;2023-09-27;;active;;Classico;Por conta do comprador;1000;variation;1;;;178866037598;Cor: Branco
MLB3459055195;82731;;Poltrona Sala Stella Max Corano Base Giratória - D'rossi;2023-09-27;;active;;Classico;Por conta do comprador;1000;variation;1;;;178866037602;Cor: Preto
MLB4081156620;82975;;Poltrona Giratória Stella Bouclê Base Cromada - D'rossi;2023-09-28;;active;;Classico;Por conta do comprador;1000;variation;1;;;183982775351;Cor: Cinza
MLB4081156620;82975;;Poltrona Giratória Stella Bouclê Base Cromada - D'rossi;2023-09-28;;active;;Classico;Por conta do comprador;1000;variation;1;;;183982775353;Cor: Azul
MLB4081156620;82975;;Poltrona Giratória Stella Bouclê Base Cromada - D'rossi;2023-09-28;;active;;Classico;Por conta do comprador;999;variation;1;;;183982775355;Cor: Mostarda
MLB4081156620;82975;;Poltrona Giratória Stella Bouclê Base Cromada - D'rossi;2023-09-28;;active;;Classico;Por conta do comprador;1000;variation;1;;;183982775357;Cor: Rose
MLB4081156620;82975;;Poltrona Giratória Stella Bouclê Base Cromada - D'rossi;2023-09-28;;active;;Classico;Por conta do comprador;1000;variation;1;;;183982775359;Cor: Verde
MLB4081156620;82975;;Poltrona Giratória Stella Bouclê Base Cromada - D'rossi;2023-09-28;;active;;Classico;Por conta do comprador;998;variation;1;;;183982775361;Cor: Verde Pistache
MLB4081156620;82975;;Poltrona Giratória Stella Bouclê Base Cromada - D'rossi;2023-09-28;;active;;Classico;Por conta do comprador;1000;variation;1;;;178877599708;Cor: Terra
MLB4081156620;82975;;Poltrona Giratória Stella Bouclê Base Cromada - D'rossi;2023-09-28;;active;;Classico;Por conta do comprador;1000;variation;1;;;178877599710;Cor: Grafite
MLB4081156620;82975;;Poltrona Giratória Stella Bouclê Base Cromada - D'rossi;2023-09-28;;active;;Classico;Por conta do comprador;0;variation;1;;;178877599712;Cor: Bege
MLB4081156620;82975;;Poltrona Giratória Stella Bouclê Base Cromada - D'rossi;2023-09-28;;active;;Classico;Por conta do comprador;996;variation;1;;;178877599714;Cor: Off white
MLB4081156620;82975;;Poltrona Giratória Stella Bouclê Base Cromada - D'rossi;2023-09-28;;active;;Classico;Por conta do comprador;0;variation;1;;;178877599716;Cor: Verde menta
MLB3463658461;77723;7908670855803;Balcão De Cozinha Lavanderia C/tampo Vick Castanho/cinza;2023-10-01;;active;;Premium;Frete gratis;6;item;0;;;;
MLB3456174717;82767;7908748133659;Poltrona Stella Bouclê Bege Pés Palito Natural - D'rossi Bege Liso;2023-09-25;;active;;Classico;Por conta do comprador;317;item;0;;;;
MLB4090363948;83215;7908748109623;Kit 2 Poltronas Corino Bege Base Metálica Industrial Dourado Bege Liso;2023-10-02;;active;;Classico;Por conta do comprador;498;item;0;;;;
MLB3460489715;83071;;Puff Stella Bouclê Base Madeira Castanho - D'rossi;2023-09-28;;active;;Classico;Frete gratis;273;variation;1;;;183973479253;Cor: Cinza
MLB3460489715;83071;;Puff Stella Bouclê Base Madeira Castanho - D'rossi;2023-09-28;;active;;Classico;Frete gratis;0;variation;1;;;183973479251;Cor: Azul
MLB3460489715;83071;;Puff Stella Bouclê Base Madeira Castanho - D'rossi;2023-09-28;;active;;Classico;Frete gratis;273;variation;1;;;183973479255;Cor: Menta
MLB3460489715;83071;;Puff Stella Bouclê Base Madeira Castanho - D'rossi;2023-09-28;;active;;Classico;Frete gratis;273;variation;1;;;183973479257;Cor: Mostarda
MLB3460489715;83071;;Puff Stella Bouclê Base Madeira Castanho - D'rossi;2023-09-28;;active;;Classico;Frete gratis;273;variation;1;;;183973479259;Cor: Rose
MLB3460489715;83071;;Puff Stella Bouclê Base Madeira Castanho - D'rossi;2023-09-28;;active;;Classico;Frete gratis;273;variation;1;;;183973479261;Cor: Verde
MLB3460489715;83071;;Puff Stella Bouclê Base Madeira Castanho - D'rossi;2023-09-28;;active;;Classico;Frete gratis;251;variation;1;;;180094248417;Cor: Off white
MLB3460489715;83071;;Puff Stella Bouclê Base Madeira Castanho - D'rossi;2023-09-28;;active;;Classico;Frete gratis;0;variation;1;;;180094248419;Cor: Verde menta
MLB3460489715;83071;;Puff Stella Bouclê Base Madeira Castanho - D'rossi;2023-09-28;;active;;Classico;Frete gratis;273;variation;1;;;180094248421;Cor: Terra
MLB3460489715;83071;;Puff Stella Bouclê Base Madeira Castanho - D'rossi;2023-09-28;;active;;Classico;Frete gratis;273;variation;1;;;180094248423;Cor: Grafite
MLB3460489715;83071;;Puff Stella Bouclê Base Madeira Castanho - D'rossi;2023-09-28;;active;;Classico;Frete gratis;256;variation;1;;;180094248425;Cor: Bege
MLB4078226996;82751;;Poltrona Stella Max Bouclê Base Giratória - D'rossi;2023-09-27;;active;;Classico;Por conta do comprador;1000;variation;1;;;180077744613;Cor: Bege
MLB4078226996;82751;;Poltrona Stella Max Bouclê Base Giratória - D'rossi;2023-09-27;;active;;Classico;Por conta do comprador;1000;variation;1;;;183213112231;Cor: Cinza
MLB4078226996;82751;;Poltrona Stella Max Bouclê Base Giratória - D'rossi;2023-09-27;;active;;Classico;Por conta do comprador;1000;variation;1;;;180077744609;Cor: Grafite
MLB4078226996;82751;;Poltrona Stella Max Bouclê Base Giratória - D'rossi;2023-09-27;;active;;Classico;Por conta do comprador;998;variation;1;;;183213112229;Cor: Verde Pistache
MLB4078226996;82751;;Poltrona Stella Max Bouclê Base Giratória - D'rossi;2023-09-27;;active;;Classico;Por conta do comprador;1000;variation;1;;;183213112227;Cor: Mostarda
MLB4078226996;82751;;Poltrona Stella Max Bouclê Base Giratória - D'rossi;2023-09-27;;active;;Classico;Por conta do comprador;1000;variation;1;;;180077744611;Cor: Off white
MLB4078226996;82751;;Poltrona Stella Max Bouclê Base Giratória - D'rossi;2023-09-27;;active;;Classico;Por conta do comprador;1000;variation;1;;;183986699903;Cor: Rose
MLB4078226996;82751;;Poltrona Stella Max Bouclê Base Giratória - D'rossi;2023-09-27;;active;;Classico;Por conta do comprador;1000;variation;1;;;180077744607;Cor: Terracota
MLB4078226996;82751;;Poltrona Stella Max Bouclê Base Giratória - D'rossi;2023-09-27;;active;;Classico;Por conta do comprador;1000;variation;1;;;183986699905;Cor: Verde
MLB4078076436;82751;;Poltrona Stella Max Bouclê Base Giratória - D'rossi;2023-09-27;;active;;Premium;Por conta do comprador;1000;variation;1;;;180077582421;Cor: Bege
MLB4078076436;82751;;Poltrona Stella Max Bouclê Base Giratória - D'rossi;2023-09-27;;active;;Premium;Por conta do comprador;1000;variation;1;;;183986076363;Cor: Cinza
MLB4078076436;82751;;Poltrona Stella Max Bouclê Base Giratória - D'rossi;2023-09-27;;active;;Premium;Por conta do comprador;1000;variation;1;;;180077582417;Cor: Grafite
MLB4078076436;82751;;Poltrona Stella Max Bouclê Base Giratória - D'rossi;2023-09-27;;active;;Premium;Por conta do comprador;998;variation;1;;;185244137813;Cor: Verde Pistache
MLB4078076436;82751;;Poltrona Stella Max Bouclê Base Giratória - D'rossi;2023-09-27;;active;;Premium;Por conta do comprador;1000;variation;1;;;183986076359;Cor: Mostarda
MLB4078076436;82751;;Poltrona Stella Max Bouclê Base Giratória - D'rossi;2023-09-27;;active;;Premium;Por conta do comprador;1000;variation;1;;;180077582419;Cor: Off white
MLB4078076436;82751;;Poltrona Stella Max Bouclê Base Giratória - D'rossi;2023-09-27;;active;;Premium;Por conta do comprador;1000;variation;1;;;183986076355;Cor: Rose
MLB4078076436;82751;;Poltrona Stella Max Bouclê Base Giratória - D'rossi;2023-09-27;;active;;Premium;Por conta do comprador;1000;variation;1;;;180077582415;Cor: Terracota
MLB4078076436;82751;;Poltrona Stella Max Bouclê Base Giratória - D'rossi;2023-09-27;;active;;Premium;Por conta do comprador;1000;variation;1;;;183986076357;Cor: Verde
MLB3464471847;83207;7908748109685;Sofá Namoradeira Corino Bege Base Industrial Dourado Bege Liso;2023-10-02;;active;;Premium;Por conta do comprador;1003;item;0;;;;
MLB4073645982;77489;7908670854295;Kit 4 Pés Palito 25cm Retrô Poltrona Castanho 4 Chapinhas;2023-09-26;;active;;Premium;Por conta do comprador;297;item;0;;;;
MLB3464509511;83219;7908748109661;Kit 2 Poltronas Elisa Corino Preto Base Industrial Dourado Preto Liso;2023-10-02;;active;;Premium;Por conta do comprador;500;item;0;;;;
MLB4078089470;82617;;Poltrona Para Sala Stella Max Suede Base Giratória - D'rossi;2023-09-27;;active;;Premium;Por conta do comprador;1000;variation;1;;;178865927364;Cor: Bege
MLB4078089470;82617;;Poltrona Para Sala Stella Max Suede Base Giratória - D'rossi;2023-09-27;;active;;Premium;Por conta do comprador;1000;variation;1;;;186746379397;Cor: Azul-marinho
MLB4078089470;82617;;Poltrona Para Sala Stella Max Suede Base Giratória - D'rossi;2023-09-27;;active;;Premium;Por conta do comprador;1000;variation;1;;;178865927366;Cor: Cinza
MLB4078089470;82617;;Poltrona Para Sala Stella Max Suede Base Giratória - D'rossi;2023-09-27;;active;;Premium;Por conta do comprador;1000;variation;1;;;178865927368;Cor: Grafite
MLB4078089470;82617;;Poltrona Para Sala Stella Max Suede Base Giratória - D'rossi;2023-09-27;;active;;Premium;Por conta do comprador;1000;variation;1;;;178865927370;Cor: Marrom
MLB4078089470;82617;;Poltrona Para Sala Stella Max Suede Base Giratória - D'rossi;2023-09-27;;active;;Premium;Por conta do comprador;1000;variation;1;;;178865927372;Cor: Marrom rato
MLB4078089470;82617;;Poltrona Para Sala Stella Max Suede Base Giratória - D'rossi;2023-09-27;;active;;Premium;Por conta do comprador;1000;variation;1;;;178865927374;Cor: Preto
MLB4078089470;82617;;Poltrona Para Sala Stella Max Suede Base Giratória - D'rossi;2023-09-27;;active;;Premium;Por conta do comprador;1000;variation;1;;;178865927376;Cor: Rosa bebê
MLB4078089470;82617;;Poltrona Para Sala Stella Max Suede Base Giratória - D'rossi;2023-09-27;;active;;Premium;Por conta do comprador;1000;variation;1;;;178865927378;Cor: Rose
MLB4078089470;82617;;Poltrona Para Sala Stella Max Suede Base Giratória - D'rossi;2023-09-27;;active;;Premium;Por conta do comprador;1000;variation;1;;;178865927380;Cor: Verde
MLB4096492244;83289;7908670857203;Vaso Decorativo Dourado Suculenta Artificial Aloe Vera Mini Dourado;2023-10-04;;active;;Classico;Por conta do comprador;4;item;0;;;;
MLB4138893440;83255;7908748109944;Poltrona Elisa Corano Nozes Base Industrial Dourado Kit 2 Marrom Liso;2023-10-20;;active;;Premium;Por conta do comprador;503;item;0;;;;
MLB4120441756;83623;7908748131402;Kit 1 Sofá E 2 Poltronas Corino Preto Base Industrial Preto Preto;2023-10-13;;active;;Classico;Por conta do comprador;500;item;0;;;;
MLB4096492242;83287;7908670857197;Vaso Decorativo Dourado Cactos E Suculenta Artificial 19x8 Dourado;2023-10-04;;active;;Classico;Por conta do comprador;7;item;0;;;;
MLB4096503028;83291;7908670857210;Vaso Decorativo Suculenta Artificial Sedum Hirsutum 12x8 Dourado;2023-10-04;;active;;Premium;Por conta do comprador;3;item;0;;;;
MLB3476448855;83315;7908748129850;Poltrona Elisa Suede Grafite Base Metálica Industrial Preto Cinza Liso;2023-10-13;;active;;Classico;Por conta do comprador;1000;item;0;;;;
MLB4096490990;83289;7908670857203;Vaso Decorativo Dourado Suculenta Artificial Aloe Vera 16x8 Dourado;2023-10-04;;active;;Premium;Por conta do comprador;4;item;0;;;;
MLB3482932535;77655;7908670855049;Kit 2 Armários Aéreo De Cozinha Lavanderia Tina Preto;2023-10-18;;active;;Premium;Por conta do comprador;2;item;0;;;;
MLB4096465514;83293;7908670857227;Vaso Decorativo Dourado Suculentas Artificiais Sortidas 19x8 Dourado;2023-10-04;;active;;Premium;Por conta do comprador;23;item;0;;;;
MLB4096485430;83293;7908670857227;Vaso Decorativo Dourado Suculentas Artificiais Sortidas 19x8 Dourado;2023-10-04;;active;;Classico;Por conta do comprador;23;item;0;;;;
MLB3476542639;83363;7908748130092;Kit 2 Poltronas Suede Grafite Base Metálica Industrial Preto Cinza Liso;2023-10-13;;active;;Premium;Por conta do comprador;500;item;0;;;;
MLB4120509140;83609;;Poltrona Sala Elisa Sintético Kit 2 Base Industrial Preto;2023-10-13;;active;;Premium;Por conta do comprador;498;variation;1;;;180246875939;Cor: Bege
MLB4120509140;83609;;Poltrona Sala Elisa Sintético Kit 2 Base Industrial Preto;2023-10-13;;active;;Premium;Por conta do comprador;500;variation;1;;;180246875941;Cor: Branco
MLB4120509140;83609;;Poltrona Sala Elisa Sintético Kit 2 Base Industrial Preto;2023-10-13;;active;;Premium;Por conta do comprador;500;variation;1;;;180246875943;Cor: Preto
MLB4120393856;83631;7908748131440;Poltrona Sala Base Industrial Preto Elisa Sintético Pu Preto Preto Liso;2023-10-13;;active;;Premium;Por conta do comprador;1009;item;0;;;;
MLB4120483724;83635;7908748131525;Sofá Namoradeira Corano Preto Base Metálica Industrial Preto Preto Liso;2023-10-13;;active;;Premium;Frete gratis;1001;item;0;;;;
MLB4121381748;81483;7908748102051;Sofá Namoradeira Elisa Corino Bege Pés Palito Castanho;2023-10-14;;active;;Premium;Por conta do comprador;296;item;0;;;;
MLB4120471154;83591;7908748131280;Poltrona Elisa Corino Preto Base Metálica Industrial Preto Preto Liso;2023-10-13;;active;;Premium;Por conta do comprador;1000;item;0;;;;
MLB4129047550;83217;7908748109647;Poltrona Elisa Corino Branco Base Industrial Dourado Kit 2 Liso;2023-10-17;;active;;Premium;Por conta do comprador;500;item;0;;;;
MLB4120480574;82891;7908748131518;Sofá 2 Lugares Base Aço Industrial Preto Sintético Pu Nozes Marrom Liso;2023-10-13;;active;;Classico;Por conta do comprador;1002;item;0;;;;
MLB4096442768;83291;7908670857210;Vaso Decorativo Suculenta Artificial Sedum Hirsutum 12x8 Dourado;2023-10-04;;active;;Classico;Por conta do comprador;3;item;0;;;;
MLB3476589391;83443;7908748131044;Poltrona Linho Preto A79 Base Metálica Industrial Preto Preto Liso;2023-10-13;;active;;Premium;Por conta do comprador;1000;item;0;;;;
MLB3507335983;57677;7908477245357;Escultura Elefante Em Poliresina Branco 21x26 Cm - D'rossi;2023-11-10;;active;;Premium;Frete gratis;4;item;0;;;;
MLB4148772730;62483;7908477293235;Poltrona Sala Decorativa Giovana Giratória De Madeira Suede Bege - D'rossi Liso;2023-10-24;;active;;Premium;Por conta do comprador;1000;item;0;;;;
MLB3497393943;83247;7908748110001;Sofá 2 Lugares Namoradeira Elisa Corano Nozes Base Metálica Industrial Dourado - D'rossi Marrom Liso;2023-10-31;;active;;Classico;Por conta do comprador;1002;item;0;;;;
MLB4148900848;36241;7908274469659;Quadro Decorativo Mdf Londres 24x24 Cm - D'rossi;2023-10-24;;active;;Premium;Por conta do comprador;1;item;0;;;;
MLB3500916657;49558;7908439278119;Poltrona Stella Suede Grafite Pés Palito Natural - D'rossi Liso;2023-11-03;;active;;Premium;Por conta do comprador;328;item;0;;;;
MLB4147910640;45244;7899949710476;Quadro Placa Decorativa Poste De Barbearia D'rossi Branco, Azul E Vermelho;2023-10-24;;active;;Premium;Por conta do comprador;6;item;0;;;;
MLB4181640846;82079;7908748113095;Poltrona Para Sala Mirela Base Madeira Linho Mescla Cinza Elefante;2023-11-05;;active;;Classico;Por conta do comprador;1000;item;0;;;;
MLB3497346951;82915-70481;7908748134946;Poltrona Sala Decorativa Kit 2 Stella Base Giratória Ma30 Bouclê Terra - D'rossi Terra;2023-10-31;;active;;Premium;Por conta do comprador;500;item;0;;;;
MLB3489376115;57597;7908477244930;Adorno Coração Decorativo Prata Em Cerâmica 11x14 - D'rossi;2023-10-24;;active;;Classico;Por conta do comprador;12;item;0;;;;
MLB4159866966;60683;7908477291507;Cachepot Decorativo De Cerâmica Terracota Para Plantas 28x13 Cm Laranja;2023-10-28;;active;;Premium;Frete gratis;7;item;0;;;;
MLB4148612986;82907;7908748134953;Kit 2 Poltronas Giratória Bouclê Grafite Base Madeira Ma30 Liso Grafite Liso;2023-10-24;;active;;Premium;Por conta do comprador;500;item;0;;;;
MLB3497384797;83035-70583;7908748135929;Kit 2 Poltronas Stella Bouclê Base Metálica Industrial Preto Cor Grafite;2023-10-31;;active;;Premium;Por conta do comprador;500;item;0;;;;
MLB4148031472;58477;7908477260336;Cabeceira Onix Para Cama Box Casal 140 Cm Suede - D'rossi Cor Preto;2023-10-24;;active;;Premium;Por conta do comprador;1000;item;0;;;;
MLB4158827112;77637;7908670854967;Armário Aéreo De Cozinha Lavanderia Tina Castanho E Cinza 120 Cm - D'rossi;2023-10-27;;active;;Premium;Frete gratis;3;item;0;;;;
MLB4188430294;57823;7908477240512;Escultura Decorativa Em Metal Preto Mãe E Filho 22x7,8 Cm Preto;2023-11-08;;active;;Premium;Frete gratis;7;item;0;;;;
MLB3489379041;57673;7908477245784;Escultura Mulher Em Porcelana Preto 25x10 Cm - D'rossi;2023-10-24;;active;;Classico;Por conta do comprador;10;item;0;;;;
MLB3501692615;62779;7908477298087;Pássaro Decorativo Em Cerâmica Rose 9x9x5 - D'rossi Rosa;2023-11-05;;active;;Premium;Por conta do comprador;53;item;0;;;;
MLB4194194184;57843;7908477244237;Puff Decorativo Redondo Veludo Rosa Com Base Dourada 38 Cm Rosa;2023-11-10;;active;;Classico;Frete gratis;8;item;0;;;;
MLB3490637673;59787;7908477271103;Cabeceira Malibu Para Cama Box King 195 Cm Suede Bege D'rossi;2023-10-25;;active;;Premium;Frete gratis;1000;item;0;;;;
MLB3489907593;39739;7908274473656;Cadeira Allegra D'rossi Polipropileno Cor Bege Moderna Estrutura Resistente Liso Cinza-bege;2023-10-24;;active;;Premium;Frete gratis;3;item;0;;;;
MLB3514090951;77913;7908670855759;Vaso Com Cacto Castelo De Fada Verde 14x6 Cm - D'rossi Verde;2023-11-17;;active;;Classico;Por conta do comprador;3;item;0;;;;
MLB4229564320;44944;7908103713571;Enfeite Decorativo 11x14 Coração Dourado Em Cerâmica D'rossi Dourado;2023-11-23;;active;;Premium;Por conta do comprador;33;item;0;;;;
MLB3516880291;83755-71111;7908748139828;Poltrona De Amamentação Com Balanço Luna Suede Base Madeira Cor Grafite;2023-11-21;;active;;Premium;Por conta do comprador;1;item;0;;;;
MLB4200004152;77239;7908670840687;Cabeceira Luna Para Cama Box Casal 140 Cm Corino Preto;2023-11-13;;active;;Premium;Por conta do comprador;1000;item;0;;;;
MLB4202523892;83795-71143;7908748140145;Poltrona Mirella Suede Com Rodízios - D'rossi Cor Cinza;2023-11-14;;active;;Premium;Por conta do comprador;1000;item;0;;;;
MLB4241082676;84355;7908748142347;Sofá C/ 2 Poltronas Base De Madeira Fixa Suede Marrom Marrom Liso;2023-11-27;;active;;Premium;Por conta do comprador;500;item;0;;;;
MLB3516996723;82899;7908748134816;Poltrona Giratória Stella Bouclê Terra Base De Madeira Terracota Liso;2023-11-21;;active;;Classico;Por conta do comprador;1000;item;0;;;;
MLB4199352074;58095;7908477240475;Escultura Decorativa Em Metal Preto Equilíbrio 17x14 Cm Preto;2023-11-13;;active;;Classico;Frete gratis;2;item;0;;;;
MLB3518894167;38550;7908274476848;Cabeceira Para Cama Box De Solteiro 90cm Luna Suede Cinza M11;2023-11-23;;active;;Premium;Frete gratis;1000;item;0;;;;
MLB4202627092;82991;7908748135554;Poltrona Sala De Estar Bouclê Grafite Base Metálica Industrial Dourado Liso;2023-11-14;;active;;Premium;Por conta do comprador;1000;item;0;;;;
MLB3510810537;83743;7908748139774;Poltrona Amamentação Da Mamãe Com Balanço Luna Suede Bege Liso;2023-11-14;;active;;Premium;Por conta do comprador;1;item;0;;;;
MLB3510915437;82753;7908748124398;Kit 2 Poltronas Stella Max Bouclê Bege Base Giratória Liso;2023-11-14;;active;;Classico;Por conta do comprador;500;item;0;;;;
MLB4233502494;84587;7908748144532;Sofá Namoradeira Base De Madeira Fixa Marisa Corano Nozes Marrom Liso;2023-11-24;;active;;Premium;Por conta do comprador;999;item;0;;;;
MLB4241192176;84451;7908748142774;Sofá Namoradeira Base De Madeira Fixa Castanho Veludo Verde Verde Liso;2023-11-27;;active;;Premium;Por conta do comprador;1001;item;0;;;;
MLB3510841121;83003;7908748135677;Poltrona Sala Decorativa Kit 2 Stella Base Industrial Dourado Bouclê Grafite - D'rossi Liso;2023-11-14;;active;;Premium;Por conta do comprador;500;item;0;;;;
MLB4232837622;82889;7890880401201;Vaso Decorativo Dourado Com Suporte Metálico Preto 91 Cm Dourado Vaso;2023-11-24;;active;;Premium;Frete gratis;13;item;0;;;;
MLB3510866347;82969;7908748136452;Poltrona Giratória Stella Bouclê Off White Base Cromada Branco Liso;2023-11-14;;active;;Premium;Por conta do comprador;996;item;0;;;;
MLB3510801471;83243;7908748109906;Poltrona Elisa Corano Preto Base Metálica Industrial Dourado Liso;2023-11-14;;active;;Premium;Por conta do comprador;1009;item;0;;;;
MLB4234155076;60687;-1;Cachepot Decorativo Rosto Em Cerâmica Areia 17x18 Cm Bege;2023-11-24;;active;;Premium;Frete gratis;10;item;0;;;;
MLB3510877707;83241;7908748109883;Poltrona Sala De Estar Recepção Decorativa Elisa Corano Nozes Base Metálica Industrial Dourado Marrom Liso;2023-11-14;;active;;Premium;Por conta do comprador;1006;item;0;;;;
MLB3523963415;84529;7908748144020;Poltrona Base De Madeira Fixa Castanho Marisa Corino Bege Bege Liso;2023-11-28;;active;;Classico;Por conta do comprador;997;item;0;;;;
MLB3523960235;84319;;Sofá Namoradeira Base De Madeira Fixa Castanho Marisa Suede;2023-11-28;;active;;Classico;Por conta do comprador;1000;variation;1;;;180830853343;Cor: Bege
MLB3523960235;84319;;Sofá Namoradeira Base De Madeira Fixa Castanho Marisa Suede;2023-11-28;;active;;Classico;Por conta do comprador;1000;variation;1;;;180830853345;Cor: Azul-marinho
MLB3523960235;84319;;Sofá Namoradeira Base De Madeira Fixa Castanho Marisa Suede;2023-11-28;;active;;Classico;Por conta do comprador;999;variation;1;;;180830853349;Cor: Cinza
MLB3523960235;84319;;Sofá Namoradeira Base De Madeira Fixa Castanho Marisa Suede;2023-11-28;;active;;Classico;Por conta do comprador;1000;variation;1;;;180830853351;Cor: Grafite
MLB3523960235;84319;;Sofá Namoradeira Base De Madeira Fixa Castanho Marisa Suede;2023-11-28;;active;;Classico;Por conta do comprador;1000;variation;1;;;180830853353;Cor: Marrom
MLB3523960235;84319;;Sofá Namoradeira Base De Madeira Fixa Castanho Marisa Suede;2023-11-28;;active;;Classico;Por conta do comprador;1000;variation;1;;;180830853355;Cor: Marrom rato
MLB3523960235;84319;;Sofá Namoradeira Base De Madeira Fixa Castanho Marisa Suede;2023-11-28;;active;;Classico;Por conta do comprador;1000;variation;1;;;180830853357;Cor: Preto
MLB3523960235;84319;;Sofá Namoradeira Base De Madeira Fixa Castanho Marisa Suede;2023-11-28;;active;;Classico;Por conta do comprador;1000;variation;1;;;180830853359;Cor: Rosa bebê
MLB3523960235;84319;;Sofá Namoradeira Base De Madeira Fixa Castanho Marisa Suede;2023-11-28;;active;;Classico;Por conta do comprador;1000;variation;1;;;180830853361;Cor: Rose
MLB3523960235;84319;;Sofá Namoradeira Base De Madeira Fixa Castanho Marisa Suede;2023-11-28;;active;;Classico;Por conta do comprador;1000;variation;1;;;180830853363;Cor: Verde
MLB3532268249;84939;7908748147823;Poltrona Base De Madeira Fixa Preto Marisa Corano Preto Preto Liso;2023-12-05;;active;;Premium;Por conta do comprador;996;item;0;;;;
MLB3523212565;84305;7908748141869;Sofá Namoradeira Base De Madeira Fixa Castanho Suede Grafite Cinza Liso;2023-11-27;;active;;Premium;Por conta do comprador;1000;item;0;;;;
MLB4242715760;84589;7908748144556;Sofá Namoradeira Base De Madeira Fixa Castanho Corano Preto Preto Liso;2023-11-28;;active;;Premium;Por conta do comprador;1000;item;0;;;;
MLB4243547478;83025;7908748135936;Poltrona Sala De Estar Kit 2 Bouclê Bege Base Metálica Industrial Preto D'rossi Liso;2023-11-28;;active;;Premium;Por conta do comprador;502;item;0;;;;
MLB4242800676;84579;7908748144464;Kit 2 Poltronas Base De Madeira Fixa Castanho Corano Nozes Marrom Liso;2023-11-28;;active;;Premium;Por conta do comprador;500;item;0;;;;
MLB4243563976;76312;7908670831715;Poltrona D'rossi Stella Com Base De Madeira Marrom E Suede Cor Verde Liso;2023-11-28;;active;;Classico;Por conta do comprador;995;item;0;;;;
MLB3523175539;84367;;Sofá Com 2 Poltronas Base De Madeira Fixa Castanho Suede;2023-11-27;;active;;Premium;Por conta do comprador;501;variation;1;;;180822038241;Cor: Bege
MLB3523175539;84367;;Sofá Com 2 Poltronas Base De Madeira Fixa Castanho Suede;2023-11-27;;active;;Premium;Por conta do comprador;500;variation;1;;;180822038243;Cor: Azul-marinho
MLB3523175539;84367;;Sofá Com 2 Poltronas Base De Madeira Fixa Castanho Suede;2023-11-27;;active;;Premium;Por conta do comprador;0;variation;1;;;180822038245;Cor: Azul-turquesa
MLB3523175539;84367;;Sofá Com 2 Poltronas Base De Madeira Fixa Castanho Suede;2023-11-27;;active;;Premium;Por conta do comprador;500;variation;1;;;180822038247;Cor: Cinza
MLB3523175539;84367;;Sofá Com 2 Poltronas Base De Madeira Fixa Castanho Suede;2023-11-27;;active;;Premium;Por conta do comprador;500;variation;1;;;180822038249;Cor: Grafite
MLB3523175539;84367;;Sofá Com 2 Poltronas Base De Madeira Fixa Castanho Suede;2023-11-27;;active;;Premium;Por conta do comprador;500;variation;1;;;180822038251;Cor: Marrom
MLB3523175539;84367;;Sofá Com 2 Poltronas Base De Madeira Fixa Castanho Suede;2023-11-27;;active;;Premium;Por conta do comprador;500;variation;1;;;180822038253;Cor: Marrom rato
MLB3523175539;84367;;Sofá Com 2 Poltronas Base De Madeira Fixa Castanho Suede;2023-11-27;;active;;Premium;Por conta do comprador;500;variation;1;;;180822038255;Cor: Preto
MLB3523175539;84367;;Sofá Com 2 Poltronas Base De Madeira Fixa Castanho Suede;2023-11-27;;active;;Premium;Por conta do comprador;500;variation;1;;;180822038257;Cor: Rosa bebê
MLB3523175539;84367;;Sofá Com 2 Poltronas Base De Madeira Fixa Castanho Suede;2023-11-27;;active;;Premium;Por conta do comprador;500;variation;1;;;180822038259;Cor: Rose
MLB3523175539;84367;;Sofá Com 2 Poltronas Base De Madeira Fixa Castanho Suede;2023-11-27;;active;;Premium;Por conta do comprador;500;variation;1;;;180822038261;Cor: Verde
MLB4251391458;60295;7908477288590;Escultura Decorativa Elos Em Cerâmica Chumbo 12x15x8,5 Cinza;2023-11-30;;active;;Premium;Frete gratis;9;item;0;;;;
MLB4251497486;60405;7908477289023;Escultura Decorativa Mãos Em Poliresina Branco 17x10 Cm;2023-11-30;;active;;Premium;Frete gratis;7;item;0;;;;
MLB3526728987;81273;7908748106493;Buffet Aparador Isi Nature Fosco E Couro Caramelo 139x79 Cm Natural;2023-11-30;;active;;Premium;Por conta do comprador;3;item;0;;;;
MLB3525353393;5466;7899250188230;Placa Decorativa Oração Pai Nosso 12x10 Mdf 3mm Branco Claquete;2023-11-29;;active;;Premium;Por conta do comprador;3;item;0;;;;
MLB3526015983;45150;7899949713224;Porta Cápsula De Café Nespresso Com Ímã Para Geladeira Preto Preto;2023-11-29;;active;;Premium;Por conta do comprador;1;item;0;;;;
MLB4247197168;60291;7908477288576;Escultura Elefante Em Poliresina Preto 20x25x13 Cm - D'rossi Preto;2023-11-29;;active;;Premium;Frete gratis;6;item;0;;;;
MLB4251497568;60379;7908477288941;Escultura Decorativa De Pavão Dourado Em Poliresina 25cm;2023-11-30;;active;;Classico;Frete gratis;3;item;0;;;;
MLB3525924415;5488;7899250188124;Placa Decorativa Oração Coragem 25x19 Mdf 3mm Branco Frase;2023-11-29;;active;;Premium;Por conta do comprador;1;item;0;;;;
MLB4251402650;60409;7908477289047;Escultura Pássaro Em Poliresina Madeira 22x19x5 Cm - D'rossi Marrom;2023-11-30;;active;;Classico;Frete gratis;13;item;0;;;;
MLB4249348004;38809;7908274436125;Espelho Redondo 35 Decorativo Preto Escandinavo Alça Couro Preto;2023-11-29;;active;;Premium;Frete gratis;5;item;0;;;;
MLB4273149466;84683;;Sofá Namoradeira Base De Madeira Fixa Preto Marisa Suede;2023-12-05;;active;;Premium;Por conta do comprador;1000;variation;1;;;179375599758;Cor: Bege
MLB4273149466;84683;;Sofá Namoradeira Base De Madeira Fixa Preto Marisa Suede;2023-12-05;;active;;Premium;Por conta do comprador;1000;variation;1;;;179375599760;Cor: Azul-marinho
MLB4273149466;84683;;Sofá Namoradeira Base De Madeira Fixa Preto Marisa Suede;2023-12-05;;active;;Premium;Por conta do comprador;999;variation;1;;;179375599764;Cor: Cinza
MLB4273149466;84683;;Sofá Namoradeira Base De Madeira Fixa Preto Marisa Suede;2023-12-05;;active;;Premium;Por conta do comprador;1000;variation;1;;;179375599766;Cor: Grafite
MLB4273149466;84683;;Sofá Namoradeira Base De Madeira Fixa Preto Marisa Suede;2023-12-05;;active;;Premium;Por conta do comprador;1000;variation;1;;;179375599768;Cor: Marrom
MLB4273149466;84683;;Sofá Namoradeira Base De Madeira Fixa Preto Marisa Suede;2023-12-05;;active;;Premium;Por conta do comprador;1000;variation;1;;;179375599770;Cor: Marrom rato
MLB4273149466;84683;;Sofá Namoradeira Base De Madeira Fixa Preto Marisa Suede;2023-12-05;;active;;Premium;Por conta do comprador;1000;variation;1;;;179375599772;Cor: Preto
MLB4273149466;84683;;Sofá Namoradeira Base De Madeira Fixa Preto Marisa Suede;2023-12-05;;active;;Premium;Por conta do comprador;1000;variation;1;;;179375599774;Cor: Rosa bebê
MLB4273149466;84683;;Sofá Namoradeira Base De Madeira Fixa Preto Marisa Suede;2023-12-05;;active;;Premium;Por conta do comprador;1000;variation;1;;;179375599776;Cor: Rose
MLB4273149466;84683;;Sofá Namoradeira Base De Madeira Fixa Preto Marisa Suede;2023-12-05;;active;;Premium;Por conta do comprador;1000;variation;1;;;179375599778;Cor: Verde
MLB4379228266;86857;7908748186778;Sofá Namoradeira Pés Villach Marisa Suede Bege D03 - D'rossi Bege Liso;2024-01-18;;active;;Premium;Por conta do comprador;261;item;0;;;;
MLB4377982822;86503;7908748167920;Sofá Namoradeira Pés Palito Castanho Marisa Corino Branco Branco Liso;2024-01-18;;active;;Classico;Por conta do comprador;318;item;0;;;;
MLB4379633782;87141;7908748189908;Sofá Namoradeira Pés Villach Marisa Corano Nozes D03 Marrom Liso;2024-01-18;;active;;Premium;Por conta do comprador;261;item;0;;;;
MLB3547169751;85509;7908748157211;Sofá C/ 2 Poltronas Base Industrial Alta Marisa Linho Bege Bege Liso;2023-12-20;;active;;Premium;Por conta do comprador;500;item;0;;;;
MLB4377898916;86565;7908748165551;Kit 2 Poltronas Pés Palito Natural Marisa Linho Preto A79 Preto Liso;2024-01-18;;active;;Classico;Por conta do comprador;164;item;0;;;;
MLB3566324463;86169;7908748149780;Sofá C/2 Poltronas Base Industrial Marisa Veludo Rosê Marrom Liso;2024-01-12;;active;;Premium;Por conta do comprador;500;item;0;;;;
MLB3547131989;85491;7908748157051;Sofá Namoradeira Base Industrial Dourado Marisa Linho Cinza Branco Liso;2023-12-20;;active;;Premium;Por conta do comprador;1000;item;0;;;;
MLB4362515172;86059;7908748154913;Kit 2 Poltronas Base Industrial Preto Marisa Corano Preto Preto Liso;2024-01-12;;active;;Premium;Por conta do comprador;498;item;0;;;;
MLB3547144461;85471;7908748156870;Poltrona Base Industrial Alta Dourado Marisa Linho Cinza Branco Liso;2023-12-20;;active;;Premium;Por conta do comprador;1000;item;0;;;;
MLB4379672394;87147;7908748189953;Sofá C/ Poltrona Pés Villach Marisa Corano Branco Branco Liso;2024-01-18;;active;;Premium;Por conta do comprador;130;item;0;;;;
MLB3566285835;86125;;Poltrona Base Industrial Dourado Marisa Veludo D03 - D'rossi;2024-01-12;;active;;Premium;Por conta do comprador;1000;variation;1;;;179668169220;Cor: Bege
MLB3566285835;86125;;Poltrona Base Industrial Dourado Marisa Veludo D03 - D'rossi;2024-01-12;;active;;Premium;Por conta do comprador;1000;variation;1;;;179668169222;Cor: Cinza
MLB3566285835;86125;;Poltrona Base Industrial Dourado Marisa Veludo D03 - D'rossi;2024-01-12;;active;;Premium;Por conta do comprador;1000;variation;1;;;179668169224;Cor: Preto
MLB3566285835;86125;;Poltrona Base Industrial Dourado Marisa Veludo D03 - D'rossi;2024-01-12;;active;;Premium;Por conta do comprador;1000;variation;1;;;179668169226;Cor: Rose
MLB3566285835;86125;;Poltrona Base Industrial Dourado Marisa Veludo D03 - D'rossi;2024-01-12;;active;;Premium;Por conta do comprador;1001;variation;1;;;179668169228;Cor: Verde
MLB3547143091;85643;;Kit 2 Poltronas Base Industrial Alta Dourado Marisa Corino;2023-12-20;;active;;Premium;Por conta do comprador;498;variation;1;;;181142193049;Cor: Bege
MLB3547143091;85643;;Kit 2 Poltronas Base Industrial Alta Dourado Marisa Corino;2023-12-20;;active;;Premium;Por conta do comprador;500;variation;1;;;181142193051;Cor: Branco
MLB3547143091;85643;;Kit 2 Poltronas Base Industrial Alta Dourado Marisa Corino;2023-12-20;;active;;Premium;Por conta do comprador;500;variation;1;;;181142193053;Cor: Preto
MLB3557607297;85739;7908748163403;Poltrona Marisa Kit 2 Veludo Cinza Base X Industrial Preto Cinza Liso;2024-01-03;;active;;Premium;Por conta do comprador;500;item;0;;;;
MLB4337796030;85805;;Poltrona Base X Industrial Preto Marisa Corano;2024-01-03;;active;;Premium;Por conta do comprador;1000;variation;1;;;179591693516;Cor: Nozes
MLB4337796030;85805;;Poltrona Base X Industrial Preto Marisa Corano;2024-01-03;;active;;Premium;Por conta do comprador;1000;variation;1;;;179591693518;Cor: Branco
MLB4337796030;85805;;Poltrona Base X Industrial Preto Marisa Corano;2024-01-03;;active;;Premium;Por conta do comprador;996;variation;1;;;179591693520;Cor: Preto
MLB4362541126;86075;7908748154982;Sofá Namoradeira Base Industrial Preto Marisa Corano Preto Preto Liso;2024-01-12;;active;;Premium;Por conta do comprador;1000;item;0;;;;
MLB4362957118;86261;7908748151295;Poltrona Base Industrial Dourado Marisa Corano Branco Branco Liso;2024-01-12;;active;;Premium;Por conta do comprador;1000;item;0;;;;
MLB3562999451;83125;7908748108466;Kit 1 Sofá E 1 Poltrona Veludo Bege Base Industrial Dourado Liso;2024-01-09;;active;;Classico;Por conta do comprador;1000;item;0;;;;
MLB4363724808;40415-66855;7908274476879;Cabeceira De Solteiro 90cm Luna I02 Suede Marrom - Mpozenato Marrom;2024-01-13;;active;;Premium;Por conta do comprador;1000;item;0;;;;
MLB4377887752;86329;7908748167425;Sofá Namoradeira Pés Palito Castanho Marisa Linho Preto Preto Liso;2024-01-18;;active;;Classico;Por conta do comprador;318;item;0;;;;
MLB4379254140;86827;7908748186587;Poltrona Pés Villach Marisa Suede Preto D03 - D'rossi Preto Liso;2024-01-18;;active;;Premium;Por conta do comprador;261;item;0;;;;
MLB4290644856;85117;7908748162215;Kit 2 Poltronas Base Industrial Alta Marisa Linho Grafite Cinza Liso;2023-12-13;;active;;Classico;Por conta do comprador;500;item;0;;;;
MLB3533428177;84841;7908748146390;Sofá C/ 2 Poltronas Base De Madeira Fixa Marisa Veludo Verde Verde Liso;2023-12-06;;active;;Classico;Por conta do comprador;499;item;0;;;;
MLB3547193447;85635;;Poltrona Base Industrial Alta Dourado Marisa Corino;2023-12-20;;active;;Premium;Por conta do comprador;997;variation;1;;;181142399545;Cor: Bege
MLB3547193447;85635;;Poltrona Base Industrial Alta Dourado Marisa Corino;2023-12-20;;active;;Premium;Por conta do comprador;1000;variation;1;;;181142399547;Cor: Branco
MLB3547193447;85635;;Poltrona Base Industrial Alta Dourado Marisa Corino;2023-12-20;;active;;Premium;Por conta do comprador;1000;variation;1;;;181142399549;Cor: Preto
MLB3533467171;84727;7908748145829;Sofá C/ 2 Poltronas Base De Madeira Fixa Marisa Suede Rosê Rose Liso;2023-12-06;;active;;Classico;Por conta do comprador;499;item;0;;;;
MLB3539782289;85325;;Sofá 2 Lugares Namoradeira Industrial At Preto Marisa Corano;2023-12-12;;active;;Premium;Por conta do comprador;998;variation;1;;;181033216153;Cor: Nozes
MLB3539782289;85325;;Sofá 2 Lugares Namoradeira Industrial At Preto Marisa Corano;2023-12-12;;active;;Premium;Por conta do comprador;998;variation;1;;;181033216155;Cor: Branco
MLB3539782289;85325;;Sofá 2 Lugares Namoradeira Industrial At Preto Marisa Corano;2023-12-12;;active;;Premium;Por conta do comprador;998;variation;1;;;181033216157;Cor: Preto
MLB3533426027;84747;7908748146574;Kit 2 Poltronas Base De Madeira Fixa Preto Linho Preto Preto Liso;2023-12-06;;active;;Classico;Por conta do comprador;499;item;0;;;;
MLB4275572958;84631;7908748144907;Poltrona Base De Madeira Fixa Preto Marisa Suede Rosê Rose Liso;2023-12-06;;active;;Classico;Por conta do comprador;998;item;0;;;;
MLB3540384417;85023;7908748161485;Sofá Namoradeira Base Industrial Alta Marisa Suede Azul Azul Liso;2023-12-13;;active;;Premium;Por conta do comprador;998;item;0;;;;
MLB3539811375;85283;7908748162796;Sofá Namoradeira Base Industrial Alta Marisa Corino Preto Preto Liso;2023-12-12;;active;;Premium;Por conta do comprador;998;item;0;;;;
MLB4290644854;85129;7908748162277;Sofá Namoradeira Base Industrial Alta Marisa Linho Preto Preto Liso;2023-12-13;;active;;Classico;Por conta do comprador;998;item;0;;;;
MLB3542357885;82841;7908748134472;Sofá Namoradeira Stella Bouclê Grafite Pés Palito Castanho Liso;2023-12-15;;active;;Premium;Por conta do comprador;318;item;0;;;;
MLB4287880878;85149;7908748162376;Sofá C/ 2 Poltronas Base Industrial Alta Marisa Linho Preto Preto Liso;2023-12-12;;active;;Premium;Por conta do comprador;500;item;0;;;;
MLB4290628858;85283;7908748162796;Sofá Namoradeira Base Industrial Alta Marisa Corino Preto Cinza Liso;2023-12-13;;active;;Classico;Por conta do comprador;998;item;0;;;;
MLB3539832955;85333;;Sofá C/ Poltrona Base Industrial Alta Preto Marisa Corano;2023-12-12;;active;;Premium;Por conta do comprador;998;variation;1;;;179428658448;Cor: Nozes
MLB3539832955;85333;;Sofá C/ Poltrona Base Industrial Alta Preto Marisa Corano;2023-12-12;;active;;Premium;Por conta do comprador;998;variation;1;;;179428658450;Cor: Branco
MLB3539832955;85333;;Sofá C/ Poltrona Base Industrial Alta Preto Marisa Corano;2023-12-12;;active;;Premium;Por conta do comprador;996;variation;1;;;179428658452;Cor: Preto
MLB4287864080;85269;;Poltrona Base Industrial Alta Preto Marisa Corino;2023-12-12;;active;;Premium;Por conta do comprador;997;variation;1;;;181033613865;Cor: Bege
MLB4287864080;85269;;Poltrona Base Industrial Alta Preto Marisa Corino;2023-12-12;;active;;Premium;Por conta do comprador;1000;variation;1;;;181033613867;Cor: Branco
MLB4287864080;85269;;Poltrona Base Industrial Alta Preto Marisa Corino;2023-12-12;;active;;Premium;Por conta do comprador;1000;variation;1;;;181033613869;Cor: Preto
MLB4287860166;85307;7908748162918;Poltrona Base Industrial Alta Preto Marisa Corano Preto Preto Liso;2023-12-12;;active;;Premium;Por conta do comprador;996;item;0;;;;
MLB4309592502;85663;7908748161027;Sofá C/ 2 Poltronas Base Industrial Alta Marisa Corino Preto Preto Liso;2023-12-20;;active;;Premium;Por conta do comprador;500;item;0;;;;
MLB4287914854;85105;7908748162154;Poltrona Base Industrial Alta Preto Marisa Linho Cinza Bege Liso;2023-12-12;;active;;Premium;Por conta do comprador;1000;item;0;;;;
MLB3540332205;85127;7908748162260;Sofá Namoradeira Base Industrial Alta Marisa Linho Grafite Cinza Liso;2023-12-13;;active;;Premium;Por conta do comprador;998;item;0;;;;
MLB3540362561;85089;7908748161829;Sofá C/ 2 Poltronas Base Industrial Preto Marisa Suede Verde Verde Liso;2023-12-13;;active;;Premium;Por conta do comprador;500;item;0;;;;
MLB3581551079;58095;7908477240475;Escultura Decorativa Metal Equilíbrio Preto D'rossi 17x14cm;2024-01-28;;active;;Classico;Frete gratis;2;item;0;;;;
MLB4419367554;87483;;Sofá Namoradeira E 2 Poltronas Base Madeira Cast Elisa Cori;2024-02-01;;active;;Premium;Por conta do comprador;498;variation;1;;;179801819428;Cor: Bege
MLB4419367554;87483;;Sofá Namoradeira E 2 Poltronas Base Madeira Cast Elisa Cori;2024-02-01;;active;;Premium;Por conta do comprador;500;variation;1;;;179801819430;Cor: Branco
MLB4419367554;87483;;Sofá Namoradeira E 2 Poltronas Base Madeira Cast Elisa Cori;2024-02-01;;active;;Premium;Por conta do comprador;500;variation;1;;;179801819432;Cor: Preto
MLB3392703501;52964;7908477201544;Poltrona Decorativa Shell Linho Grafite A26. Design Moderno Sala De Estar E Escritório - D'rossi;2023-07-28;;active;;Premium;Por conta do comprador;1000;item;0;;;;
MLB3577476967;87269;7908748178032;Namoradeira C/ 2 Poltronas Base Madeira Cast Elisa Sued Marr Marrom Liso;2024-01-24;;active;;Premium;Por conta do comprador;500;item;0;;;;
MLB4419392642;87453;7908748178940;Poltrona Base De Madeira Fixa Cast Kit 2 Elisa Corino Bege Bege Liso;2024-02-01;;active;;Premium;Por conta do comprador;498;item;0;;;;
MLB3583402873;87293;7908748178407;Poltrona Base De Madeira Fixa Castanho Elisa Linho Bege Bege Liso;2024-01-30;;active;;Premium;Por conta do comprador;1000;item;0;;;;
MLB4381423798;86953;7908748188291;Kit 2 Poltronas Pés Villach Marisa Linho Preto A79 D03 Preto Liso;2024-01-19;;active;;Premium;Por conta do comprador;130;item;0;;;;
MLB4410652288;82727;7908748124060;Poltrona Stella Max Corano Nozes Base Giratória D'rossi Marrom Liso;2024-01-30;;active;;Premium;Por conta do comprador;996;item;0;;;;
MLB3575130449;87057;7908748189151;Kit 2 Poltronas Pés Villach Marisa Corino Bege D03 - D'rossi Bege Liso;2024-01-22;;active;;Classico;Por conta do comprador;130;item;0;;;;
MLB4411117886;83127;7908748108480;Kit 1 Sofá E 1 Poltrona Veludo Cinza Base Industrial Dourado Liso;2024-01-30;;active;;Classico;Por conta do comprador;1000;item;0;;;;
MLB3583311727;60555;7908477290838;Vaso Bacia Decorativo Osaka Azul Perolizado P 7x46x35 Cm;2024-01-30;;active;;Premium;Frete gratis;10;item;0;;;;
MLB4377876690;86359;7908748167012;Poltrona Pés Palito Castanho Marisa Veludo Cinza D03 Cinza Liso;2024-01-18;;active;;Classico;Por conta do comprador;318;item;0;;;;
MLB4381359662;86971;7908748188338;Sofá Namoradeira Pés Villach Marisa Linho Grafite Cinza Liso;2024-01-19;;active;;Premium;Por conta do comprador;261;item;0;;;;
MLB4411143134;81583;7908748102921;Sofá Namoradeira Elisa Suede Preto Pés Palito Natural Liso;2024-01-30;;active;;Classico;Por conta do comprador;328;item;0;;;;
MLB3583692645;62519;7908477294539;Kit Namoradeira E Poltronas Giratória Giovana Suede Grafite Liso;2024-01-30;;active;;Premium;Por conta do comprador;318;item;0;;;;
MLB3583415879;87315;7908748178513;Sofá Namoradeira Base De Madeira Castanho Elisa Linho Cinza Branco Liso;2024-01-30;;active;;Premium;Por conta do comprador;1000;item;0;;;;
MLB3577476969;87255;;Poltrona Base De Madeira Fixa Castanho Kit 2 Elisa Suede;2024-01-24;;active;;Premium;Por conta do comprador;500;variation;1;;;179760501560;Cor: Bege
MLB3577476969;87255;;Poltrona Base De Madeira Fixa Castanho Kit 2 Elisa Suede;2024-01-24;;active;;Premium;Por conta do comprador;499;variation;1;;;179760501562;Cor: Azul-marinho
MLB3577476969;87255;;Poltrona Base De Madeira Fixa Castanho Kit 2 Elisa Suede;2024-01-24;;active;;Premium;Por conta do comprador;500;variation;1;;;179760501566;Cor: Cinza
MLB3577476969;87255;;Poltrona Base De Madeira Fixa Castanho Kit 2 Elisa Suede;2024-01-24;;active;;Premium;Por conta do comprador;500;variation;1;;;179760501568;Cor: Grafite
MLB3577476969;87255;;Poltrona Base De Madeira Fixa Castanho Kit 2 Elisa Suede;2024-01-24;;active;;Premium;Por conta do comprador;500;variation;1;;;179760501570;Cor: Marrom
MLB3577476969;87255;;Poltrona Base De Madeira Fixa Castanho Kit 2 Elisa Suede;2024-01-24;;active;;Premium;Por conta do comprador;500;variation;1;;;179760501572;Cor: Marrom rato
MLB3577476969;87255;;Poltrona Base De Madeira Fixa Castanho Kit 2 Elisa Suede;2024-01-24;;active;;Premium;Por conta do comprador;500;variation;1;;;179760501574;Cor: Preto
MLB3577476969;87255;;Poltrona Base De Madeira Fixa Castanho Kit 2 Elisa Suede;2024-01-24;;active;;Premium;Por conta do comprador;500;variation;1;;;179760501576;Cor: Rosa bebê
MLB3577476969;87255;;Poltrona Base De Madeira Fixa Castanho Kit 2 Elisa Suede;2024-01-24;;active;;Premium;Por conta do comprador;500;variation;1;;;179760501578;Cor: Rose
MLB3577476969;87255;;Poltrona Base De Madeira Fixa Castanho Kit 2 Elisa Suede;2024-01-24;;active;;Premium;Por conta do comprador;500;variation;1;;;179760501580;Cor: Verde
MLB4389796352;40149;7908274474431;Manta Decorativa Para Sofá Genova Marrom/bege 120x150cm Liso;2024-01-22;;active;;Classico;Por conta do comprador;7;item;0;;;;
MLB4413180714;81559;7908748102709;Poltrona Elisa Suede Preto Pés Palito Natural - D'rossi Liso Preto Liso;2024-01-31;;active;;Classico;Por conta do comprador;328;item;0;;;;
MLB4413180712;49970;7908439284004;Kit 02 Poltronas Giratória Marisa Suede Bege Base Madeira Liso;2024-01-31;;active;;Premium;Por conta do comprador;501;item;0;;;;
MLB3603940059;58621;7908477261845;Puff Redondo Infantil Moderno De Pneu Preto D'rossi Com Pés De Madeira;2024-02-22;;active;;Premium;Frete gratis;58;item;0;;;;
MLB3586177999;87507-74143;;Sofá Namoradeira 2 Lugares De Madeira Castanho Elisa Corano;2024-02-01;;active;;Premium;Por conta do comprador;1002;variation;1;;;179801915100;Cor: Nozes
MLB3586177999;87507-74141;;Sofá Namoradeira 2 Lugares De Madeira Castanho Elisa Corano;2024-02-01;;active;;Premium;Por conta do comprador;1000;variation;1;;;179801915102;Cor: Branco
MLB3586177999;87507-74145;;Sofá Namoradeira 2 Lugares De Madeira Castanho Elisa Corano;2024-02-01;;active;;Premium;Por conta do comprador;1001;variation;1;;;179801915104;Cor: Preto
MLB4419329176;87445;7908748178902;Poltrona Base De Madeira Fixa Castanho Elisa Corino Bege Bege Liso;2024-02-01;;active;;Premium;Por conta do comprador;996;item;0;;;;
MLB4449588638;87573;7908670886975;Sofá Retrátil Reclinável 4 Lugares 270 Cm México Vel Azul Azul Liso;2024-02-16;;active;;Premium;Por conta do comprador;1000;item;0;;;;
MLB4438048782;71643;7908575975255;Sofá Tradicional D'rossi Premium Stella De 2 Cuerpos Tela Suede Color Bege Liso;2024-02-09;;active;;Classico;Por conta do comprador;317;item;0;;;;
MLB3595682545;63453;7908575904385;Placa Decorativa Lousa De Madeira Arebesco Flor P/ Pendurar;2024-02-13;;active;;Classico;Por conta do comprador;37;item;0;;;;
MLB4449613962;87563;7908670886937;Sofá Retrátil Reclinável 3 Lugares 230 Cm México Vel Marrom Marrom Liso;2024-02-16;;active;;Premium;Por conta do comprador;1000;item;0;;;;
MLB4434546670;53450;7908477204231;Kit 10 Cadeiras De Jantar Liz Corino Branco Pés Palito Liso;2024-02-07;;active;;Premium;Por conta do comprador;30;item;0;;;;
MLB3586267519;87489;7908748179121;Poltrona Base De Madeira Fixa Castanho Elisa Corano Preto Preto Liso;2024-02-01;;active;;Premium;Por conta do comprador;1009;item;0;;;;
MLB4434443966;55224;7908477233811;Poltrona Arezzo Linho Grafite A26 Pés Chanfrado Castanho;2024-02-07;;active;;Premium;Por conta do comprador;4;item;0;;;;
MLB4434430972;47516;7908439251211;Sofá 2 Lugares Base Industrial Preto Marisa Suede Verde D'rossi Liso;2024-02-07;;active;;Premium;Por conta do comprador;1000;item;0;;;;
MLB3586824327;87505;7908748179206;Sofá Namoradeira Base Madeira Castanho Elisa Corano Preto Preto Liso;2024-02-02;;active;;Classico;Por conta do comprador;1001;item;0;;;;
MLB4433273372;76324;7908670831876;Poltrona D'rossi Stella Pés De Madeira Linho Cor Preto Liso;2024-02-07;;active;;Premium;Por conta do comprador;995;item;0;;;;
MLB4419341540;87469;7908748179022;Namoradeira E Poltrona Base Madeira Cast Elisa Corino Bege Bege Liso;2024-02-01;;active;;Premium;Por conta do comprador;996;item;0;;;;
MLB4434456816;47502;7908439251570;Sofá 2 Lugares Namoradeira Industrial Dourado Marisa Suede Preto D'rossi Liso;2024-02-07;;active;;Premium;Por conta do comprador;1000;item;0;;;;
MLB4422783918;87211;;Namoradeira Base De Madeira Castanho Elisa Suede D03;2024-02-02;;active;;Classico;Por conta do comprador;1001;variation;1;;;179803920886;Cor: Bege
MLB4422783918;87211;;Namoradeira Base De Madeira Castanho Elisa Suede D03;2024-02-02;;active;;Classico;Por conta do comprador;999;variation;1;;;179803920888;Cor: Azul-marinho
MLB4422783918;87211;;Namoradeira Base De Madeira Castanho Elisa Suede D03;2024-02-02;;active;;Classico;Por conta do comprador;0;variation;1;;;179803920890;Cor: Azul-turquesa
MLB4422783918;87211;;Namoradeira Base De Madeira Castanho Elisa Suede D03;2024-02-02;;active;;Classico;Por conta do comprador;1000;variation;1;;;179803920892;Cor: Cinza
MLB4422783918;87211;;Namoradeira Base De Madeira Castanho Elisa Suede D03;2024-02-02;;active;;Classico;Por conta do comprador;1000;variation;1;;;179803920894;Cor: Grafite
MLB4422783918;87211;;Namoradeira Base De Madeira Castanho Elisa Suede D03;2024-02-02;;active;;Classico;Por conta do comprador;1000;variation;1;;;179803920896;Cor: Marrom
MLB4422783918;87211;;Namoradeira Base De Madeira Castanho Elisa Suede D03;2024-02-02;;active;;Classico;Por conta do comprador;1000;variation;1;;;179803920898;Cor: Marrom rato
MLB4422783918;87211;;Namoradeira Base De Madeira Castanho Elisa Suede D03;2024-02-02;;active;;Classico;Por conta do comprador;1000;variation;1;;;179803920900;Cor: Preto
MLB4422783918;87211;;Namoradeira Base De Madeira Castanho Elisa Suede D03;2024-02-02;;active;;Classico;Por conta do comprador;1000;variation;1;;;179803920902;Cor: Rosa bebê
MLB4422783918;87211;;Namoradeira Base De Madeira Castanho Elisa Suede D03;2024-02-02;;active;;Classico;Por conta do comprador;1000;variation;1;;;179803920904;Cor: Rose
MLB4422783918;87211;;Namoradeira Base De Madeira Castanho Elisa Suede D03;2024-02-02;;active;;Classico;Por conta do comprador;1000;variation;1;;;179803920906;Cor: Verde
MLB4419341542;87467;;Sofá Namoradeira 2 Lugares Base De Madeira Cast Elisa Cor;2024-02-01;;active;;Premium;Por conta do comprador;1002;variation;1;;;181641493877;Cor: Bege
MLB4419341542;87467;;Sofá Namoradeira 2 Lugares Base De Madeira Cast Elisa Cor;2024-02-01;;active;;Premium;Por conta do comprador;1000;variation;1;;;181641493879;Cor: Branco
MLB4419341542;87467;;Sofá Namoradeira 2 Lugares Base De Madeira Cast Elisa Cor;2024-02-01;;active;;Premium;Por conta do comprador;1000;variation;1;;;181641493881;Cor: Preto
MLB4434508142;47484;7908439251662;Sofá 2 Lugares Namoradeira Marisa Aço Industrial Dourado Suede Rosa Bebê D03 - D'rossi Liso;2024-02-07;;active;;Premium;Por conta do comprador;1000;item;0;;;;
MLB4433260364;72555;7908575979123;01 Namoradeira E 02 Poltronas Stella Corano Com Linho Bege Liso;2024-02-07;;active;;Classico;Por conta do comprador;318;item;0;;;;
MLB4449550062;87545;7908670886852;Sofá Retrátil Reclinável 2 Lugares 180 Cm México Vel Grafite Cinza Liso;2024-02-16;;active;;Premium;Por conta do comprador;1000;item;0;;;;
MLB3610774649;50812;7908439278942;D'rossi Industrial Marisa Sofá Preto Liso;2024-02-29;;active;;Premium;Por conta do comprador;500;item;0;;;;
MLB3608705447;87801;;Poltrona Base De Madeira Fixa Preto Kit 2 Elisa Suede;2024-02-27;;active;;Premium;Por conta do comprador;499;variation;1;;;181872264687;Cor: Azul-marinho
MLB3608705447;87801;;Poltrona Base De Madeira Fixa Preto Kit 2 Elisa Suede;2024-02-27;;active;;Premium;Por conta do comprador;499;variation;1;;;181872264689;Cor: Bege
MLB3608705447;87801;;Poltrona Base De Madeira Fixa Preto Kit 2 Elisa Suede;2024-02-27;;active;;Premium;Por conta do comprador;499;variation;1;;;181872264691;Cor: Cinza
MLB3608705447;87801;;Poltrona Base De Madeira Fixa Preto Kit 2 Elisa Suede;2024-02-27;;active;;Premium;Por conta do comprador;499;variation;1;;;181872264693;Cor: Grafite
MLB3608705447;87801;;Poltrona Base De Madeira Fixa Preto Kit 2 Elisa Suede;2024-02-27;;active;;Premium;Por conta do comprador;499;variation;1;;;181872264695;Cor: Marrom
MLB3608705447;87801;;Poltrona Base De Madeira Fixa Preto Kit 2 Elisa Suede;2024-02-27;;active;;Premium;Por conta do comprador;499;variation;1;;;181872264697;Cor: Marrom rato
MLB3608705447;87801;;Poltrona Base De Madeira Fixa Preto Kit 2 Elisa Suede;2024-02-27;;active;;Premium;Por conta do comprador;499;variation;1;;;181872264699;Cor: Preto
MLB3608705447;87801;;Poltrona Base De Madeira Fixa Preto Kit 2 Elisa Suede;2024-02-27;;active;;Premium;Por conta do comprador;499;variation;1;;;181872264701;Cor: Rosa bebê
MLB3608705447;87801;;Poltrona Base De Madeira Fixa Preto Kit 2 Elisa Suede;2024-02-27;;active;;Premium;Por conta do comprador;499;variation;1;;;181872264703;Cor: Rose
MLB3608705447;87801;;Poltrona Base De Madeira Fixa Preto Kit 2 Elisa Suede;2024-02-27;;active;;Premium;Por conta do comprador;499;variation;1;;;181872264705;Cor: Verde
MLB4490256660;88483;7908748165025;Poltrona Pé De Ferro Dourado Kit 2 Elisa Linho Preto Preto Liso;2024-03-04;;active;;Premium;Por conta do comprador;137;item;0;;;;
MLB4480533450;88067;7908748151806;Poltrona Pé De Ferro Preto Sala De Estar Elisa Suede Grafite Cinza Liso;2024-02-29;;active;;Premium;Por conta do comprador;267;item;0;;;;
MLB4476258924;87997;;Namoradeira 2 Lugares Base De Madeira Preto Elisa Corino;2024-02-28;;active;;Premium;Por conta do comprador;1003;variation;1;;;181882664603;Cor: Bege
MLB4476258924;87997;;Namoradeira 2 Lugares Base De Madeira Preto Elisa Corino;2024-02-28;;active;;Premium;Por conta do comprador;1000;variation;1;;;181882664605;Cor: Branco
MLB4476258924;87997;;Namoradeira 2 Lugares Base De Madeira Preto Elisa Corino;2024-02-28;;active;;Premium;Por conta do comprador;1000;variation;1;;;181882664607;Cor: Preto
MLB4481148876;73479;7908575983670;Sofá Cama Casal 3 Lugares 210 Cm Lisboa Corino Bege - D'rossi Liso;2024-02-29;;active;;Premium;Por conta do comprador;277;item;0;;;;
MLB4476344970;88043;7908748181087;Namoradeira E 2 Poltronas Base Madeira Preto Elisa Cora Pto Preto Liso;2024-02-28;;active;;Premium;Por conta do comprador;503;item;0;;;;
MLB4480542488;88169;7908748166480;Poltrona Pé De Ferro Preto Para Sala Elisa Linho Grafite A26 Cinza Liso;2024-02-29;;active;;Premium;Por conta do comprador;267;item;0;;;;
MLB3611195801;88335;7908748128556;Sofá Namoradeira Pé De Ferro Preto Elisa Corano Preto Preto Liso;2024-02-29;;active;;Premium;Por conta do comprador;247;item;0;;;;
MLB4476186084;88027;7908748180967;Poltrona Base Madeira Fixa Preto Kit 2 Elisa Corano Preto Preto Liso;2024-02-28;;active;;Premium;Por conta do comprador;503;item;0;;;;
MLB4475693846;87885;7908748180288;Poltrona Base De Madeira Fixa Preto Kit 2 Elisa Linho Preto Preto Liso;2024-02-28;;active;;Premium;Por conta do comprador;499;item;0;;;;
MLB4481744242;88327;7908748128471;Poltrona Pé Ferro Preto Elisa Corano Luxo Kit 2 Preto Liso;2024-02-29;;active;;Premium;Frete gratis;123;item;0;;;;
MLB3611183423;88319;7908748185658;Poltrona Pé De Ferro Preto Para Sala Elisa Corano Preto Preto Liso;2024-02-29;;active;;Premium;Por conta do comprador;247;item;0;;;;
MLB3610631297;88207;7908748166695;Namoradeira 2 Poltronas Pé Ferro Preto Elisa Linho Grafite Cinza Liso;2024-02-29;;active;;Premium;Por conta do comprador;89;item;0;;;;
MLB4481721468;88329;;Poltrona Pé De Ferro Preto Para Sala Kit 2 Elisa Corano;2024-02-29;;active;;Premium;Por conta do comprador;133;variation;1;;;181903609631;Cor: Branco
MLB4481721468;88329;;Poltrona Pé De Ferro Preto Para Sala Kit 2 Elisa Corano;2024-02-29;;active;;Premium;Por conta do comprador;123;variation;1;;;181903609633;Cor: Nozes
MLB4481721468;88329;;Poltrona Pé De Ferro Preto Para Sala Kit 2 Elisa Corano;2024-02-29;;active;;Premium;Por conta do comprador;123;variation;1;;;181903609635;Cor: Preto
MLB4490256678;88475;;Poltrona Pé De Ferro Dourado Para Sala Elisa Linho;2024-03-04;;active;;Premium;Por conta do comprador;274;variation;1;;;181948002699;Cor: A19 Bege
MLB4490256678;88475;;Poltrona Pé De Ferro Dourado Para Sala Elisa Linho;2024-03-04;;active;;Premium;Por conta do comprador;274;variation;1;;;181948002701;Cor: A05 Cinza
MLB4490256678;88475;;Poltrona Pé De Ferro Dourado Para Sala Elisa Linho;2024-03-04;;active;;Premium;Por conta do comprador;274;variation;1;;;181948002703;Cor: A26 Grafite
MLB4490256678;88475;;Poltrona Pé De Ferro Dourado Para Sala Elisa Linho;2024-03-04;;active;;Premium;Por conta do comprador;274;variation;1;;;181948002705;Cor: A79 Preto
MLB4481720580;88341;7908748128754;Namoradeira E 2 Poltronas Pé De Ferro Preto Elisa Cora Nozes Marrom Liso;2024-02-29;;active;;Premium;Por conta do comprador;82;item;0;;;;
MLB3609071781;87905;7908748180431;Namoradeira E 2 Poltronas Base Madeira Preto Elisa Lin Preto Preto Liso;2024-02-28;;active;;Premium;Por conta do comprador;499;item;0;;;;
MLB4490269592;88493;7908748165070;Sofá Namoradeira Pé De Ferro Dourado Elisa Linho Preto Preto Liso;2024-03-04;;active;;Premium;Por conta do comprador;274;item;0;;;;
MLB4490873672;72607;7908575979420;Sofá 2 Lugares 2 Poltronas Stella Base Giratória Ma30 Suede Grafite - D'rossi Liso;2024-03-04;;active;;Premium;Por conta do comprador;318;item;0;;;;
MLB3640540753;89567;;Poltrona Decorativa Base Industrial Preta Stella Sintético;2024-03-28;;active;;Premium;Por conta do comprador;247;variation;1;;;180190504964;Cor: Bege
MLB3640540753;89567;;Poltrona Decorativa Base Industrial Preta Stella Sintético;2024-03-28;;active;;Premium;Por conta do comprador;247;variation;1;;;180190504966;Cor: Branco
MLB3640540753;89567;;Poltrona Decorativa Base Industrial Preta Stella Sintético;2024-03-28;;active;;Premium;Por conta do comprador;247;variation;1;;;180190504968;Cor: Preto
MLB3641245967;89901;;Namoradeira E 2 Poltronas Pé De Ferro Dourado Stella Corino;2024-03-28;;active;;Premium;Por conta do comprador;90;variation;1;;;180193001298;Cor: Bege
MLB3641245967;89901;;Namoradeira E 2 Poltronas Pé De Ferro Dourado Stella Corino;2024-03-28;;active;;Premium;Por conta do comprador;91;variation;1;;;180193001300;Cor: Branco
MLB3641245967;89901;;Namoradeira E 2 Poltronas Pé De Ferro Dourado Stella Corino;2024-03-28;;active;;Premium;Por conta do comprador;90;variation;1;;;180193001302;Cor: Preto
MLB3640707215;89453;7908748195046;Poltrona Pé De Ferro Preto Sala De Estar Stella Linho Cinza Branco Liso;2024-03-28;;active;;Premium;Por conta do comprador;267;item;0;;;;
MLB3640707197;89451;7908748195039;Poltrona Pé De Ferro Preto Sala De Estar Stella Linho Bege Bege Liso;2024-03-28;;active;;Premium;Por conta do comprador;247;item;0;;;;
MLB4562218000;89487;7908748195213;Namoradeira E Poltrona Pé Ferro Preto Stella Linho Preto Preto Liso;2024-03-28;;active;;Premium;Por conta do comprador;133;item;0;;;;
MLB4562205514;89461;7908748195084;Poltrona Pé De Ferro Preto Kit 2 Stella Linho Bege Bege Liso;2024-03-28;;active;;Premium;Por conta do comprador;123;item;0;;;;
MLB4562181298;89457;7908748195060;Poltrona Pé De Ferro Preto Sala De Estar Stella Linho Preto Preto Liso;2024-03-28;;active;;Premium;Por conta do comprador;267;item;0;;;;
MLB3640689147;89465;7908748195107;Poltrona Sala Stella Kit 2 Linho Grafite Pés Em Aço Preto Cinza Liso;2024-03-28;;active;;Premium;Frete gratis;123;item;0;;;;
MLB3641206157;89645;7908748171668;Poltrona Pé De Ferro Dourado Para Sala Stella Suede Cinza Cinza Liso;2024-03-28;;active;;Premium;Por conta do comprador;274;item;0;;;;
MLB4562156336;89455;7908748195053;Poltrona Pé De Ferro Preto Sala De Estar Stella Linho Grafit Cinza Liso;2024-03-28;;active;;Premium;Por conta do comprador;247;item;0;;;;
MLB3641202659;89683;;Poltrona Decorativa Stella Kit2 Suede Pé Aço Dourado D'rossi;2024-03-28;;active;;Premium;Por conta do comprador;136;variation;1;;;180192888740;Cor: Bege
MLB3641202659;89683;;Poltrona Decorativa Stella Kit2 Suede Pé Aço Dourado D'rossi;2024-03-28;;active;;Premium;Por conta do comprador;136;variation;1;;;180192888742;Cor: Azul-marinho
MLB3641202659;89683;;Poltrona Decorativa Stella Kit2 Suede Pé Aço Dourado D'rossi;2024-03-28;;active;;Premium;Por conta do comprador;137;variation;1;;;180192888744;Cor: Cinza
MLB3641202659;89683;;Poltrona Decorativa Stella Kit2 Suede Pé Aço Dourado D'rossi;2024-03-28;;active;;Premium;Por conta do comprador;137;variation;1;;;180192888746;Cor: Grafite
MLB3641202659;89683;;Poltrona Decorativa Stella Kit2 Suede Pé Aço Dourado D'rossi;2024-03-28;;active;;Premium;Por conta do comprador;137;variation;1;;;180192888748;Cor: Marrom
MLB3641202659;89683;;Poltrona Decorativa Stella Kit2 Suede Pé Aço Dourado D'rossi;2024-03-28;;active;;Premium;Por conta do comprador;137;variation;1;;;180192888750;Cor: Marrom rato
MLB3641202659;89683;;Poltrona Decorativa Stella Kit2 Suede Pé Aço Dourado D'rossi;2024-03-28;;active;;Premium;Por conta do comprador;137;variation;1;;;180192888752;Cor: Preto
MLB3641202659;89683;;Poltrona Decorativa Stella Kit2 Suede Pé Aço Dourado D'rossi;2024-03-28;;active;;Premium;Por conta do comprador;137;variation;1;;;180192888754;Cor: Rosa bebê
MLB3641202659;89683;;Poltrona Decorativa Stella Kit2 Suede Pé Aço Dourado D'rossi;2024-03-28;;active;;Premium;Por conta do comprador;137;variation;1;;;180192888756;Cor: Rose
MLB3641202659;89683;;Poltrona Decorativa Stella Kit2 Suede Pé Aço Dourado D'rossi;2024-03-28;;active;;Premium;Por conta do comprador;137;variation;1;;;180192888758;Cor: Verde
MLB3641218361;89643;7908748171644;Poltrona Pé De Ferro Dourado Para Sala Stella Suede Bege Bege Liso;2024-03-28;;active;;Premium;Por conta do comprador;272;item;0;;;;
MLB3641321307;89875;;Poltrona Pé De Ferro Dourado Kit 2 Stella Corino;2024-03-28;;active;;Premium;Por conta do comprador;136;variation;1;;;180192970852;Cor: Bege
MLB3641321307;89875;;Poltrona Pé De Ferro Dourado Kit 2 Stella Corino;2024-03-28;;active;;Premium;Por conta do comprador;137;variation;1;;;180192970854;Cor: Branco
MLB3641321307;89875;;Poltrona Pé De Ferro Dourado Kit 2 Stella Corino;2024-03-28;;active;;Premium;Por conta do comprador;136;variation;1;;;180192970856;Cor: Preto
MLB3640707245;89479;;Sofá Namoradeira 2 Lugares Pé De Ferro Preto Stella Linho;2024-03-28;;active;;Premium;Por conta do comprador;247;variation;1;;;182283726939;Cor: A19 Bege
MLB3640707245;89479;;Sofá Namoradeira 2 Lugares Pé De Ferro Preto Stella Linho;2024-03-28;;active;;Premium;Por conta do comprador;267;variation;1;;;182283726941;Cor: A05 Cinza
MLB3640707245;89479;;Sofá Namoradeira 2 Lugares Pé De Ferro Preto Stella Linho;2024-03-28;;active;;Premium;Por conta do comprador;247;variation;1;;;182283726943;Cor: A26 Grafite
MLB3640707245;89479;;Sofá Namoradeira 2 Lugares Pé De Ferro Preto Stella Linho;2024-03-28;;active;;Premium;Por conta do comprador;267;variation;1;;;182283726945;Cor: A79 Preto
MLB3640899931;89353;7908748194506;Poltrona Pé De Ferro Preto Para Sala Stella Suede Preto Preto Liso;2024-03-28;;active;;Premium;Por conta do comprador;267;item;0;;;;
MLB3640840969;89361;;Poltrona Pé De Ferro Preto Sala De Estar Stella Suede;2024-03-28;;active;;Premium;Por conta do comprador;272;variation;1;;;180191986672;Cor: Bege
MLB3640840969;89361;;Poltrona Pé De Ferro Preto Sala De Estar Stella Suede;2024-03-28;;active;;Premium;Por conta do comprador;247;variation;1;;;180191986674;Cor: Azul-marinho
MLB3640840969;89361;;Poltrona Pé De Ferro Preto Sala De Estar Stella Suede;2024-03-28;;active;;Premium;Por conta do comprador;267;variation;1;;;182284804677;Cor: Cinza
MLB3640840969;89361;;Poltrona Pé De Ferro Preto Sala De Estar Stella Suede;2024-03-28;;active;;Premium;Por conta do comprador;267;variation;1;;;182284804679;Cor: Grafite
MLB3640840969;89361;;Poltrona Pé De Ferro Preto Sala De Estar Stella Suede;2024-03-28;;active;;Premium;Por conta do comprador;267;variation;1;;;182284804681;Cor: Marrom
MLB3640840969;89361;;Poltrona Pé De Ferro Preto Sala De Estar Stella Suede;2024-03-28;;active;;Premium;Por conta do comprador;267;variation;1;;;182284804683;Cor: Marrom rato
MLB3640840969;89361;;Poltrona Pé De Ferro Preto Sala De Estar Stella Suede;2024-03-28;;active;;Premium;Por conta do comprador;267;variation;1;;;182284804685;Cor: Preto
MLB3640840969;89361;;Poltrona Pé De Ferro Preto Sala De Estar Stella Suede;2024-03-28;;active;;Premium;Por conta do comprador;267;variation;1;;;182284804687;Cor: Rosa bebê
MLB3640840969;89361;;Poltrona Pé De Ferro Preto Sala De Estar Stella Suede;2024-03-28;;active;;Premium;Por conta do comprador;267;variation;1;;;182284804689;Cor: Rose
MLB3640840969;89361;;Poltrona Pé De Ferro Preto Sala De Estar Stella Suede;2024-03-28;;active;;Premium;Por conta do comprador;267;variation;1;;;182284804691;Cor: Verde
MLB3640820723;89369;7908748194599;Poltrona Pé De Ferro Preto Kit 2 Stella Suede Grafite Cinza Liso;2024-03-28;;active;;Premium;Por conta do comprador;133;item;0;;;;
MLB3640838771;89367;7908748194582;Poltrona Pé De Ferro Preto Kit 2 Stella Suede Cinza Cinza Liso;2024-03-28;;active;;Premium;Por conta do comprador;133;item;0;;;;
MLB3641259093;89867;;Poltrona Pé De Ferro Dourado Sala De Estar Stella Corino;2024-03-28;;active;;Premium;Por conta do comprador;272;variation;1;;;182287095859;Cor: Bege
MLB3641259093;89867;;Poltrona Pé De Ferro Dourado Sala De Estar Stella Corino;2024-03-28;;active;;Premium;Por conta do comprador;274;variation;1;;;182287095861;Cor: Branco
MLB3641259093;89867;;Poltrona Pé De Ferro Dourado Sala De Estar Stella Corino;2024-03-28;;active;;Premium;Por conta do comprador;272;variation;1;;;182287095863;Cor: Preto
MLB3641313071;89801;7908748195831;Poltrona Pé De Ferro Dourado Para Sala Stella Veludo Bege Branco Liso;2024-03-28;;active;;Premium;Por conta do comprador;274;item;0;;;;
MLB4563080896;89859;;Namoradeira E 2 Poltronas Pé De Ferro Dourado Stella Veludo;2024-03-28;;active;;Premium;Por conta do comprador;91;variation;1;;;180193009406;Cor: Bege
MLB4563080896;89859;;Namoradeira E 2 Poltronas Pé De Ferro Dourado Stella Veludo;2024-03-28;;active;;Premium;Por conta do comprador;91;variation;1;;;180193009408;Cor: Cinza
MLB4563080896;89859;;Namoradeira E 2 Poltronas Pé De Ferro Dourado Stella Veludo;2024-03-28;;active;;Premium;Por conta do comprador;91;variation;1;;;180193009410;Cor: Preto
MLB4563080896;89859;;Namoradeira E 2 Poltronas Pé De Ferro Dourado Stella Veludo;2024-03-28;;active;;Premium;Por conta do comprador;91;variation;1;;;180193009412;Cor: Rose
MLB4563080896;89859;;Namoradeira E 2 Poltronas Pé De Ferro Dourado Stella Veludo;2024-03-28;;active;;Premium;Por conta do comprador;91;variation;1;;;180193009414;Cor: Verde
MLB3633884681;89287;7908847611003;Escultura Decorativa Pessoa Sentada Poliresina Cobre 21,5 Cm Cobre;2024-03-21;;active;;Premium;Frete gratis;20;item;0;;;;
MLB4563000328;89761;7908748128402;Poltrona Sala Stella Kit 2 Linho Bege Pé De Ferro Dourado Bege Liso;2024-03-28;;active;;Premium;Por conta do comprador;136;item;0;;;;
MLB4563000388;89777;7908748195718;Sofá Namoradeira Pé De Ferro Dourado Stella Linho Preto Preto Liso;2024-03-28;;active;;Premium;Por conta do comprador;274;item;0;;;;
MLB4540895676;89257;7908847611218;Haste De Flor Artificial Protea Frosted C/ Coat Salmão 50 Cm Salmão;2024-03-21;;active;;Premium;Frete gratis;17;item;0;;;;
MLB4541008692;89275;7908847610945;Escultura Decorativa Em Cerâmica Corpo Humano Branco 25 Cm Branco;2024-03-21;;active;;Premium;Frete gratis;13;item;0;;;;
MLB4562365154;89389;7908748194704;Sofá Namoradeira Pé De Ferro Preto Stella Suede Cinza Cinza Liso;2024-03-28;;active;;Premium;Por conta do comprador;267;item;0;;;;
MLB4559750126;89611;7908748196104;Poltrona Stella Kit 2 Corano Nozes Pé De Ferro Preto Marrom Liso;2024-03-27;;active;;Premium;Por conta do comprador;123;item;0;;;;
MLB4559687200;89635;7908748196227;Namoradeira E 2 Poltronas Pé Ferro Preto Stella Corano Nozes Marrom Liso;2024-03-27;;active;;Premium;Por conta do comprador;82;item;0;;;;
MLB4540983132;89271;7908847610921;Escultura Decorativa De Cerâmica Sala Pássaro Preto - 15cm Preto;2024-03-21;;active;;Premium;Por conta do comprador;89;item;0;;;;
MLB4559713204;89613;7908748196111;Poltrona Pé De Ferro Preto Kit 2 Stella Corano Preto Preto Liso;2024-03-27;;active;;Premium;Por conta do comprador;133;item;0;;;;
MLB4559687194;89615;;Poltrona Pé De Ferro Preto Kit 2 Stella Corano D03 - D'rossi;2024-03-27;;active;;Premium;Por conta do comprador;123;variation;1;;;182270584783;Cor: Nozes
MLB4559687194;89615;;Poltrona Pé De Ferro Preto Kit 2 Stella Corano D03 - D'rossi;2024-03-27;;active;;Premium;Por conta do comprador;133;variation;1;;;182270584781;Cor: Branco
MLB4559687194;89615;;Poltrona Pé De Ferro Preto Kit 2 Stella Corano D03 - D'rossi;2024-03-27;;active;;Premium;Por conta do comprador;133;variation;1;;;182270584785;Cor: Preto
MLB4540996092;89289;7908847611010;Escultura Decorativa Homem Escada Poliresina Pto/dou 46,5 Cm Dourado;2024-03-21;;active;;Premium;Frete gratis;3;item;0;;;;
MLB4539775810;89177;7908847611317;Vaso Decorativo Bob Robert Sentado Poliresina Dourado14,5 Cm Dourado Liso;2024-03-21;;active;;Premium;Por conta do comprador;5;item;0;;;;
MLB4540783592;89233;7908847610907;Folha Artificial Latânia Leque Realista Verde Escuro 83 Cm Verde;2024-03-21;;active;;Premium;Frete gratis;10;item;0;;;;
MLB4559750236;89621;7908748196159;Sofá Namoradeira Pé De Ferro Preto Stella Corano Preto Preto Liso;2024-03-27;;active;;Premium;Por conta do comprador;267;item;0;;;;
MLB4562987880;89771;7908748186389;Sofá Namoradeira Pé De Ferro Dourado Stella Linho Bege Bege Liso;2024-03-28;;active;;Premium;Por conta do comprador;247;item;0;;;;
MLB4562924164;89661;;Poltrona Pé De Ferro Dourado Sala De Estar Stella Suede;2024-03-28;;active;;Premium;Por conta do comprador;272;variation;1;;;182286565219;Cor: Bege
MLB4562924164;89661;;Poltrona Pé De Ferro Dourado Sala De Estar Stella Suede;2024-03-28;;active;;Premium;Por conta do comprador;272;variation;1;;;182286565221;Cor: Azul-marinho
MLB4562924164;89661;;Poltrona Pé De Ferro Dourado Sala De Estar Stella Suede;2024-03-28;;active;;Premium;Por conta do comprador;274;variation;1;;;182286565223;Cor: Cinza
MLB4562924164;89661;;Poltrona Pé De Ferro Dourado Sala De Estar Stella Suede;2024-03-28;;active;;Premium;Por conta do comprador;274;variation;1;;;182286565225;Cor: Grafite
MLB4562924164;89661;;Poltrona Pé De Ferro Dourado Sala De Estar Stella Suede;2024-03-28;;active;;Premium;Por conta do comprador;274;variation;1;;;182286565227;Cor: Marrom
MLB4562924164;89661;;Poltrona Pé De Ferro Dourado Sala De Estar Stella Suede;2024-03-28;;active;;Premium;Por conta do comprador;274;variation;1;;;182286565229;Cor: Marrom rato
MLB4562924164;89661;;Poltrona Pé De Ferro Dourado Sala De Estar Stella Suede;2024-03-28;;active;;Premium;Por conta do comprador;274;variation;1;;;182286565231;Cor: Preto
MLB4562924164;89661;;Poltrona Pé De Ferro Dourado Sala De Estar Stella Suede;2024-03-28;;active;;Premium;Por conta do comprador;274;variation;1;;;182286565233;Cor: Rosa bebê
MLB4562924164;89661;;Poltrona Pé De Ferro Dourado Sala De Estar Stella Suede;2024-03-28;;active;;Premium;Por conta do comprador;274;variation;1;;;182286565235;Cor: Rose
MLB4562924164;89661;;Poltrona Pé De Ferro Dourado Sala De Estar Stella Suede;2024-03-28;;active;;Premium;Por conta do comprador;274;variation;1;;;182286565237;Cor: Verde
MLB4562954878;89727;;Sofá Namoradeira E Poltrona Pé De Ferro Dourado Stella Suede;2024-03-28;;active;;Premium;Por conta do comprador;136;variation;1;;;180192911142;Cor: Bege
MLB4562954878;89727;;Sofá Namoradeira E Poltrona Pé De Ferro Dourado Stella Suede;2024-03-28;;active;;Premium;Por conta do comprador;136;variation;1;;;180192911144;Cor: Azul-marinho
MLB4562954878;89727;;Sofá Namoradeira E Poltrona Pé De Ferro Dourado Stella Suede;2024-03-28;;active;;Premium;Por conta do comprador;137;variation;1;;;180192911146;Cor: Cinza
MLB4562954878;89727;;Sofá Namoradeira E Poltrona Pé De Ferro Dourado Stella Suede;2024-03-28;;active;;Premium;Por conta do comprador;137;variation;1;;;180192911148;Cor: Grafite
MLB4562954878;89727;;Sofá Namoradeira E Poltrona Pé De Ferro Dourado Stella Suede;2024-03-28;;active;;Premium;Por conta do comprador;137;variation;1;;;180192911150;Cor: Marrom
MLB4562954878;89727;;Sofá Namoradeira E Poltrona Pé De Ferro Dourado Stella Suede;2024-03-28;;active;;Premium;Por conta do comprador;137;variation;1;;;180192911152;Cor: Marrom rato
MLB4562954878;89727;;Sofá Namoradeira E Poltrona Pé De Ferro Dourado Stella Suede;2024-03-28;;active;;Premium;Por conta do comprador;137;variation;1;;;180192911154;Cor: Preto
MLB4562954878;89727;;Sofá Namoradeira E Poltrona Pé De Ferro Dourado Stella Suede;2024-03-28;;active;;Premium;Por conta do comprador;137;variation;1;;;180192911156;Cor: Rosa bebê
MLB4562954878;89727;;Sofá Namoradeira E Poltrona Pé De Ferro Dourado Stella Suede;2024-03-28;;active;;Premium;Por conta do comprador;137;variation;1;;;180192911158;Cor: Rose
MLB4562954878;89727;;Sofá Namoradeira E Poltrona Pé De Ferro Dourado Stella Suede;2024-03-28;;active;;Premium;Por conta do comprador;137;variation;1;;;180192911160;Cor: Verde
MLB4562375618;89383;;Poltrona Pé De Ferro Preto Kit 2 Stella Suede D03 - D'rossi;2024-03-28;;active;;Premium;Por conta do comprador;123;variation;1;;;180191965928;Cor: Azul-marinho
MLB4562375618;89383;;Poltrona Pé De Ferro Preto Kit 2 Stella Suede D03 - D'rossi;2024-03-28;;active;;Premium;Por conta do comprador;133;variation;1;;;180191965930;Cor: Bege
MLB4562375618;89383;;Poltrona Pé De Ferro Preto Kit 2 Stella Suede D03 - D'rossi;2024-03-28;;active;;Premium;Por conta do comprador;133;variation;1;;;180191965932;Cor: Cinza
MLB4562375618;89383;;Poltrona Pé De Ferro Preto Kit 2 Stella Suede D03 - D'rossi;2024-03-28;;active;;Premium;Por conta do comprador;133;variation;1;;;180191965934;Cor: Grafite
MLB4562375618;89383;;Poltrona Pé De Ferro Preto Kit 2 Stella Suede D03 - D'rossi;2024-03-28;;active;;Premium;Por conta do comprador;133;variation;1;;;180191965936;Cor: Marrom
MLB4562375618;89383;;Poltrona Pé De Ferro Preto Kit 2 Stella Suede D03 - D'rossi;2024-03-28;;active;;Premium;Por conta do comprador;133;variation;1;;;180191965938;Cor: Marrom rato
MLB4562375618;89383;;Poltrona Pé De Ferro Preto Kit 2 Stella Suede D03 - D'rossi;2024-03-28;;active;;Premium;Por conta do comprador;133;variation;1;;;180191965940;Cor: Preto
MLB4562375618;89383;;Poltrona Pé De Ferro Preto Kit 2 Stella Suede D03 - D'rossi;2024-03-28;;active;;Premium;Por conta do comprador;133;variation;1;;;180191965942;Cor: Rosa bebê
MLB4562375618;89383;;Poltrona Pé De Ferro Preto Kit 2 Stella Suede D03 - D'rossi;2024-03-28;;active;;Premium;Por conta do comprador;133;variation;1;;;180191965944;Cor: Rose
MLB4562375618;89383;;Poltrona Pé De Ferro Preto Kit 2 Stella Suede D03 - D'rossi;2024-03-28;;active;;Premium;Por conta do comprador;133;variation;1;;;180191965946;Cor: Verde
MLB3663940349;90267;7908748197934;Namoradeira E Poltrona Industrial Preto Stella Veludo Bege Bege Liso;2024-04-19;;active;;Classico;Por conta do comprador;1000;item;0;;;;
MLB3664464301;60347;7908477288804;Vaso Decorativo Bob Robert Deitado Poliresina Rosa 13x14x10 Liso;2024-04-20;;active;;Classico;Por conta do comprador;3;item;0;;;;
MLB4622806542;90679;;Poltrona Sala De Estar Industrial Preto Kit 2 Ameli Bouclê;2024-04-22;;active;;Classico;Por conta do comprador;500;variation;1;;;180349489194;Cor: Bege
MLB4622806542;90679;;Poltrona Sala De Estar Industrial Preto Kit 2 Ameli Bouclê;2024-04-22;;active;;Classico;Por conta do comprador;500;variation;1;;;180349489196;Cor: Verde
MLB4622806542;90679;;Poltrona Sala De Estar Industrial Preto Kit 2 Ameli Bouclê;2024-04-22;;active;;Classico;Por conta do comprador;500;variation;1;;;180349489198;Cor: Azul
MLB4622806542;90679;;Poltrona Sala De Estar Industrial Preto Kit 2 Ameli Bouclê;2024-04-22;;active;;Classico;Por conta do comprador;500;variation;1;;;180349489200;Cor: Cinza claro
MLB4622806542;90679;;Poltrona Sala De Estar Industrial Preto Kit 2 Ameli Bouclê;2024-04-22;;active;;Classico;Por conta do comprador;500;variation;1;;;180349489202;Cor: Cinza
MLB4622806542;90679;;Poltrona Sala De Estar Industrial Preto Kit 2 Ameli Bouclê;2024-04-22;;active;;Classico;Por conta do comprador;500;variation;1;;;180349489204;Cor: Creme
MLB3860780066;65799;7908575925854;D'rossi Marisa Kit 01 Namoradeira E 02 Poltronas Linho Grafite A26 Liso;2024-04-19;;active;MLB3860780066;Premium;Por conta do comprador;500;item;0;;;;
MLB4617065730;90105;7908748197248;Sofá Namoradeira Industrial Dourado Stella Corano Branco Branco Liso;2024-04-19;;active;;Classico;Por conta do comprador;1000;item;0;;;;
MLB4616718804;90601;7908847637362;Poltrona Sala De Estar Industrial Preto Ameli Veludo Preto Preto Liso;2024-04-19;;active;;Premium;Por conta do comprador;1000;item;0;;;;
MLB4616718794;90599;7908847637348;Poltrona Sala De Estar Industrial Preto Ameli Veludo Marrom Marrom Liso;2024-04-19;;active;;Premium;Por conta do comprador;1000;item;0;;;;
MLB3055006190;76786;7908670834068;Kit 02 Poltronas Stella Suede Bege Base Industrial Dourada Bege;2022-12-14;;active;;Premium;Por conta do comprador;499;item;0;;;;
MLB4616188756;90635;7908847637669;Poltrona Sala De Estar Industrial Ameli Sintético Pu Nozes Laranja Liso;2024-04-19;;active;;Premium;Por conta do comprador;1000;item;0;;;;
MLB3663500755;63455;7908575904422;Estátua Decorativa Pássaro Cerâmica Rosê 15x18x7cm D'rossi;2024-04-19;;active;;Premium;Por conta do comprador;20;item;0;;;;
MLB3663177683;78665;7908670859535;Sofá Namoradeira Lana Suede Marrom Rato Base De Madeira Liso;2024-04-19;;active;;Premium;Por conta do comprador;273;item;0;;;;
MLB3663551169;62667;7908477296533;Sousplat Para Prato De Mesa Decorativo Cinza E Rose 33 Cm Liso;2024-04-19;;active;;Premium;Por conta do comprador;33;item;0;;;;
MLB3664462625;77665;7908670855087;Balcão De Cozinha Lavanderia Com Tampo Beth Castanho E Cinza;2024-04-20;;active;;Premium;Por conta do comprador;4;item;0;;;;
MLB1034876955;6600;7908439207218;Kit 02 Poltronas Decorativa Stella Suede Bege Pés Palito Bege;2018-05-22;;active;;Premium;Por conta do comprador;148;item;0;;;;
MLB3242082769;76766;7908670833955;Poltrona Decorativa Sala Suede Bege Liso Base Industrial Dourada D'rossi Bege Liso;2023-03-01;;active;;Premium;Por conta do comprador;999;item;0;;;;
MLB3663927425;90269;7908748197941;Namoradeira E Poltrona Industrial Preto Stella Veludo Cinza Cinza Liso;2024-04-19;;active;;Classico;Por conta do comprador;1000;item;0;;;;
MLB1034841729;6336;7908439208567;Poltrona Decorativa Stella Suede Bege Pés Palito - D'rossi Bege Liso;2018-05-22;;active;;Premium;Por conta do comprador;296;item;0;;;;
MLB1825459979;49548;7908439278065;Poltrona Stella Suede Bege Pés Palito Natural - D'rossi Bege Liso;2021-03-17;;active;;Premium;Por conta do comprador;317;item;0;;;;
MLB3752480882;49548;7908439278065;Poltrona Sala De Estar Pé Palito Natural Stella Suede Bege D'rossi Liso;2023-06-28;;active;;Premium;Por conta do comprador;317;item;0;;;;
MLB3663850145;90289;;Namoradeira E 2 Poltronas  Industrial Preto Stella Veludo;2024-04-19;;active;;Classico;Por conta do comprador;500;variation;1;;;180337312512;Cor: Bege
MLB3663850145;90289;;Namoradeira E 2 Poltronas  Industrial Preto Stella Veludo;2024-04-19;;active;;Classico;Por conta do comprador;500;variation;1;;;180337312514;Cor: Cinza
MLB3663850145;90289;;Namoradeira E 2 Poltronas  Industrial Preto Stella Veludo;2024-04-19;;active;;Classico;Por conta do comprador;500;variation;1;;;180337312516;Cor: Preto
MLB3663850145;90289;;Namoradeira E 2 Poltronas  Industrial Preto Stella Veludo;2024-04-19;;active;;Classico;Por conta do comprador;500;variation;1;;;180337312518;Cor: Rose
MLB3663850145;90289;;Namoradeira E 2 Poltronas  Industrial Preto Stella Veludo;2024-04-19;;active;;Classico;Por conta do comprador;500;variation;1;;;180337312520;Cor: Verde
MLB3659882419;89711;7908748166800;Namoradeira E Poltrona Pé Ferro Dourado Stella Suede Cinza Cinza Liso;2024-04-16;;active;;Classico;Por conta do comprador;137;item;0;;;;
MLB3661936517;90579;7908847639038;Sofá 2 Lugares Living 135cm Pé Palito Maraú Bouclê Bege Bege Liso;2024-04-18;;active;;Premium;Por conta do comprador;1000;item;0;;;;
MLB4617081402;90175;7908748197576;Sofá Namoradeira Industrial Preto Stella Suede Marrom Rato Bege Liso;2024-04-19;;active;;Classico;Por conta do comprador;1000;item;0;;;;
MLB4613142050;90565;7908847638734;Sofá 2 Lugares Living 135cm Pé Palito Maraú Veludo Verde Verde Liso;2024-04-18;;active;;Premium;Por conta do comprador;1000;item;0;;;;
MLB3662289035;79155;7908670869992;Kit Com 2 Poltronas D'rossi Stella Corano Pés De Metal Preto Cor Nozes Liso;2024-04-18;;active;;Premium;Por conta do comprador;506;item;0;;;;
MLB3659876499;89875;;Poltrona Pé De Ferro Dourado Kit 2 Stella Corino;2024-04-16;;active;;Classico;Por conta do comprador;136;variation;1;;;180315248918;Cor: Bege
MLB3659876499;89875;;Poltrona Pé De Ferro Dourado Kit 2 Stella Corino;2024-04-16;;active;;Classico;Por conta do comprador;137;variation;1;;;180315248920;Cor: Branco
MLB3659876499;89875;;Poltrona Pé De Ferro Dourado Kit 2 Stella Corino;2024-04-16;;active;;Classico;Por conta do comprador;136;variation;1;;;180315248922;Cor: Preto
MLB4617094356;90225;7908748197842;Namoradeira E 2 Poltronas Industrial Pto Stella Suede Rosê Rosa Liso;2024-04-19;;active;;Classico;Por conta do comprador;500;item;0;;;;
MLB4609099332;89615;;Poltrona Pé De Ferro Preto Kit 2 Stella Corano D03 - D'rossi;2024-04-16;;active;;Classico;Por conta do comprador;123;variation;1;;;182489956305;Cor: Nozes
MLB4609099332;89615;;Poltrona Pé De Ferro Preto Kit 2 Stella Corano D03 - D'rossi;2024-04-16;;active;;Classico;Por conta do comprador;133;variation;1;;;182489956307;Cor: Branco
MLB4609099332;89615;;Poltrona Pé De Ferro Preto Kit 2 Stella Corano D03 - D'rossi;2024-04-16;;active;;Classico;Por conta do comprador;133;variation;1;;;182489956309;Cor: Preto
MLB4613749792;83231;7908748109807;Kit 1 Sofá E 2 Poltronas Corino Bege Base Industrial Dourado Liso;2024-04-18;;active;;Premium;Por conta do comprador;498;item;0;;;;
MLB4617078280;90111;;Namoradeira 2 Lugares Base Industrial Dourado Stella Corano;2024-04-19;;active;;Classico;Por conta do comprador;1000;variation;1;;;182523951649;Cor: Nozes
MLB4617078280;90111;;Namoradeira 2 Lugares Base Industrial Dourado Stella Corano;2024-04-19;;active;;Classico;Por conta do comprador;1000;variation;1;;;182523951651;Cor: Branco
MLB4617078280;90111;;Namoradeira 2 Lugares Base Industrial Dourado Stella Corano;2024-04-19;;active;;Classico;Por conta do comprador;1000;variation;1;;;182523951653;Cor: Preto
MLB3057104922;76881;7908670834457;Poltrona Stella Corino Bege Base Industrial Dourada Branco Liso;2022-12-14;;active;;Premium;Frete gratis;1019;item;0;;;;
MLB3655011697;90183;7908748197613;Sofá Namoradeira Industrial Preto Stella Suede Verde Verde Liso;2024-04-12;;active;;Premium;Por conta do comprador;1000;item;0;;;;
MLB1917488783;53792;7908477223812;Armário Aéreo 01 Porta Milão Branco E Preto - D'rossi Preto;2021-06-15;;active;;Premium;Frete gratis;2;item;0;;;;
MLB4609101642;89469;;Poltrona Pé De Ferro Preto Kit 2 Stella Linho;2024-04-16;;active;;Classico;Por conta do comprador;123;variation;1;;;180315137338;Cor: A19 Bege
MLB4609101642;89469;;Poltrona Pé De Ferro Preto Kit 2 Stella Linho;2024-04-16;;active;;Classico;Por conta do comprador;133;variation;1;;;180315137340;Cor: A05 Cinza
MLB4609101642;89469;;Poltrona Pé De Ferro Preto Kit 2 Stella Linho;2024-04-16;;active;;Classico;Por conta do comprador;123;variation;1;;;180315137342;Cor: A26 Grafite
MLB4609101642;89469;;Poltrona Pé De Ferro Preto Kit 2 Stella Linho;2024-04-16;;active;;Classico;Por conta do comprador;133;variation;1;;;180315137344;Cor: A79 Preto
MLB4609046652;89375;7908748194629;Poltrona Pé De Ferro Preto Kit 2 Stella Suede Preto Preto Liso;2024-04-16;;active;;Classico;Por conta do comprador;133;item;0;;;;
MLB3662408941;76802;7908670834143;Poltrona Sala Decorativa Stella Kit 02 Suede Verde Base Metálica Industrial Dourado Liso;2024-04-18;;active;;Premium;Por conta do comprador;500;item;0;;;;
MLB3659902521;89861;7908847608249;Poltrona Pé De Ferro Dourado P/ Sala Stella Corino Bege Bege Liso;2024-04-16;;active;;Classico;Por conta do comprador;272;item;0;;;;
MLB4613179880;90567;7908847638697;Sofá 2 Lugares Living 135cm Pé Palito Maraú Veludo Vermelho Vermelho Liso;2024-04-18;;active;;Premium;Por conta do comprador;1000;item;0;;;;
MLB3659884381;90405;7908847600595;Poltrona Sala De Estar Decorativa Laguna Veludo Verde Verde Liso;2024-04-16;;active;;Premium;Por conta do comprador;1000;item;0;;;;
MLB4609060564;89503;7908748195299;Poltrona Pé De Ferro Preto Para Sala Stella Veludo Cinza Cinza Liso;2024-04-16;;active;;Classico;Por conta do comprador;267;item;0;;;;
MLB3653864353;90247;7908748198542;Namoradeira E 2 Poltronas Industrial Preto Stella Lin Cinza Branco Liso;2024-04-11;;active;;Premium;Por conta do comprador;499;item;0;;;;
MLB4592566974;90145;7908748197095;Namoradeira E 2 Poltronas Industrial Dou. Stella Bouclê Off Branco Liso;2024-04-10;;active;;Premium;Por conta do comprador;498;item;0;;;;
MLB4580575868;89987;;Namoradeira E Poltrona Base Industrial Dourado Stella Suede;2024-04-04;;active;;Premium;Por conta do comprador;999;variation;1;;;180238329882;Cor: Bege
MLB4580575868;89987;;Namoradeira E Poltrona Base Industrial Dourado Stella Suede;2024-04-04;;active;;Premium;Por conta do comprador;1001;variation;1;;;180238329880;Cor: Azul-marinho
MLB4580575868;89987;;Namoradeira E Poltrona Base Industrial Dourado Stella Suede;2024-04-04;;active;;Premium;Por conta do comprador;998;variation;1;;;180238329884;Cor: Cinza
MLB4580575868;89987;;Namoradeira E Poltrona Base Industrial Dourado Stella Suede;2024-04-04;;active;;Premium;Por conta do comprador;1000;variation;1;;;180238329886;Cor: Grafite
MLB4580575868;89987;;Namoradeira E Poltrona Base Industrial Dourado Stella Suede;2024-04-04;;active;;Premium;Por conta do comprador;1000;variation;1;;;180238329888;Cor: Marrom
MLB4580575868;89987;;Namoradeira E Poltrona Base Industrial Dourado Stella Suede;2024-04-04;;active;;Premium;Por conta do comprador;998;variation;1;;;180238329890;Cor: Marrom rato
MLB4580575868;89987;;Namoradeira E Poltrona Base Industrial Dourado Stella Suede;2024-04-04;;active;;Premium;Por conta do comprador;1000;variation;1;;;180238329892;Cor: Preto
MLB4580575868;89987;;Namoradeira E Poltrona Base Industrial Dourado Stella Suede;2024-04-04;;active;;Premium;Por conta do comprador;1000;variation;1;;;180238329894;Cor: Rosa bebê
MLB4580575868;89987;;Namoradeira E Poltrona Base Industrial Dourado Stella Suede;2024-04-04;;active;;Premium;Por conta do comprador;1000;variation;1;;;180238329896;Cor: Rose
MLB4580575868;89987;;Namoradeira E Poltrona Base Industrial Dourado Stella Suede;2024-04-04;;active;;Premium;Por conta do comprador;1000;variation;1;;;180238329898;Cor: Verde
MLB4592595578;90103;;Sofá 2 Lugares C/ Poltrona Kit 2 Industrial Stella Corino;2024-04-10;;active;;Premium;Por conta do comprador;509;variation;1;;;182422322183;Cor: Bege
MLB4592595578;90103;;Sofá 2 Lugares C/ Poltrona Kit 2 Industrial Stella Corino;2024-04-10;;active;;Premium;Por conta do comprador;500;variation;1;;;182422322185;Cor: Branco
MLB4592595578;90103;;Sofá 2 Lugares C/ Poltrona Kit 2 Industrial Stella Corino;2024-04-10;;active;;Premium;Por conta do comprador;500;variation;1;;;182422322187;Cor: Preto
MLB4592567040;90151;;Namoradeira E 2 Poltronas  Industrial Dourado Stella Bouclê;2024-04-10;;active;;Premium;Por conta do comprador;500;variation;1;;;183972713853;Cor: Azul
MLB4592567040;90151;;Namoradeira E 2 Poltronas  Industrial Dourado Stella Bouclê;2024-04-10;;active;;Premium;Por conta do comprador;500;variation;1;;;183972713855;Cor: Cinza
MLB4592567040;90151;;Namoradeira E 2 Poltronas  Industrial Dourado Stella Bouclê;2024-04-10;;active;;Premium;Por conta do comprador;499;variation;1;;;185243475369;Cor: Verde Pistache
MLB4592567040;90151;;Namoradeira E 2 Poltronas  Industrial Dourado Stella Bouclê;2024-04-10;;active;;Premium;Por conta do comprador;499;variation;1;;;183972713859;Cor: Mostarda
MLB4592567040;90151;;Namoradeira E 2 Poltronas  Industrial Dourado Stella Bouclê;2024-04-10;;active;;Premium;Por conta do comprador;500;variation;1;;;183972713861;Cor: Rose
MLB4592567040;90151;;Namoradeira E 2 Poltronas  Industrial Dourado Stella Bouclê;2024-04-10;;active;;Premium;Por conta do comprador;500;variation;1;;;183972713863;Cor: Verde
MLB4592567040;90151;;Namoradeira E 2 Poltronas  Industrial Dourado Stella Bouclê;2024-04-10;;active;;Premium;Por conta do comprador;502;variation;1;;;182422193623;Cor: Bege
MLB4592567040;90151;;Namoradeira E 2 Poltronas  Industrial Dourado Stella Bouclê;2024-04-10;;active;;Premium;Por conta do comprador;0;variation;1;;;182422193625;Cor: Verde menta
MLB4592567040;90151;;Namoradeira E 2 Poltronas  Industrial Dourado Stella Bouclê;2024-04-10;;active;;Premium;Por conta do comprador;500;variation;1;;;182422193627;Cor: Grafite
MLB4592567040;90151;;Namoradeira E 2 Poltronas  Industrial Dourado Stella Bouclê;2024-04-10;;active;;Premium;Por conta do comprador;498;variation;1;;;182422193629;Cor: Off white
MLB4592567040;90151;;Namoradeira E 2 Poltronas  Industrial Dourado Stella Bouclê;2024-04-10;;active;;Premium;Por conta do comprador;500;variation;1;;;182422193631;Cor: Terra
MLB3640516615;89587;7908748195985;Namoradeira E Poltrona Pé Ferro Preto Stella Corino Branco Branco Liso;2024-03-28;;active;;Premium;Por conta do comprador;123;item;0;;;;
MLB3648344919;90029;;Sofá Namoradeira E Poltrona Base Industrial Dourado Stella;2024-04-05;;active;;Premium;Por conta do comprador;998;variation;1;;;180242151400;Cor: A19 Bege
MLB3648344919;90029;;Sofá Namoradeira E Poltrona Base Industrial Dourado Stella;2024-04-05;;active;;Premium;Por conta do comprador;999;variation;1;;;180242151402;Cor: A05 Cinza
MLB3648344919;90029;;Sofá Namoradeira E Poltrona Base Industrial Dourado Stella;2024-04-05;;active;;Premium;Por conta do comprador;1001;variation;1;;;180242151404;Cor: A26 Grafite
MLB3648344919;90029;;Sofá Namoradeira E Poltrona Base Industrial Dourado Stella;2024-04-05;;active;;Premium;Por conta do comprador;998;variation;1;;;180242151406;Cor: A79 Preto
MLB3655037425;90207;;Namoradeira E Poltrona Base Industrial Preto Stella Suede;2024-04-12;;active;;Premium;Por conta do comprador;999;variation;1;;;180289726550;Cor: Bege
MLB3655037425;90207;;Namoradeira E Poltrona Base Industrial Preto Stella Suede;2024-04-12;;active;;Premium;Por conta do comprador;1001;variation;1;;;180289726552;Cor: Azul-marinho
MLB3655037425;90207;;Namoradeira E Poltrona Base Industrial Preto Stella Suede;2024-04-12;;active;;Premium;Por conta do comprador;998;variation;1;;;180289726554;Cor: Cinza
MLB3655037425;90207;;Namoradeira E Poltrona Base Industrial Preto Stella Suede;2024-04-12;;active;;Premium;Por conta do comprador;1000;variation;1;;;180289726556;Cor: Grafite
MLB3655037425;90207;;Namoradeira E Poltrona Base Industrial Preto Stella Suede;2024-04-12;;active;;Premium;Por conta do comprador;1000;variation;1;;;180289726558;Cor: Marrom
MLB3655037425;90207;;Namoradeira E Poltrona Base Industrial Preto Stella Suede;2024-04-12;;active;;Premium;Por conta do comprador;998;variation;1;;;180289726560;Cor: Marrom rato
MLB3655037425;90207;;Namoradeira E Poltrona Base Industrial Preto Stella Suede;2024-04-12;;active;;Premium;Por conta do comprador;1000;variation;1;;;180289726562;Cor: Preto
MLB3655037425;90207;;Namoradeira E Poltrona Base Industrial Preto Stella Suede;2024-04-12;;active;;Premium;Por conta do comprador;1000;variation;1;;;180289726564;Cor: Rosa bebê
MLB3655037425;90207;;Namoradeira E Poltrona Base Industrial Preto Stella Suede;2024-04-12;;active;;Premium;Por conta do comprador;1000;variation;1;;;180289726566;Cor: Rose
MLB3655037425;90207;;Namoradeira E Poltrona Base Industrial Preto Stella Suede;2024-04-12;;active;;Premium;Por conta do comprador;1000;variation;1;;;180289726568;Cor: Verde
MLB3647477527;89947;7908748196272;Sofá Namoradeira Industrial Dourado Stella Suede Bege Bege Liso;2024-04-04;;active;;Premium;Por conta do comprador;1004;item;0;;;;
MLB3655076407;90221;7908748197828;Namoradeira E 2 Poltronas Industrial Pto Stella Suede Preto Cinza Liso;2024-04-12;;active;;Premium;Por conta do comprador;500;item;0;;;;
MLB3640503877;89575;;Poltrona Pé De Ferro Preto Kit 2 Stella Corino D03;2024-03-28;;active;;Premium;Por conta do comprador;123;variation;1;;;182282165931;Cor: Bege
MLB3640503877;89575;;Poltrona Pé De Ferro Preto Kit 2 Stella Corino D03;2024-03-28;;active;;Premium;Por conta do comprador;123;variation;1;;;182282165933;Cor: Branco
MLB3640503877;89575;;Poltrona Pé De Ferro Preto Kit 2 Stella Corino D03;2024-03-28;;active;;Premium;Por conta do comprador;123;variation;1;;;182282165935;Cor: Preto
MLB4592553700;90153;7908748196951;Sofá Namoradeira Industrial Dourado Stella Bouclê Bege Branco Liso;2024-04-10;;active;;Premium;Por conta do comprador;1005;item;0;;;;
MLB4592596354;90095;;Sofá 2 Lugares C/ Poltrona Industrial Dourado Stella Corino;2024-04-10;;active;;Premium;Por conta do comprador;1004;variation;1;;;182422325235;Cor: Bege
MLB4592596354;90095;;Sofá 2 Lugares C/ Poltrona Industrial Dourado Stella Corino;2024-04-10;;active;;Premium;Por conta do comprador;1000;variation;1;;;182422325237;Cor: Branco
MLB4592596354;90095;;Sofá 2 Lugares C/ Poltrona Industrial Dourado Stella Corino;2024-04-10;;active;;Premium;Por conta do comprador;1000;variation;1;;;182422325239;Cor: Preto
MLB4590572700;87895;7908748180332;Sofá Namoradeira Base De Madeira Preto Elisa Linho Preto Preto Liso;2024-04-09;;active;;Classico;Por conta do comprador;1000;item;0;;;;
MLB4580593926;89959;7908748196333;Sofá Namoradeira Industrial Dourado Stella Suede Rosa Bebê Rosa Liso;2024-04-04;;active;;Premium;Por conta do comprador;1000;item;0;;;;
MLB3653838323;90249;7908748198559;Namoradeira E 2 Poltronas Industrial Preto Stella Lin Grafit Cinza Liso;2024-04-11;;active;;Premium;Por conta do comprador;508;item;0;;;;
MLB4580644478;89945;7908847608942;Sofá Namoradeira Industrial Dourado Stella Suede Azul Cinza Liso;2024-04-04;;active;;Premium;Por conta do comprador;1001;item;0;;;;
MLB4580607094;89949;7908748196289;Sofá Namoradeira Industrial Dourado Stella Suede Cinza Cinza Liso;2024-04-04;;active;;Premium;Por conta do comprador;1001;item;0;;;;
MLB4587885664;90051;7908748196647;Sofá Namoradeira Industrial Dourado Stella Veludo Rosê Rose Liso;2024-04-08;;active;;Premium;Por conta do comprador;1000;item;0;;;;
MLB2638825800;65939;7908575929166;Namoradeira 02 Lugares Marisa Linho Areia A27 Base Dourado Liso;2022-05-11;;active;;Premium;Por conta do comprador;1000;item;0;;;;
MLB3619286547;88755;7908847601813;Poltrona Industrial Bronze Kit 2 Lety Bouclê Bege Bege Liso;2024-03-08;;active;;Premium;Por conta do comprador;500;item;0;;;;
MLB4490166066;88481;7908748149223;Poltrona Pé De Ferro Dourado Kit 2 Elisa Linho Grafite Cinza Liso;2024-03-04;;active;;Premium;Por conta do comprador;137;item;0;;;;
MLB3617717277;67499;7908575935761;Kit 2 Poltrona Decorativa Stella Corano Preto Pé Madeira Preto Liso;2024-03-07;;active;;Premium;Por conta do comprador;159;item;0;;;;
MLB3623304735;;;Poltrona Amamentação Balanço Madeira E Puff Manu Linho;2024-03-13;;active;;Premium;Por conta do comprador;1000;variation;1;;;189359521731;Cor: Cinza
MLB3623304735;;;Poltrona Amamentação Balanço Madeira E Puff Manu Linho;2024-03-13;;active;;Premium;Por conta do comprador;1000;variation;1;;;189359508693;Cor: Bege
MLB3623304735;;;Poltrona Amamentação Balanço Madeira E Puff Manu Linho;2024-03-13;;active;;Premium;Por conta do comprador;0;variation;1;;;189356233207;Cor: Azul
MLB3623304735;;;Poltrona Amamentação Balanço Madeira E Puff Manu Linho;2024-03-13;;active;;Premium;Por conta do comprador;0;variation;1;;;189359053821;Cor: Cinza Grosso
MLB3623304735;;;Poltrona Amamentação Balanço Madeira E Puff Manu Linho;2024-03-13;;active;;Premium;Por conta do comprador;0;variation;1;;;189358208861;Cor: Grafite
MLB3623304735;;;Poltrona Amamentação Balanço Madeira E Puff Manu Linho;2024-03-13;;active;;Premium;Por conta do comprador;0;variation;1;;;189359430727;Cor: Prata
MLB3623304735;;;Poltrona Amamentação Balanço Madeira E Puff Manu Linho;2024-03-13;;active;;Premium;Por conta do comprador;0;variation;1;;;189359469739;Cor: Verde Militar
MLB4509980472;66077;7908575929869;Cabeceira Painel Clean P/ Cama Box Queen 160 Cm Linho Cinza Cinza;2024-03-11;;active;;Premium;Frete gratis;1000;item;0;;;;
MLB3613872613;88643;7908748198900;Namoradeira E Poltrona Pé De Ferro Dou. Elisa Corano Nozes Marrom Liso;2024-03-04;;active;;Premium;Por conta do comprador;136;item;0;;;;
MLB4490252540;88377;;Poltrona Pé De Ferro Dourado Para Sala Elisa Suede;2024-03-04;;active;;Premium;Por conta do comprador;274;variation;1;;;179971816706;Cor: Bege
MLB4490252540;88377;;Poltrona Pé De Ferro Dourado Para Sala Elisa Suede;2024-03-04;;active;;Premium;Por conta do comprador;274;variation;1;;;179971816704;Cor: Azul-marinho
MLB4490252540;88377;;Poltrona Pé De Ferro Dourado Para Sala Elisa Suede;2024-03-04;;active;;Premium;Por conta do comprador;274;variation;1;;;179971816708;Cor: Cinza
MLB4490252540;88377;;Poltrona Pé De Ferro Dourado Para Sala Elisa Suede;2024-03-04;;active;;Premium;Por conta do comprador;274;variation;1;;;179971816710;Cor: Grafite
MLB4490252540;88377;;Poltrona Pé De Ferro Dourado Para Sala Elisa Suede;2024-03-04;;active;;Premium;Por conta do comprador;274;variation;1;;;179971816712;Cor: Marrom
MLB4490252540;88377;;Poltrona Pé De Ferro Dourado Para Sala Elisa Suede;2024-03-04;;active;;Premium;Por conta do comprador;274;variation;1;;;179971816714;Cor: Marrom rato
MLB4490252540;88377;;Poltrona Pé De Ferro Dourado Para Sala Elisa Suede;2024-03-04;;active;;Premium;Por conta do comprador;274;variation;1;;;179971816716;Cor: Preto
MLB4490252540;88377;;Poltrona Pé De Ferro Dourado Para Sala Elisa Suede;2024-03-04;;active;;Premium;Por conta do comprador;274;variation;1;;;179971816718;Cor: Rosa bebê
MLB4490252540;88377;;Poltrona Pé De Ferro Dourado Para Sala Elisa Suede;2024-03-04;;active;;Premium;Por conta do comprador;274;variation;1;;;179971816720;Cor: Rose
MLB4490252540;88377;;Poltrona Pé De Ferro Dourado Para Sala Elisa Suede;2024-03-04;;active;;Premium;Por conta do comprador;274;variation;1;;;179971816722;Cor: Verde
MLB4490213542;88383;7908670882298;Poltrona Pé De Ferro Dourado Kit 2 Elisa Suede Cinza Cinza Liso;2024-03-04;;active;;Premium;Por conta do comprador;137;item;0;;;;
MLB4490166094;88507;7908748165148;Namoradeira E 2 Poltronas Pé Ferro Dourado Elisa Linho Bege Bege Liso;2024-03-04;;active;;Premium;Por conta do comprador;91;item;0;;;;
MLB3613851167;88593;7908748152735;Sofá Namoradeira Pé De Ferro Dourado Elisa Corino Bege Bege Liso;2024-03-04;;active;;Premium;Por conta do comprador;272;item;0;;;;
MLB3617768177;76118-66256;7908670829811;Cabeceira California Para Cama Box Queen 160 Cm Suede Cor Preto;2024-03-07;;active;;Premium;Por conta do comprador;1000;item;0;;;;
MLB3617742727;48538;7908439259675;Poltrona Sala Decorativa Stella Linho Bege A19 Pés Palito Castanho;2024-03-07;;active;;Premium;Por conta do comprador;296;item;0;;;;
MLB4497785454;88589;7908748171705;Poltrona Pé De Ferro Dourado Kit 2 Elisa Corino Preto Preto Liso;2024-03-06;;active;;Classico;Por conta do comprador;137;item;0;;;;
MLB3622771663;88843;7908748157365;Namoradeira E 2 Poltronas Pé Palito Nat Elisa Noz/lin Preto Cinza Liso;2024-03-12;;active;;Premium;Por conta do comprador;109;item;0;;;;
MLB4513048178;89107;7908748153541;Sofá Namoradeira Base Industrial Dou. Elisa Preto/linho Pto Preto Liso;2024-03-12;;active;;Premium;Por conta do comprador;1000;item;0;;;;
MLB4513150620;89043;7908748149216;Namoradeira E 2 Poltronas Pé Palito Cast Elisa Preto/lin Pto Preto Liso;2024-03-12;;active;;Premium;Por conta do comprador;106;item;0;;;;
MLB3613872557;88649;7908748199235;Namoradeira E 2 Poltronas Pé De Ferro Dou. Elisa Cora Branco Branco Liso;2024-03-04;;active;;Premium;Por conta do comprador;91;item;0;;;;
MLB4504201804;88701;7908847601257;Poltrona Industrial Dourado Kit 2 Lety Linho Graf Cinza Liso;2024-03-08;;active;;Premium;Por conta do comprador;500;item;0;;;;
MLB3613791923;88567;7908748173143;Namoradeira E 2 Poltronas Pé De Ferro Dou. Elisa Vel Cinza Cinza Liso;2024-03-04;;active;;Premium;Por conta do comprador;91;item;0;;;;
MLB4513118048;88867;7908748164325;Sofá Namoradeira Pé Palito Castanho Elisa Nozes/lin Preto Preto Liso;2024-03-12;;active;;Premium;Por conta do comprador;318;item;0;;;;
MLB4644882400;91071;7908847604197;Namoradeira E Poltrona Pé Ferro Preto Marisa Suede Marrom Marrom Liso;2024-04-30;;active;;Premium;Por conta do comprador;133;item;0;;;;
MLB4631078826;28465;7908274451289;Poltrona Giratória Gran Opala Base Madeira Suede Grafite Liso;2024-04-25;;active;;Premium;Por conta do comprador;1000;item;0;;;;
MLB4648798410;91111;7908847606146;Poltrona Pé De Ferro Preto Para Sala Marisa Linho Grafite Cinza Liso;2024-05-02;;active;;Classico;Por conta do comprador;267;item;0;;;;
MLB4644844328;91067;7908847604159;Namoradeira E Poltrona Pé Ferro Preto Marisa Suede Cinza Cinza Liso;2024-04-30;;active;;Premium;Por conta do comprador;133;item;0;;;;
MLB4644895652;91103;7908847604500;Namoradeira E 2 Poltronas Pé Ferro Preto Marisa Suede Verde Verde Liso;2024-04-30;;active;;Premium;Por conta do comprador;89;item;0;;;;
MLB4631198182;90681;7908847600014;Poltrona Pé De Ferro Dourado Decorativa Marisa Suede Azul Azul Liso;2024-04-25;;active;;Premium;Por conta do comprador;274;item;0;;;;
MLB3675943463;91111;7908847606146;Poltrona Pé De Ferro Preto Para Sala Marisa Linho Grafite Cinza Liso;2024-04-30;;active;;Premium;Por conta do comprador;267;item;0;;;;
MLB3675969117;91135;;Sofá Namoradeira 2 Lugares Pé De Ferro Preto Marisa Linho;2024-04-30;;active;;Premium;Por conta do comprador;267;variation;1;;;180398313796;Cor: Bege
MLB3675969117;91135;;Sofá Namoradeira 2 Lugares Pé De Ferro Preto Marisa Linho;2024-04-30;;active;;Premium;Por conta do comprador;267;variation;1;;;180398313798;Cor: Preto
MLB3675969117;91135;;Sofá Namoradeira 2 Lugares Pé De Ferro Preto Marisa Linho;2024-04-30;;active;;Premium;Por conta do comprador;267;variation;1;;;180398313800;Cor: Cinza
MLB3675969117;91135;;Sofá Namoradeira 2 Lugares Pé De Ferro Preto Marisa Linho;2024-04-30;;active;;Premium;Por conta do comprador;267;variation;1;;;180398313802;Cor: Grafite
MLB3675937895;91011;7908847603619;Poltrona Pé De Ferro Preto P/ Sala Marisa Suede Rosa Bebê Rosa Liso;2024-04-30;;active;;Premium;Por conta do comprador;267;item;0;;;;
MLB4631076346;69609;7908575952997;Poltrona Giratória Costela Veludo Verde Base Madeira Liso;2024-04-25;;active;;Classico;Por conta do comprador;28;item;0;;;;
MLB3676552191;58145;7908477248884;Vaso Decorativo Em Cerâmica Preto 33x16 - D'rossi Liso;2024-05-01;;active;;Premium;Frete gratis;6;item;0;;;;
MLB3670319643;90971;;Sofá Namoradeira E Poltrona Pé  Ferro Dourado Marisa Corano;2024-04-25;;active;;Premium;Por conta do comprador;137;variation;1;;;182582054947;Cor: Nozes
MLB3670319643;90971;;Sofá Namoradeira E Poltrona Pé  Ferro Dourado Marisa Corano;2024-04-25;;active;;Premium;Por conta do comprador;137;variation;1;;;182582054949;Cor: Branco
MLB3670319643;90971;;Sofá Namoradeira E Poltrona Pé  Ferro Dourado Marisa Corano;2024-04-25;;active;;Premium;Por conta do comprador;137;variation;1;;;182582054951;Cor: Preto
MLB3670061179;90691;7908847600113;Poltrona Pé De Ferro Dourado Decorativa Marisa Suede Marrom Bege Liso;2024-04-25;;active;;Premium;Por conta do comprador;274;item;0;;;;
MLB4648810136;91055;7908847604043;Sofá Namoradeira Pé Ferro Preto P/ Sala Marisa Suede Rosa Rosa Liso;2024-05-02;;active;;Classico;Por conta do comprador;267;item;0;;;;
MLB3670298255;90945;7908847607297;Poltrona Pé De Ferro Dourado Para Sala Marisa Corano Preto Preto Liso;2024-04-25;;active;;Premium;Por conta do comprador;274;item;0;;;;
MLB3669989105;90685;7908847600052;Poltrona Pé De Ferro Dourado Decorativa Marisa Suede Cinza Cinza Liso;2024-04-25;;active;;Premium;Por conta do comprador;274;item;0;;;;
MLB4648806262;91279;;Namoradeira 2 Lugares Pé Ferro Preto Sala Marisa Sint Pu;2024-05-02;;active;;Premium;Por conta do comprador;267;variation;1;;;180402377968;Cor: Nozes
MLB4648806262;91279;;Namoradeira 2 Lugares Pé Ferro Preto Sala Marisa Sint Pu;2024-05-02;;active;;Premium;Por conta do comprador;267;variation;1;;;180402377970;Cor: Branco
MLB4648806262;91279;;Namoradeira 2 Lugares Pé Ferro Preto Sala Marisa Sint Pu;2024-05-02;;active;;Premium;Por conta do comprador;267;variation;1;;;180402377972;Cor: Preto
MLB3675917617;91143;7908847606351;Namoradeira E Poltrona Pé Ferro Preto Marisa Linho Preto Preto Liso;2024-04-30;;active;;Premium;Por conta do comprador;133;item;0;;;;
MLB3670298279;90973;7908847607532;Namoradeira E 2 Poltronas Pé De Ferro Dou Marisa Cora Branco Branco Liso;2024-04-25;;active;;Premium;Por conta do comprador;91;item;0;;;;
MLB4648812050;91169;7908847605217;Poltrona Pé De Ferro Preto P/ Sala Kit 2 Marisa Veludo Bege Branco Liso;2024-05-02;;active;;Classico;Por conta do comprador;133;item;0;;;;
MLB3669142629;90729;7908847602896;Sofá Namoradeira Pé Ferro Dourado Marisa Suede Cinza Cinza Liso;2024-04-24;;active;;Classico;Por conta do comprador;274;item;0;;;;
MLB4629523300;90915;;Poltrona Pé De Ferro Dourado Kit 2 Para Sala Marisa Corino;2024-04-24;;active;;Classico;Por conta do comprador;137;variation;1;;;182573367635;Cor: Bege
MLB4629523300;90915;;Poltrona Pé De Ferro Dourado Kit 2 Para Sala Marisa Corino;2024-04-24;;active;;Classico;Por conta do comprador;137;variation;1;;;182573367637;Cor: Preto
MLB4629523300;90915;;Poltrona Pé De Ferro Dourado Kit 2 Para Sala Marisa Corino;2024-04-24;;active;;Classico;Por conta do comprador;137;variation;1;;;182573367639;Cor: Branco
MLB4631223308;90783;7908847603411;Namoradeira E 2 Poltronas Pé Ferro Dourado Marisa Suede Rosa Rosa Liso;2024-04-25;;active;;Premium;Por conta do comprador;91;item;0;;;;
MLB4631268664;90931;7908847606832;Namoradeira E 2 Poltronas Pé Ferro Dourado Marisa Cori Bege Bege Liso;2024-04-25;;active;;Premium;Por conta do comprador;91;item;0;;;;
MLB4631281610;90901;7908847606559;Poltrona Sala Marisa Em Aço Dourado Sintético Bege D'rossi Bege Liso;2024-04-25;;active;;Premium;Por conta do comprador;274;item;0;;;;
MLB4622689976;90667;7908847637959;Poltrona Sala Industrial Preto Kit 2 Ameli Bouclê Bege Bege Liso;2024-04-22;;active;;Classico;Por conta do comprador;500;item;0;;;;
MLB3665822119;90575;7908847638765;Sofá 2 Lugares Living 135cm Pé Palito Maraú Sintético Pu Pto Cinza Liso;2024-04-22;;active;;Classico;Por conta do comprador;1000;item;0;;;;
MLB3665761861;90413;7908847600762;Poltrona Sala De Estar Decorativa Kit 2 Laguna Veludo Cinza Cinza Liso;2024-04-22;;active;;Classico;Por conta do comprador;500;item;0;;;;
MLB3665761345;90381;7908847600458;Poltrona Sala De Estar Decorativa Laguna Bouclê Terracota Laranja Liso;2024-04-22;;active;;Classico;Por conta do comprador;1000;item;0;;;;
MLB3665699289;77927;7908670857722;Vaso Com Suculenta Folha Média Verde Escuro 10x7 Cm;2024-04-22;;active;;Premium;Por conta do comprador;9;item;0;;;;
MLB4629372170;90735;7908847602957;Sofá Namoradeira Pé Ferro Dourado Marisa Suede Marrom Rato Bege Liso;2024-04-24;;active;;Classico;Por conta do comprador;274;item;0;;;;
MLB3669134405;90769;7908847603275;Namoradeira E 2 Poltronas Pé Ferro Dourado Marisa Suede Azul Azul Liso;2024-04-24;;active;;Classico;Por conta do comprador;91;item;0;;;;
MLB4631294164;90929;7908847606740;Namoradeira E Poltrona Pé Ferro Dourado Marisa Corino Preto Preto Liso;2024-04-25;;active;;Premium;Por conta do comprador;137;item;0;;;;
MLB3669134597;90711;7908847600304;Poltrona Pé De Ferro Dourado Kit 2 Sala Marisa Suede Marrom Marrom Liso;2024-04-24;;active;;Classico;Por conta do comprador;137;item;0;;;;
MLB3669278443;62671;7908477296557;Sousplat Para Prato De Mesa Branco Com Flores Em Rose 33 Cm;2024-04-24;;active;;Premium;Por conta do comprador;12;item;0;;;;
MLB4631616824;90863;;Poltrona Pé De Ferro Dourado Para Salão Kit 2 Marisa Veludo;2024-04-25;;active;;Premium;Por conta do comprador;137;variation;1;;;182581704631;Cor: Bege
MLB4631616824;90863;;Poltrona Pé De Ferro Dourado Para Salão Kit 2 Marisa Veludo;2024-04-25;;active;;Premium;Por conta do comprador;137;variation;1;;;182581704633;Cor: Preto
MLB4631616824;90863;;Poltrona Pé De Ferro Dourado Para Salão Kit 2 Marisa Veludo;2024-04-25;;active;;Premium;Por conta do comprador;137;variation;1;;;182581704635;Cor: Cinza
MLB4631616824;90863;;Poltrona Pé De Ferro Dourado Para Salão Kit 2 Marisa Veludo;2024-04-25;;active;;Premium;Por conta do comprador;137;variation;1;;;182581704637;Cor: Rose
MLB4631616824;90863;;Poltrona Pé De Ferro Dourado Para Salão Kit 2 Marisa Veludo;2024-04-25;;active;;Premium;Por conta do comprador;137;variation;1;;;182581704639;Cor: Verde
MLB4631429752;90797;7908847605637;Poltrona Pé De Ferro Dourado Para Sala Marisa Linho Preto Preto Liso;2024-04-25;;active;;Premium;Por conta do comprador;274;item;0;;;;
MLB4631492570;90893;7908847604975;Namoradeira E 2 Poltronas Pé Ferro Dourado Marisa Vel Preto Preto Liso;2024-04-25;;active;;Premium;Por conta do comprador;91;item;0;;;;
MLB4629435442;90739;7908847602995;Sofá Namoradeira Pé Ferro Dourado Marisa Suede Rosa Bebê Rosa Liso;2024-04-24;;active;;Classico;Por conta do comprador;274;item;0;;;;
MLB4631467264;90851;;Poltrona Pé De Ferro Dourado Para Recepção Marisa Veludo;2024-04-25;;active;;Premium;Por conta do comprador;274;variation;1;;;180371147422;Cor: Bege
MLB4631467264;90851;;Poltrona Pé De Ferro Dourado Para Recepção Marisa Veludo;2024-04-25;;active;;Premium;Por conta do comprador;274;variation;1;;;180371147424;Cor: Preto
MLB4631467264;90851;;Poltrona Pé De Ferro Dourado Para Recepção Marisa Veludo;2024-04-25;;active;;Premium;Por conta do comprador;274;variation;1;;;180371147426;Cor: Cinza
MLB4631467264;90851;;Poltrona Pé De Ferro Dourado Para Recepção Marisa Veludo;2024-04-25;;active;;Premium;Por conta do comprador;274;variation;1;;;180371147428;Cor: Rose
MLB4631467264;90851;;Poltrona Pé De Ferro Dourado Para Recepção Marisa Veludo;2024-04-25;;active;;Premium;Por conta do comprador;274;variation;1;;;180371147430;Cor: Verde
MLB4648666448;91267;7908847607679;Poltrona Pé Ferro Pto Kit 2 P/ Sala Marisa Sint Pu Nozes Marrom Liso;2024-05-02;;active;;Premium;Por conta do comprador;133;item;0;;;;
MLB3677304161;91213;7908847605606;Namoradeira E 2 Poltronas Pé Ferro Preto Marisa Veludo Verde Verde Liso;2024-05-02;;active;;Premium;Por conta do comprador;89;item;0;;;;
MLB4648759454;91131;7908847606320;Sofá Namoradeira Pé De Ferro Preto Marisa Linho Grafite Cinza Liso;2024-05-02;;active;;Classico;Por conta do comprador;267;item;0;;;;
MLB4648733314;91149;7908847606481;Namoradeira E 2 Poltronas Pé Ferro Preto Marisa Linho Cinza Cinza Liso;2024-05-02;;active;;Classico;Por conta do comprador;89;item;0;;;;
MLB4648736154;91285;7908847607853;Namoradeira E Poltrona Pé Ferro Preto Marisa Sint Pu Preto Preto Liso;2024-05-02;;active;;Classico;Por conta do comprador;133;item;0;;;;
MLB3677239223;91167;;Poltrona Pé De Ferro Preto Para Estúdio Marisa Veludo D03;2024-05-02;;active;;Premium;Por conta do comprador;267;variation;1;;;180402223974;Cor: Bege
MLB3677239223;91167;;Poltrona Pé De Ferro Preto Para Estúdio Marisa Veludo D03;2024-05-02;;active;;Premium;Por conta do comprador;267;variation;1;;;180402223976;Cor: Preto
MLB3677239223;91167;;Poltrona Pé De Ferro Preto Para Estúdio Marisa Veludo D03;2024-05-02;;active;;Premium;Por conta do comprador;267;variation;1;;;180402223978;Cor: Cinza
MLB3677239223;91167;;Poltrona Pé De Ferro Preto Para Estúdio Marisa Veludo D03;2024-05-02;;active;;Premium;Por conta do comprador;267;variation;1;;;180402223980;Cor: Rose
MLB3677239223;91167;;Poltrona Pé De Ferro Preto Para Estúdio Marisa Veludo D03;2024-05-02;;active;;Premium;Por conta do comprador;267;variation;1;;;180402223982;Cor: Verde
MLB4648671762;91107;7908847606108;Poltrona Pé De Ferro Preto Para Sala Marisa Linho Bege Bege Liso;2024-05-02;;active;;Classico;Por conta do comprador;267;item;0;;;;
MLB4648797368;91099;7908847604463;Namoradeira E 2 Poltronas Pé Ferro Preto Marisa Suede Rosa Rosa Liso;2024-05-02;;active;;Classico;Por conta do comprador;89;item;0;;;;
MLB4648758548;90999;7908847603503;Poltrona Pé De Ferro Preto P/ Sala Marisa Suede Bege Bege Liso;2024-05-02;;active;;Classico;Por conta do comprador;267;item;0;;;;
MLB3677278025;91203;;Sofá Namoradeira E Poltrona Pé De Ferro Preto Marisa Veludo;2024-05-02;;active;;Premium;Por conta do comprador;133;variation;1;;;180402198260;Cor: Bege
MLB3677278025;91203;;Sofá Namoradeira E Poltrona Pé De Ferro Preto Marisa Veludo;2024-05-02;;active;;Premium;Por conta do comprador;133;variation;1;;;180402198262;Cor: Preto
MLB3677278025;91203;;Sofá Namoradeira E Poltrona Pé De Ferro Preto Marisa Veludo;2024-05-02;;active;;Premium;Por conta do comprador;133;variation;1;;;180402198264;Cor: Cinza
MLB3677278025;91203;;Sofá Namoradeira E Poltrona Pé De Ferro Preto Marisa Veludo;2024-05-02;;active;;Premium;Por conta do comprador;133;variation;1;;;180402198266;Cor: Rose
MLB3677278025;91203;;Sofá Namoradeira E Poltrona Pé De Ferro Preto Marisa Veludo;2024-05-02;;active;;Premium;Por conta do comprador;133;variation;1;;;180402198268;Cor: Verde
MLB4648741746;91261;7908847607648;Poltrona Pé De Ferro Pto Para Sala Marisa Sintético Pu Preto Preto Liso;2024-05-02;;active;;Premium;Por conta do comprador;267;item;0;;;;
MLB4648786380;91183;7908847605347;Sofá Namoradeira Pé Ferro Preto Para Sala Marisa Veludo Cinz Cinza Liso;2024-05-02;;active;;Classico;Por conta do comprador;267;item;0;;;;
MLB3677226253;91183;7908847605347;Sofá Namoradeira Pé Ferro Preto Para Sala Marisa Veludo Cinz Cinza Liso;2024-05-02;;active;;Premium;Por conta do comprador;267;item;0;;;;
MLB3677213449;91201;7908847605491;Namoradeira E Poltrona Pé Ferro Preto Marisa Veludo Verde Verde Liso;2024-05-02;;active;;Premium;Por conta do comprador;133;item;0;;;;
MLB4152552086;83801;7908748140275;Cadeira De Jantar Bahia Suede Cinza Pés Chanfrado Tabaco Liso Cinza;2023-10-25;;active;;Premium;Frete gratis;1000;item;0;;;;
MLB4660320344;91383;7908847612314;Cabeceira Cama Box Queen 160 Cm Dubai Linho Areia Areia;2024-05-07;;active;;Premium;Frete gratis;1000;item;0;;;;
MLB4648723454;91289;7908847607907;Namoradeira E 2 Poltronas Pé Ferro Preto Marisa Sint Pu Bco Branco Liso;2024-05-02;;active;;Classico;Por conta do comprador;89;item;0;;;;
MLB3677303015;44576;7908103721705;Cachepot Raposa Rosê Em Cerâmica 12 X 16cm D'rossi Rosa Abstrato;2024-05-02;;active;;Premium;Frete gratis;2;item;0;;;;
MLB4659517948;78099;7908670827862;Kit 1 Namoradeira E 1 Poltrona Mari Linho Grafite Pés Palito Liso;2024-05-07;;active;;Premium;Por conta do comprador;159;item;0;;;;
MLB3677213407;91175;7908847605255;Poltrona Pé De Ferro Preto P/ Sala Kit 2 Marisa Veludo Verde Verde Liso;2024-05-02;;active;;Premium;Por conta do comprador;133;item;0;;;;
MLB2080322909;58581;7908670802517;Poltrona Giovana Corano Nozes Pés Palito Castanho - D'rossi Marrom Liso;2021-11-09;;active;;Premium;Por conta do comprador;318;item;0;;;;
MLB3025918455;76656;7908670831470;Puff Stella Corano Nozes Base Madeira Castanho - D'rossi Marrom;2022-12-06;;active;;Premium;Frete gratis;1004;item;0;;;;
MLB4697329504;38221;;Cadeiras De Jantar Liz Linho Pés Palito Castanho Kit 2;2024-05-19;;active;;Premium;Frete gratis;170;variation;1;;;182831620267;Cor: Areia A27 | Cor do assento: Bege | Desenho do tecido: Liso
MLB4697329504;38221;;Cadeiras De Jantar Liz Linho Pés Palito Castanho Kit 2;2024-05-19;;active;;Premium;Frete gratis;8;variation;1;;;182831620261;Cor: Grafite A26 | Cor do assento: Grafite | Desenho do tecido: Liso
MLB4697329504;38221;;Cadeiras De Jantar Liz Linho Pés Palito Castanho Kit 2;2024-05-19;;active;;Premium;Frete gratis;153;variation;1;;;187305098251;Cor: Cinza | Cor do assento: Cinza | Desenho do tecido: Liso
MLB4697329504;38221;;Cadeiras De Jantar Liz Linho Pés Palito Castanho Kit 2;2024-05-19;;active;;Premium;Frete gratis;153;variation;1;;;182831620281;Cor: Preto A79 | Cor do assento: Preto | Desenho do tecido: Liso
MLB3695030669;92031;7908847628292;Sofá 2 Lugares Base Madeira Clarissa 160cm Lin Rústic Grigio Multicolorido Liso;2024-05-17;;active;;Premium;Por conta do comprador;1000;item;0;;;;
MLB3532715761;83041;7908748135974;Poltrona Stella Bouclê Off White Base Madeira Castanho Branco Liso;2023-12-05;;active;;Premium;Por conta do comprador;995;item;0;;;;
MLB4169383438;82989;7908748135578;Poltrona Sala De Estar Decorativa Base Industrial Dourado Stella Bouclê Bege D'rossi Liso;2023-10-31;;active;;Premium;Por conta do comprador;1004;item;0;;;;
MLB4243547510;83017;7908748135738;Poltrona Bouclê Off White Base Metálica Industrial Preto Branco Liso;2023-11-28;;active;;Premium;Por conta do comprador;996;item;0;;;;
MLB3695112575;92117;7908847629091;Poltrona Sala De Estar Pé Ferro Preto Rafaela Linho Rús Nat Bege Liso;2024-05-17;;active;;Premium;Por conta do comprador;1000;item;0;;;;
MLB3695103345;92009;;Sofá 3 Lugares Base De Madeira Grace 230cm Linho S04 D'rossi;2024-05-17;;active;;Classico;Por conta do comprador;1000;variation;1;;;182813287561;Cor: Areia
MLB3695103345;92009;;Sofá 3 Lugares Base De Madeira Grace 230cm Linho S04 D'rossi;2024-05-17;;active;;Classico;Por conta do comprador;1000;variation;1;;;182813287563;Cor: Grigio
MLB3695103345;92009;;Sofá 3 Lugares Base De Madeira Grace 230cm Linho S04 D'rossi;2024-05-17;;active;;Classico;Por conta do comprador;1000;variation;1;;;182813287565;Cor: Natural
MLB3695103345;92009;;Sofá 3 Lugares Base De Madeira Grace 230cm Linho S04 D'rossi;2024-05-17;;active;;Classico;Por conta do comprador;1000;variation;1;;;182813287567;Cor: Cinza
MLB3695103345;92009;;Sofá 3 Lugares Base De Madeira Grace 230cm Linho S04 D'rossi;2024-05-17;;active;;Classico;Por conta do comprador;1000;variation;1;;;182813287569;Cor: Dourado
MLB3695103345;92009;;Sofá 3 Lugares Base De Madeira Grace 230cm Linho S04 D'rossi;2024-05-17;;active;;Classico;Por conta do comprador;1000;variation;1;;;182813287571;Cor: Pérola
MLB3025869858;76632;7908670831197;Puff Stella Corino Branco Base Madeira Castanho - D'rossi Branco;2022-12-06;;active;;Premium;Frete gratis;273;item;0;;;;
MLB3831213942;54450;7908477228596;Poltrona Sala Decorativa Marisa Aço Industrial X Dourado Suede Verde - D'rossi Liso;2023-07-25;;active;;Premium;Por conta do comprador;1000;item;0;;;;
MLB3583726195;82903-70475;7908748134861;Poltrona Decorativa Giratória Ma30 Stella Bouclê Bege D'rossi Liso;2024-01-30;;active;;Premium;Por conta do comprador;997;item;0;;;;
MLB3829636666;42321;7908575998902;Poltrona Sala De Estar Giovana Suede Bege Pés Palito Castanho D'rossi Liso;2023-07-24;;active;;Premium;Por conta do comprador;318;item;0;;;;
MLB3695101481;92187;7908847629749;Poltrona Sala De Estar Base Madeira Mariana Linho Rústic Nat Bege Liso;2024-05-17;;active;;Classico;Por conta do comprador;1000;item;0;;;;
MLB3695017993;92023;;Poltrona Sala De Estar Base De Madeira Clarissa Linho S04;2024-05-17;;active;;Premium;Por conta do comprador;1000;variation;1;;;180510965384;Cor: Areia
MLB3695017993;92023;;Poltrona Sala De Estar Base De Madeira Clarissa Linho S04;2024-05-17;;active;;Premium;Por conta do comprador;1000;variation;1;;;180510965386;Cor: Grigio
MLB3695017993;92023;;Poltrona Sala De Estar Base De Madeira Clarissa Linho S04;2024-05-17;;active;;Premium;Por conta do comprador;1000;variation;1;;;180510965388;Cor: Natural
MLB3695017993;92023;;Poltrona Sala De Estar Base De Madeira Clarissa Linho S04;2024-05-17;;active;;Premium;Por conta do comprador;1000;variation;1;;;180510965390;Cor: Cinza
MLB3695017993;92023;;Poltrona Sala De Estar Base De Madeira Clarissa Linho S04;2024-05-17;;active;;Premium;Por conta do comprador;1000;variation;1;;;180510965392;Cor: Dourado
MLB3695017993;92023;;Poltrona Sala De Estar Base De Madeira Clarissa Linho S04;2024-05-17;;active;;Premium;Por conta do comprador;1000;variation;1;;;180510965394;Cor: Pérola
MLB3459488145;83083;;Kit 1 Poltrona E 1 Puff Stella Bouclê Base Madeira Castanho;2023-09-27;;active;;Premium;Por conta do comprador;273;variation;1;;;183973362705;Cor: Verde
MLB3459488145;83083;;Kit 1 Poltrona E 1 Puff Stella Bouclê Base Madeira Castanho;2023-09-27;;active;;Premium;Por conta do comprador;273;variation;1;;;183973362707;Cor: Rose
MLB3459488145;83083;;Kit 1 Poltrona E 1 Puff Stella Bouclê Base Madeira Castanho;2023-09-27;;active;;Premium;Por conta do comprador;273;variation;1;;;183973362709;Cor: Mostarda
MLB3459488145;83083;;Kit 1 Poltrona E 1 Puff Stella Bouclê Base Madeira Castanho;2023-09-27;;active;;Premium;Por conta do comprador;273;variation;1;;;183973362711;Cor: Verde Pistache
MLB3459488145;83083;;Kit 1 Poltrona E 1 Puff Stella Bouclê Base Madeira Castanho;2023-09-27;;active;;Premium;Por conta do comprador;273;variation;1;;;183973362713;Cor: Cinza
MLB3459488145;83083;;Kit 1 Poltrona E 1 Puff Stella Bouclê Base Madeira Castanho;2023-09-27;;active;;Premium;Por conta do comprador;0;variation;1;;;183973362715;Cor: Azul
MLB3459488145;83083;;Kit 1 Poltrona E 1 Puff Stella Bouclê Base Madeira Castanho;2023-09-27;;active;;Premium;Por conta do comprador;256;variation;1;;;178867986954;Cor: Bege
MLB3459488145;83083;;Kit 1 Poltrona E 1 Puff Stella Bouclê Base Madeira Castanho;2023-09-27;;active;;Premium;Por conta do comprador;273;variation;1;;;178867986956;Cor: Grafite
MLB3459488145;83083;;Kit 1 Poltrona E 1 Puff Stella Bouclê Base Madeira Castanho;2023-09-27;;active;;Premium;Por conta do comprador;273;variation;1;;;178867986958;Cor: Off white
MLB3459488145;83083;;Kit 1 Poltrona E 1 Puff Stella Bouclê Base Madeira Castanho;2023-09-27;;active;;Premium;Por conta do comprador;273;variation;1;;;178867986960;Cor: Terra
MLB3459488145;83083;;Kit 1 Poltrona E 1 Puff Stella Bouclê Base Madeira Castanho;2023-09-27;;active;;Premium;Por conta do comprador;0;variation;1;;;178867986962;Cor: Verde menta
MLB1542836201;33919;7908274410583;Poltrona Giratória Elisa Couro Nozes - D'rossi Marrom Madeira;2020-06-01;;active;;Premium;Por conta do comprador;997;item;0;;;;
MLB3695164301;92173;7908847629619;Sofá 3 Lugares Pé Ferro Pto Rafaela 220cm Lin Rústico Nat Bege Liso;2024-05-17;;active;;Premium;Por conta do comprador;1000;item;0;;;;
MLB3750104458;41003-30543;7908748109913;Poltrona Decorativa Industrial Dourado Elisa Sintético Pu Cor Preto - D'rossi Liso;2023-06-27;;active;;Premium;Por conta do comprador;1009;item;0;;;;
MLB1075639383;19177;7908274451999;Poltrona Decorativa Opala Suede Cinza - D'rossi Liso;2018-07-31;;active;;Premium;Por conta do comprador;318;item;0;;;;
MLB3391620625;76542;7908670832354;Kit 01 Poltrona E 01 Puff Stella Suede Verde Base Madeira Liso;2023-07-27;;active;;Premium;Por conta do comprador;273;item;0;;;;
MLB4434482552;54442;7908477228572;Poltrona Sala Decorativa Marisa Aço Industrial X Dourado Suede Rosa Bebê - D'rossi Liso;2024-02-07;;active;;Premium;Por conta do comprador;1000;item;0;;;;
MLB3829650010;54522;7908477229463;Kit 02 Poltronas Marisa Suede Grafite Base X Preta Liso;2023-07-24;;active;;Premium;Por conta do comprador;500;item;0;;;;
MLB3831125124;76560;7908670832378;Kit 01 Poltrona E 01 Puff Stella Linho Cinza Base Madeira Liso;2023-07-25;;active;;Premium;Por conta do comprador;273;item;0;;;;
MLB3387534359;54520;7908477229456;Kit 02 Poltronas Marisa Suede Cinza Base X Industrial Preta Liso;2023-07-24;;active;;Premium;Por conta do comprador;500;item;0;;;;
MLB3829657540;54508;7908477229074;Kit 02 Poltronas Marisa Suede Verde Base X Dourada Liso;2023-07-24;;active;;Premium;Por conta do comprador;500;item;0;;;;
MLB3699877233;92559;7908748126736;Cadeira Sala Jantar Base Madeira Pto Kit 10 Sofia Vel Cinza Liso;2024-05-21;;active;;Premium;Por conta do comprador;100;item;0;;;;
MLB3840680246;79041;7908670869503;Kit 2 Poltronas Stella Suede Bege Base Metálica Preto Liso;2023-07-27;;active;;Premium;Por conta do comprador;499;item;0;;;;
MLB3481704779;83219;7908748109661;Poltrona Decorativa Industrial Dourado Kit 2 Elisa Sintético Preto D'rossi Liso;2023-10-18;;active;;Premium;Por conta do comprador;500;item;0;;;;
MLB3700320721;92385;7908748128358;Cadeira Sala Jantar Base Madeira Pto Kit 10 Sofia Sint Pto Liso;2024-05-21;;active;;Premium;Por conta do comprador;100;item;0;;;;
MLB4703294336;92213;7908748124732;Cadeira Sala De Jantar Base Madeira Preto Sofia Suede Cinza Liso;2024-05-21;;active;;Premium;Frete gratis;1000;item;0;;;;
MLB4703307216;92211;7908748124718;Cadeira Sala De Jantar Base Madeira Preto Sofia Suede Bege Liso;2024-05-21;;active;;Premium;Frete gratis;1000;item;0;;;;
MLB3700078827;92409;7908748127634;Cadeira Sala Jantar Base Madeira Pto Kit 4 Sofia Sint Pu Pto Liso;2024-05-21;;active;;Premium;Por conta do comprador;250;item;0;;;;
MLB3610832083;54538;7908477229524;Kit 2 Poltronas Marisa Em Suede Verde Com Base Industrial Preta Liso;2024-02-29;;active;;Premium;Por conta do comprador;500;item;0;;;;
MLB3699967827;92535;7908748126491;Cadeira Sala Jantar Base Madeira Pto Kit 6 Sofia Vel Cinza Liso;2024-05-21;;active;;Premium;Por conta do comprador;166;item;0;;;;
MLB1933579975;54478;7908477228800;Poltrona Marisa Suede Preto Base X Industrial Preto Preto Liso;2021-06-30;;active;;Premium;Por conta do comprador;1000;item;0;;;;
MLB3360329493;39817;7908439208536;D'rossi Stella Kit 2 Poltrona Pé Palito Corano Nozes Com Linho Bege Nozes/bege Liso;2023-06-28;;active;;Premium;Por conta do comprador;158;item;0;;;;
MLB2042164197;53794;7908477223805;Armário Aéreo 01 Porta Milão Branco E Castanho - D'rossi Bege;2021-10-01;;active;;Premium;Frete gratis;9;item;0;;;;
MLB3407803149;54464;7908477228756;Poltrona Marisa Suede Bege Base X Industrial Preta - D'rossi Liso;2023-08-12;;active;;Classico;Por conta do comprador;1002;item;0;;;;
MLB4700512784;76881;7908670834457;Poltrona Sala Corino Bege Base Industrial Dourado Stella Liso Bege;2024-05-20;;active;;Premium;Frete gratis;4;item;0;;;;
MLB3771905678;71499;7908575974579;Sofá 2 Lugares Namoradeira Pé Palito Natural Stella Nozes Linho Areia A27 D'rossi Bege Liso;2023-07-05;;active;;Premium;Por conta do comprador;317;item;0;;;;
MLB1034843080;6632;7908439208611;Poltrona Decorativa Stella Suede Grafite Pés Palito - Drossi Cinza Liso;2018-05-22;;active;;Premium;Por conta do comprador;318;item;0;;;;
MLB3913456222;76810;7908670834174;Poltrona Decorativa Base Industrial Stella Linho Cor Grafite D'rossi Liso;2023-08-19;;active;;Premium;Por conta do comprador;1018;item;0;;;;
MLB3699864803;92531;;Cadeira Sala De Jantar Base Madeira Preto Kit 4 Sofia Veludo;2024-05-21;;active;;Premium;Por conta do comprador;250;variation;1;;;180541524040;Cor: Bege
MLB3699864803;92531;;Cadeira Sala De Jantar Base Madeira Preto Kit 4 Sofia Veludo;2024-05-21;;active;;Premium;Por conta do comprador;250;variation;1;;;180541524042;Cor: Cinza
MLB3699864803;92531;;Cadeira Sala De Jantar Base Madeira Preto Kit 4 Sofia Veludo;2024-05-21;;active;;Premium;Por conta do comprador;250;variation;1;;;180541524044;Cor: Preto
MLB3699864803;92531;;Cadeira Sala De Jantar Base Madeira Preto Kit 4 Sofia Veludo;2024-05-21;;active;;Premium;Por conta do comprador;250;variation;1;;;180541524046;Cor: Rose
MLB3699864803;92531;;Cadeira Sala De Jantar Base Madeira Preto Kit 4 Sofia Veludo;2024-05-21;;active;;Premium;Por conta do comprador;250;variation;1;;;180541524048;Cor: Verde
MLB3703389393;92597;7908748193981;Poltrona Sala Pé Palito Ferro Kit 2 Giovana Nozes/linho Bege Multicolorido Liso;2024-05-23;;active;;Premium;Por conta do comprador;145;item;0;;;;
MLB3703812829;60333;7908477288750;Vaso Decorativo Bob Robert Deitado Poliresina Preto 13x14x10 Liso;2024-05-23;;active;;Premium;Por conta do comprador;5;item;0;;;;
MLB3223871002;77803;;Balcão Armário De Cozinha Forno Microondas 2 Ptas Sara 80cm;2023-02-22;;active;;Premium;Frete gratis;3;variation;1;;;176760574665;Cor: Branco e Preto
MLB3223871002;77803;;Balcão Armário De Cozinha Forno Microondas 2 Ptas Sara 80cm;2023-02-22;;active;;Premium;Frete gratis;0;variation;1;;;176760574664;Cor: Branco
MLB3223871002;77803;;Balcão Armário De Cozinha Forno Microondas 2 Ptas Sara 80cm;2023-02-22;;active;;Premium;Frete gratis;3;variation;1;;;176760574666;Cor: Castanho e Cinza
MLB3223871002;77803;;Balcão Armário De Cozinha Forno Microondas 2 Ptas Sara 80cm;2023-02-22;;active;;Premium;Frete gratis;0;variation;1;;;176760574667;Cor: Castanho e Preto
MLB3223871002;77803;;Balcão Armário De Cozinha Forno Microondas 2 Ptas Sara 80cm;2023-02-22;;active;;Premium;Frete gratis;0;variation;1;;;176760574668;Cor: Preto
MLB3223871002;77803;;Balcão Armário De Cozinha Forno Microondas 2 Ptas Sara 80cm;2023-02-22;;active;;Premium;Frete gratis;0;variation;1;;;176760574669;Cor: Preto e Cinza
MLB3205262547;77537;;Armário Aéreo De Cozinha Lavanderia 02 Portas Eva 80 Cm;2023-02-15;;active;;Premium;Frete gratis;15;variation;1;;;176643964942;Cor: Branco
MLB3205262547;77537;;Armário Aéreo De Cozinha Lavanderia 02 Portas Eva 80 Cm;2023-02-15;;active;;Premium;Frete gratis;6;variation;1;;;176643964943;Cor: Branco e Preto
MLB3205262547;77537;;Armário Aéreo De Cozinha Lavanderia 02 Portas Eva 80 Cm;2023-02-15;;active;;Premium;Frete gratis;7;variation;1;;;176643964944;Cor: Castanho e Cinza
MLB3205262547;77537;;Armário Aéreo De Cozinha Lavanderia 02 Portas Eva 80 Cm;2023-02-15;;active;;Premium;Frete gratis;0;variation;1;;;176643964945;Cor: Castanho e Preto
MLB3205262547;77537;;Armário Aéreo De Cozinha Lavanderia 02 Portas Eva 80 Cm;2023-02-15;;active;;Premium;Frete gratis;1;variation;1;;;176643964946;Cor: Preto
MLB3205262547;77537;;Armário Aéreo De Cozinha Lavanderia 02 Portas Eva 80 Cm;2023-02-15;;active;;Premium;Frete gratis;0;variation;1;;;176643964947;Cor: Preto e Cinza
MLB3699764071;92229;;Cadeira Sala De Jantar Base Madeira Preto Sofia Suede D03;2024-05-21;;active;;Premium;Frete gratis;1000;variation;1;;;182855318877;Cor: Bege
MLB3699764071;92229;;Cadeira Sala De Jantar Base Madeira Preto Sofia Suede D03;2024-05-21;;active;;Premium;Frete gratis;1000;variation;1;;;182855318875;Cor: Azul Marinho
MLB3699764071;92229;;Cadeira Sala De Jantar Base Madeira Preto Sofia Suede D03;2024-05-21;;active;;Premium;Frete gratis;1000;variation;1;;;182855318879;Cor: Cinza
MLB3699764071;92229;;Cadeira Sala De Jantar Base Madeira Preto Sofia Suede D03;2024-05-21;;active;;Premium;Frete gratis;1000;variation;1;;;182855318881;Cor: Grafite
MLB3699764071;92229;;Cadeira Sala De Jantar Base Madeira Preto Sofia Suede D03;2024-05-21;;active;;Premium;Frete gratis;1000;variation;1;;;182855318883;Cor: Marrom
MLB3699764071;92229;;Cadeira Sala De Jantar Base Madeira Preto Sofia Suede D03;2024-05-21;;active;;Premium;Frete gratis;1000;variation;1;;;182855318885;Cor: Marrom Rato
MLB3699764071;92229;;Cadeira Sala De Jantar Base Madeira Preto Sofia Suede D03;2024-05-21;;active;;Premium;Frete gratis;996;variation;1;;;182855318887;Cor: Preto
MLB3699764071;92229;;Cadeira Sala De Jantar Base Madeira Preto Sofia Suede D03;2024-05-21;;active;;Premium;Frete gratis;1000;variation;1;;;182855318889;Cor: Rosa Bebê
MLB3699764071;92229;;Cadeira Sala De Jantar Base Madeira Preto Sofia Suede D03;2024-05-21;;active;;Premium;Frete gratis;1000;variation;1;;;182855318891;Cor: Rose
MLB3699764071;92229;;Cadeira Sala De Jantar Base Madeira Preto Sofia Suede D03;2024-05-21;;active;;Premium;Frete gratis;1000;variation;1;;;182855318893;Cor: Verde
MLB3699823317;92329;7908748125999;Cadeira Sala Base Madeira Pto Kit 10 Sofia Suede Marrom Liso;2024-05-21;;active;;Premium;Por conta do comprador;100;item;0;;;;
MLB1825866144;49106;7908439270144;Poltrona Decorativa Stella Linho Bege A19 Pés Palito Natural Bege Liso;2021-03-17;;active;;Premium;Frete gratis;317;item;0;;;;
MLB3699864753;92523;7908748126378;Cadeira Sala Jantar Base Madeira Pto Kit 4 Sofia Vel Cinza Liso;2024-05-21;;active;;Premium;Por conta do comprador;250;item;0;;;;
MLB1698239618;42091;7908274489381;Poltrona Marisa Suede Preto Base Metálica Preto D'rossi Preto Liso;2020-10-29;;active;;Premium;Por conta do comprador;1000;item;0;;;;
MLB4662920986;77529;7908670855322;Armário Aéreo De Cozinha Lavanderia Eva Castanho E Cinza;2024-05-08;;active;;Premium;Frete gratis;7;item;0;;;;
MLB1195443462;3354;7890000175500;Kit 02 Cadeira Poltrona Decorativa Liz Corino Branco Branco Liso;2019-03-18;;active;;Premium;Por conta do comprador;153;item;0;;;;
MLB3703452815;92861;;Cabeceira Cama Box King 195 Cm Verona Veludo S04 - D'rossi;2024-05-23;;active;;Classico;Por conta do comprador;1000;variation;1;;;180556336914;Cor: Bege
MLB3703452815;92861;;Cabeceira Cama Box King 195 Cm Verona Veludo S04 - D'rossi;2024-05-23;;active;;Classico;Por conta do comprador;1000;variation;1;;;180556336910;Cor: Azul-marinho
MLB3703452815;92861;;Cabeceira Cama Box King 195 Cm Verona Veludo S04 - D'rossi;2024-05-23;;active;;Classico;Por conta do comprador;1000;variation;1;;;180556336912;Cor: Cinza
MLB3703452815;92861;;Cabeceira Cama Box King 195 Cm Verona Veludo S04 - D'rossi;2024-05-23;;active;;Classico;Por conta do comprador;1000;variation;1;;;180556336916;Cor: Cobre
MLB3703452815;92861;;Cabeceira Cama Box King 195 Cm Verona Veludo S04 - D'rossi;2024-05-23;;active;;Classico;Por conta do comprador;1000;variation;1;;;180556336918;Cor: Marrom
MLB3703452815;92861;;Cabeceira Cama Box King 195 Cm Verona Veludo S04 - D'rossi;2024-05-23;;active;;Classico;Por conta do comprador;1000;variation;1;;;180556336920;Cor: Prata
MLB3703452815;92861;;Cabeceira Cama Box King 195 Cm Verona Veludo S04 - D'rossi;2024-05-23;;active;;Classico;Por conta do comprador;1000;variation;1;;;180556336922;Cor: Preto
MLB3703452815;92861;;Cabeceira Cama Box King 195 Cm Verona Veludo S04 - D'rossi;2024-05-23;;active;;Classico;Por conta do comprador;1000;variation;1;;;180556336924;Cor: Rosa
MLB3703452815;92861;;Cabeceira Cama Box King 195 Cm Verona Veludo S04 - D'rossi;2024-05-23;;active;;Classico;Por conta do comprador;1000;variation;1;;;180556336926;Cor: Uva
MLB3703452815;92861;;Cabeceira Cama Box King 195 Cm Verona Veludo S04 - D'rossi;2024-05-23;;active;;Classico;Por conta do comprador;1000;variation;1;;;180556336928;Cor: Verde
MLB3703452815;92861;;Cabeceira Cama Box King 195 Cm Verona Veludo S04 - D'rossi;2024-05-23;;active;;Classico;Por conta do comprador;1000;variation;1;;;180556336930;Cor: Vinho
MLB3703452815;92861;;Cabeceira Cama Box King 195 Cm Verona Veludo S04 - D'rossi;2024-05-23;;active;;Classico;Por conta do comprador;1000;variation;1;;;180556336932;Cor: Lilás
MLB3406107885;41377;7908274484874;Mesa Para Computador Escrivaninha Porto 90cm Preto D'rossi;2023-08-10;;active;;Premium;Por conta do comprador;7;item;0;;;;
MLB4714819828;93129;;Divã Recamier Banco Base Madeira Quarto Gênova 195cm Veludo;2024-05-24;;active;;Premium;Por conta do comprador;1000;variation;1;;;182897258789;Cor: Azul-marinho
MLB4714819828;93129;;Divã Recamier Banco Base Madeira Quarto Gênova 195cm Veludo;2024-05-24;;active;;Premium;Por conta do comprador;1000;variation;1;;;182897258791;Cor: Bege
MLB4714819828;93129;;Divã Recamier Banco Base Madeira Quarto Gênova 195cm Veludo;2024-05-24;;active;;Premium;Por conta do comprador;1000;variation;1;;;182897258793;Cor: Cinza
MLB4714819828;93129;;Divã Recamier Banco Base Madeira Quarto Gênova 195cm Veludo;2024-05-24;;active;;Premium;Por conta do comprador;1000;variation;1;;;182897258795;Cor: Cobre
MLB4714819828;93129;;Divã Recamier Banco Base Madeira Quarto Gênova 195cm Veludo;2024-05-24;;active;;Premium;Por conta do comprador;1000;variation;1;;;182897258797;Cor: Lilás
MLB4714819828;93129;;Divã Recamier Banco Base Madeira Quarto Gênova 195cm Veludo;2024-05-24;;active;;Premium;Por conta do comprador;1000;variation;1;;;182897258799;Cor: Marrom
MLB4714819828;93129;;Divã Recamier Banco Base Madeira Quarto Gênova 195cm Veludo;2024-05-24;;active;;Premium;Por conta do comprador;1000;variation;1;;;182897258801;Cor: Prata
MLB4714819828;93129;;Divã Recamier Banco Base Madeira Quarto Gênova 195cm Veludo;2024-05-24;;active;;Premium;Por conta do comprador;1000;variation;1;;;182897258803;Cor: Preto
MLB4714819828;93129;;Divã Recamier Banco Base Madeira Quarto Gênova 195cm Veludo;2024-05-24;;active;;Premium;Por conta do comprador;1000;variation;1;;;182897258805;Cor: Rosa
MLB4714819828;93129;;Divã Recamier Banco Base Madeira Quarto Gênova 195cm Veludo;2024-05-24;;active;;Premium;Por conta do comprador;1000;variation;1;;;182897258807;Cor: Uva
MLB4714819828;93129;;Divã Recamier Banco Base Madeira Quarto Gênova 195cm Veludo;2024-05-24;;active;;Premium;Por conta do comprador;1000;variation;1;;;182897258809;Cor: Verde
MLB4714819828;93129;;Divã Recamier Banco Base Madeira Quarto Gênova 195cm Veludo;2024-05-24;;active;;Premium;Por conta do comprador;1000;variation;1;;;182897258811;Cor: Vinho
MLB3387606053;76770;7908670833979;Poltrona Decorativa Sala De Estar Recepção Stella Suede Grafite Base Industrial Dourada Liso;2023-07-24;;active;;Premium;Por conta do comprador;1000;item;0;;;;
MLB3617779983;3326;7890002175645;Cadeira Poltrona Decorativa Liz Corino Branco - D'rossi Liso;2024-03-07;;active;;Premium;Por conta do comprador;306;item;0;;;;
MLB4692825858;81695;7908748112715;Poltrona Milão Pés Madeira Corano Terracota E Linho Pérola;2024-05-17;;active;;Premium;Por conta do comprador;1000;item;0;;;;
MLB4662920990;77617;7908670854882;Armário E Balcão Cozinha D'rossi Aurora Branco 4 Portas 2 Gavetas;2024-05-08;;active;;Classico;Por conta do comprador;7;item;0;;;;
MLB4671025166;91577;7908847625741;Sofá 2 Lugares Pé De Madeira Julieta 180 Cm Veludo Bege Bege Liso;2024-05-10;;active;;Premium;Por conta do comprador;1000;item;0;;;;
MLB4667439224;91473;7908847624201;Poltrona Sala De Estar Pé De Madeira Julieta Veludo Bege Bege Liso;2024-05-09;;active;;Premium;Por conta do comprador;1000;item;0;;;;
MLB3689538103;58265;7908477258241;Cabeceira Casal D'rossi Ametista 140 Cm Suede Grafite Madeira Moderna;2024-05-13;;active;;Classico;Frete gratis;1;item;0;;;;
MLB4681204472;91855;7908847614288;Cabeceira Cama Box Queen 160 Cm Tania Linho Cinza Cinza;2024-05-14;;active;;Premium;Frete gratis;1000;item;0;;;;
MLB4662610752;58185;7908477257527;Kit 01 Namoradeira E 02 Poltronas Giovana Suede Rose Rosa Liso;2024-05-08;;active;;Classico;Por conta do comprador;97;item;0;;;;
MLB3690226755;91881;7908847618842;Cabeceira Cama Box Solteiro 90 Cm Garden Linho Areia Areia;2024-05-14;;active;;Premium;Frete gratis;1000;item;0;;;;
MLB3686032503;82099-69871;7908748104734;Poltrona Elisa Linho Pés Palito Natural - D'rossi Cor A26 Grafite Liso;2024-05-10;;active;;Classico;Por conta do comprador;328;item;0;;;;
MLB3686183399;91515;7908847624652;Sofá 2 Lugares Pé De Madeira Julieta 180cm Linho Dourado Bege Liso;2024-05-10;;active;;Premium;Por conta do comprador;1000;item;0;;;;
MLB3686234695;91683;7908847625215;Sofá 3 Lugares Pé De Madeira Julieta 200cm Suede Azul Azul Liso;2024-05-10;;active;;Premium;Por conta do comprador;1000;item;0;;;;
MLB4671072782;91569;7908847625659;Sofá 2 Lugares Pé De Madeira Julieta 160 Cm Veludo Uva Violeta Liso;2024-05-10;;active;;Classico;Por conta do comprador;1000;item;0;;;;
MLB4671067940;91587;7908847625840;Sofá 2 Lugares Pé De Madeira Julieta 180 Cm Veludo Prata Cinza Liso;2024-05-10;;active;;Classico;Por conta do comprador;1000;item;0;;;;
MLB4666676416;72293;7908575978096;01 Namoradeira E 02 Poltronas Stella Corano Com Linho Bege Liso;2024-05-09;;active;;Premium;Por conta do comprador;1000;item;0;;;;
MLB3690172765;91811;7908847613830;Cabeceira Cama Box King 195 Cm Arizona Linho Areia Areia;2024-05-14;;active;;Premium;Por conta do comprador;1000;item;0;;;;
MLB4670292736;91525;7908847624690;Sofá 3 Lugares Pé De Madeira Julieta 200cm Lin Rústico Areia Bege Liso;2024-05-10;;active;;Premium;Por conta do comprador;1000;item;0;;;;
MLB4692877456;82025;7908748112326;Poltrona Decorativa Milão D07 Pés Madeira Linho Mescla Verde;2024-05-17;;active;;Classico;Por conta do comprador;1000;item;0;;;;
MLB4671015472;91523;;Sofá 2 Lugares Pé De Madeira Julieta 180 Cm Linho S04;2024-05-10;;active;;Classico;Por conta do comprador;1000;variation;1;;;182725424397;Cor: Areia
MLB4671015472;91523;;Sofá 2 Lugares Pé De Madeira Julieta 180 Cm Linho S04;2024-05-10;;active;;Classico;Por conta do comprador;1000;variation;1;;;182725424399;Cor: Cinza
MLB4671015472;91523;;Sofá 2 Lugares Pé De Madeira Julieta 180 Cm Linho S04;2024-05-10;;active;;Classico;Por conta do comprador;1000;variation;1;;;182725424401;Cor: Dourado
MLB4671015472;91523;;Sofá 2 Lugares Pé De Madeira Julieta 180 Cm Linho S04;2024-05-10;;active;;Classico;Por conta do comprador;1000;variation;1;;;182725424403;Cor: Grigio
MLB4671015472;91523;;Sofá 2 Lugares Pé De Madeira Julieta 180 Cm Linho S04;2024-05-10;;active;;Classico;Por conta do comprador;1000;variation;1;;;182725424405;Cor: Natural
MLB4671015472;91523;;Sofá 2 Lugares Pé De Madeira Julieta 180 Cm Linho S04;2024-05-10;;active;;Classico;Por conta do comprador;1000;variation;1;;;182725424407;Cor: Pérola
MLB4692864138;91987;7908847627998;Sofá 3 Lugares Base De Madeira Grace 210cm Linho Dourado Bege Liso;2024-05-17;;active;;Premium;Por conta do comprador;1000;item;0;;;;
MLB4688191958;50768;7908439288521;Poltrona Giratória Stella Linho A26 Base Madeira - D'rossi Grafite Liso;2024-05-16;;active;;Premium;Por conta do comprador;997;item;0;;;;
MLB3831217824;79141;7908670869947;Kit 2 Poltronas Stella Corino Preto Base Metálica Preto Liso;2023-07-25;;active;;Premium;Por conta do comprador;500;item;0;;;;
MLB1798793374;47570;;Namoradeira Marisa Suede Base Preto D'rossi;2021-02-17;;active;;Premium;Por conta do comprador;1000;variation;1;;;76373703089;Cor: Azul-marinho
MLB1798793374;47570;;Namoradeira Marisa Suede Base Preto D'rossi;2021-02-17;;active;;Premium;Por conta do comprador;1000;variation;1;;;76373703085;Cor: Bege
MLB1798793374;47570;;Namoradeira Marisa Suede Base Preto D'rossi;2021-02-17;;active;;Premium;Por conta do comprador;999;variation;1;;;76373703122;Cor: Cinza
MLB1798793374;47570;;Namoradeira Marisa Suede Base Preto D'rossi;2021-02-17;;active;;Premium;Por conta do comprador;1000;variation;1;;;76373703113;Cor: Grafite
MLB1798793374;47570;;Namoradeira Marisa Suede Base Preto D'rossi;2021-02-17;;active;;Premium;Por conta do comprador;1000;variation;1;;;76373703097;Cor: Marrom
MLB1798793374;47570;;Namoradeira Marisa Suede Base Preto D'rossi;2021-02-17;;active;;Premium;Por conta do comprador;1000;variation;1;;;76373703142;Cor: Marrom rato
MLB1798793374;47570;;Namoradeira Marisa Suede Base Preto D'rossi;2021-02-17;;active;;Premium;Por conta do comprador;1000;variation;1;;;76373703105;Cor: Preto
MLB1798793374;47570;;Namoradeira Marisa Suede Base Preto D'rossi;2021-02-17;;active;;Premium;Por conta do comprador;1000;variation;1;;;76373703195;Cor: Rosa bebê
MLB1798793374;47570;;Namoradeira Marisa Suede Base Preto D'rossi;2021-02-17;;active;;Premium;Por conta do comprador;1000;variation;1;;;181401038919;Cor: Rose
MLB1798793374;47570;;Namoradeira Marisa Suede Base Preto D'rossi;2021-02-17;;active;;Premium;Por conta do comprador;1000;variation;1;;;76373703235;Cor: Verde
MLB3663181037;83001;7908748135691;Poltrona Sala Decorativa Kit 2 Stella Base Industrial Dourado Bouclê Bege - D'rossi Crema Liso;2024-04-19;;active;;Premium;Por conta do comprador;502;item;0;;;;
MLB3831190706;79043;7908670869510;Kit 2 Poltronas Stella Suede Cinza Base Metálica Preto Liso;2023-07-25;;active;;Premium;Por conta do comprador;499;item;0;;;;
MLB3894125474;79075;7908670869664;Kit 2 Poltronas Stella Linho Grafite Base Metálica Preto Liso;2023-08-11;;active;;Premium;Por conta do comprador;508;item;0;;;;
MLB4736751510;92229;;Cadeira Sala De Jantar Base Madeira Preto Sofia Suede D03;2024-05-31;;active;;Classico;Frete gratis;1000;variation;1;;;182985748173;Cor: Bege
MLB4736751510;92229;;Cadeira Sala De Jantar Base Madeira Preto Sofia Suede D03;2024-05-31;;active;;Classico;Frete gratis;1000;variation;1;;;182985748171;Cor: Azul Marinho
MLB4736751510;92229;;Cadeira Sala De Jantar Base Madeira Preto Sofia Suede D03;2024-05-31;;active;;Classico;Frete gratis;1000;variation;1;;;182985748175;Cor: Cinza
MLB4736751510;92229;;Cadeira Sala De Jantar Base Madeira Preto Sofia Suede D03;2024-05-31;;active;;Classico;Frete gratis;1000;variation;1;;;182985748177;Cor: Grafite
MLB4736751510;92229;;Cadeira Sala De Jantar Base Madeira Preto Sofia Suede D03;2024-05-31;;active;;Classico;Frete gratis;1000;variation;1;;;182985748179;Cor: Marrom
MLB4736751510;92229;;Cadeira Sala De Jantar Base Madeira Preto Sofia Suede D03;2024-05-31;;active;;Classico;Frete gratis;1000;variation;1;;;182985748181;Cor: Marrom Rato
MLB4736751510;92229;;Cadeira Sala De Jantar Base Madeira Preto Sofia Suede D03;2024-05-31;;active;;Classico;Frete gratis;996;variation;1;;;182985748183;Cor: Preto
MLB4736751510;92229;;Cadeira Sala De Jantar Base Madeira Preto Sofia Suede D03;2024-05-31;;active;;Classico;Frete gratis;1000;variation;1;;;182985748185;Cor: Rosa Bebê
MLB4736751510;92229;;Cadeira Sala De Jantar Base Madeira Preto Sofia Suede D03;2024-05-31;;active;;Classico;Frete gratis;1000;variation;1;;;182985748187;Cor: Rose
MLB4736751510;92229;;Cadeira Sala De Jantar Base Madeira Preto Sofia Suede D03;2024-05-31;;active;;Classico;Frete gratis;1000;variation;1;;;182985748189;Cor: Verde
MLB3709976765;93443;;Cabeceira Cama Box Casal 140 Cm Arizona Veludo S04 - D'rossi;2024-05-27;;active;;Premium;Frete gratis;1000;variation;1;;;180581438486;Cor: Azul-marinho
MLB3709976765;93443;;Cabeceira Cama Box Casal 140 Cm Arizona Veludo S04 - D'rossi;2024-05-27;;active;;Premium;Frete gratis;1000;variation;1;;;180581438488;Cor: Cinza
MLB3709976765;93443;;Cabeceira Cama Box Casal 140 Cm Arizona Veludo S04 - D'rossi;2024-05-27;;active;;Premium;Frete gratis;1000;variation;1;;;180581438490;Cor: Bege
MLB3709976765;93443;;Cabeceira Cama Box Casal 140 Cm Arizona Veludo S04 - D'rossi;2024-05-27;;active;;Premium;Frete gratis;1000;variation;1;;;180581438492;Cor: Cobre
MLB3709976765;93443;;Cabeceira Cama Box Casal 140 Cm Arizona Veludo S04 - D'rossi;2024-05-27;;active;;Premium;Frete gratis;1000;variation;1;;;180581438494;Cor: Marrom
MLB3709976765;93443;;Cabeceira Cama Box Casal 140 Cm Arizona Veludo S04 - D'rossi;2024-05-27;;active;;Premium;Frete gratis;1000;variation;1;;;180581438496;Cor: Prata
MLB3709976765;93443;;Cabeceira Cama Box Casal 140 Cm Arizona Veludo S04 - D'rossi;2024-05-27;;active;;Premium;Frete gratis;1000;variation;1;;;180581438498;Cor: Preto
MLB3709976765;93443;;Cabeceira Cama Box Casal 140 Cm Arizona Veludo S04 - D'rossi;2024-05-27;;active;;Premium;Frete gratis;1000;variation;1;;;180581438500;Cor: Rosa
MLB3709976765;93443;;Cabeceira Cama Box Casal 140 Cm Arizona Veludo S04 - D'rossi;2024-05-27;;active;;Premium;Frete gratis;1000;variation;1;;;180581438502;Cor: Uva
MLB3709976765;93443;;Cabeceira Cama Box Casal 140 Cm Arizona Veludo S04 - D'rossi;2024-05-27;;active;;Premium;Frete gratis;1000;variation;1;;;180581438504;Cor: Verde
MLB3709976765;93443;;Cabeceira Cama Box Casal 140 Cm Arizona Veludo S04 - D'rossi;2024-05-27;;active;;Premium;Frete gratis;1000;variation;1;;;180581438506;Cor: Vinho
MLB3709976765;93443;;Cabeceira Cama Box Casal 140 Cm Arizona Veludo S04 - D'rossi;2024-05-27;;active;;Premium;Frete gratis;1000;variation;1;;;180581438508;Cor: Lilás
MLB3831175050;79107;7908670869800;Poltrona Stella Veludo Cinza Base Metálica Industrial Preto Liso;2023-07-25;;active;;Premium;Por conta do comprador;1000;item;0;;;;
MLB3489436455;83205-70719;7908748109593;Poltrona Elisa Corino Base Metálica Industrial Dourado Cor Branco Branco;2023-10-24;;active;;Premium;Por conta do comprador;1000;item;0;;;;
MLB3405764785;79133;7908670869916;Poltrona Sala De Estar & Jantar - Stella Corino Preto - Base Metálica Industrial Preto - D'rossi;2024-05-29;;active;MLB3405764785;Premium;Por conta do comprador;1000;item;0;;;;
MLB3489497937;83205-70717;7908748109579;Poltrona Decorativa Sala Corino Bege Base Industrial Dourada Elisa D'rossi Liso;2023-10-24;;active;;Premium;Por conta do comprador;996;item;0;;;;
MLB3325070211;79075;7908670869664;Kit 2 Poltronas Stella Linho Grafite Base Metálica Preto Grafite Liso;2023-05-23;;active;;Premium;Por conta do comprador;508;item;0;;;;
MLB3710022683;93521-91549;;Cabeceira Cama Box Solteiro 90 Cm Tania Veludo S04 - D'rossi;2024-05-27;;active;;Premium;Frete gratis;1000;variation;1;;;182926721539;Cor: Bege
MLB3710022683;93521-91545;;Cabeceira Cama Box Solteiro 90 Cm Tania Veludo S04 - D'rossi;2024-05-27;;active;;Premium;Frete gratis;1000;variation;1;;;182926721535;Cor: Azul-marinho
MLB3710022683;93521-91547;;Cabeceira Cama Box Solteiro 90 Cm Tania Veludo S04 - D'rossi;2024-05-27;;active;;Premium;Frete gratis;1000;variation;1;;;182926721537;Cor: Cinza
MLB3710022683;93521-91551;;Cabeceira Cama Box Solteiro 90 Cm Tania Veludo S04 - D'rossi;2024-05-27;;active;;Premium;Frete gratis;1000;variation;1;;;182926721541;Cor: Cobre
MLB3710022683;93521-91553;;Cabeceira Cama Box Solteiro 90 Cm Tania Veludo S04 - D'rossi;2024-05-27;;active;;Premium;Frete gratis;1000;variation;1;;;182926721543;Cor: Marrom
MLB3710022683;93521-91555;;Cabeceira Cama Box Solteiro 90 Cm Tania Veludo S04 - D'rossi;2024-05-27;;active;;Premium;Frete gratis;1000;variation;1;;;182926721545;Cor: Prata
MLB3710022683;93521-91557;;Cabeceira Cama Box Solteiro 90 Cm Tania Veludo S04 - D'rossi;2024-05-27;;active;;Premium;Frete gratis;1000;variation;1;;;182926721547;Cor: Preto
MLB3710022683;93521-91559;;Cabeceira Cama Box Solteiro 90 Cm Tania Veludo S04 - D'rossi;2024-05-27;;active;;Premium;Frete gratis;1000;variation;1;;;182926721549;Cor: Rosa
MLB3710022683;93521-91561;;Cabeceira Cama Box Solteiro 90 Cm Tania Veludo S04 - D'rossi;2024-05-27;;active;;Premium;Frete gratis;1000;variation;1;;;182926721551;Cor: Uva
MLB3710022683;93521-91563;;Cabeceira Cama Box Solteiro 90 Cm Tania Veludo S04 - D'rossi;2024-05-27;;active;;Premium;Frete gratis;1000;variation;1;;;182926721553;Cor: Verde
MLB3710022683;93521-91565;;Cabeceira Cama Box Solteiro 90 Cm Tania Veludo S04 - D'rossi;2024-05-27;;active;;Premium;Frete gratis;1000;variation;1;;;182926721555;Cor: Vinho
MLB3710022683;93521-91567;;Cabeceira Cama Box Solteiro 90 Cm Tania Veludo S04 - D'rossi;2024-05-27;;active;;Premium;Frete gratis;1000;variation;1;;;182926721557;Cor: Lilás
MLB2861101586;74214;7908575992375;Poltrona Sher Tipo Costela Corano Nozes Pés De Ferro Marrom Liso;2022-10-17;;active;;Premium;Por conta do comprador;525;item;0;;;;
MLB3829676776;53412;7908477204156;Kit 04 Cadeiras De Jantar Liz Corino Branco Pés Palito Liso;2023-07-24;;active;;Premium;Por conta do comprador;76;item;0;;;;
MLB4736751816;92305;7908748125739;Cadeira Sala Jantar Base Madeira Pto Kit 8 Sofia Sued Marrom Liso;2024-05-31;;active;;Classico;Por conta do comprador;125;item;0;;;;
MLB3831177262;76554;7908670831920;Kit 02 Poltronas Stella Linho Preto A79 Base Madeira Liso;2023-07-25;;active;;Premium;Por conta do comprador;497;item;0;;;;
MLB3489446289;83205-70721;7908748109616;Poltrona Sala Elisa Base Metálica Industrial Dourado Corino Preto;2023-10-24;;active;;Premium;Por conta do comprador;1000;item;0;;;;
MLB1807823169;48002;;Kit 02 Poltronas Marisa Suede Base Industrial Metálica Preto;2021-02-26;;active;;Premium;Por conta do comprador;501;variation;1;;;77195749381;Cor: Bege
MLB1807823169;48002;;Kit 02 Poltronas Marisa Suede Base Industrial Metálica Preto;2021-02-26;;active;;Premium;Por conta do comprador;0;variation;1;;;77195749363;Cor: Verde Turquesa
MLB1807823169;48002;;Kit 02 Poltronas Marisa Suede Base Industrial Metálica Preto;2021-02-26;;active;;Premium;Por conta do comprador;0;variation;1;;;77195749531;Cor: Pink
MLB1807823169;48002;;Kit 02 Poltronas Marisa Suede Base Industrial Metálica Preto;2021-02-26;;active;;Premium;Por conta do comprador;0;variation;1;;;77195749537;Cor: Roxo
MLB1807823169;48002;;Kit 02 Poltronas Marisa Suede Base Industrial Metálica Preto;2021-02-26;;active;;Premium;Por conta do comprador;0;variation;1;;;77195749599;Cor: Azul royal
MLB1807823169;48002;;Kit 02 Poltronas Marisa Suede Base Industrial Metálica Preto;2021-02-26;;active;;Premium;Por conta do comprador;0;variation;1;;;77195749612;Cor: Terra
MLB1807823169;48002;;Kit 02 Poltronas Marisa Suede Base Industrial Metálica Preto;2021-02-26;;active;;Premium;Por conta do comprador;0;variation;1;;;77195749351;Cor: Amarelo
MLB1807823169;48002;;Kit 02 Poltronas Marisa Suede Base Industrial Metálica Preto;2021-02-26;;active;;Premium;Por conta do comprador;500;variation;1;;;77195749404;Cor: Azul-marinho
MLB1807823169;48002;;Kit 02 Poltronas Marisa Suede Base Industrial Metálica Preto;2021-02-26;;active;;Premium;Por conta do comprador;500;variation;1;;;77195749506;Cor: Cinza
MLB1807823169;48002;;Kit 02 Poltronas Marisa Suede Base Industrial Metálica Preto;2021-02-26;;active;;Premium;Por conta do comprador;500;variation;1;;;77195749481;Cor: Grafite
MLB1807823169;48002;;Kit 02 Poltronas Marisa Suede Base Industrial Metálica Preto;2021-02-26;;active;;Premium;Por conta do comprador;500;variation;1;;;77195749446;Cor: Marrom
MLB1807823169;48002;;Kit 02 Poltronas Marisa Suede Base Industrial Metálica Preto;2021-02-26;;active;;Premium;Por conta do comprador;500;variation;1;;;77195749524;Cor: Marrom rato
MLB1807823169;48002;;Kit 02 Poltronas Marisa Suede Base Industrial Metálica Preto;2021-02-26;;active;;Premium;Por conta do comprador;500;variation;1;;;77195749464;Cor: Preto
MLB1807823169;48002;;Kit 02 Poltronas Marisa Suede Base Industrial Metálica Preto;2021-02-26;;active;;Premium;Por conta do comprador;500;variation;1;;;77195749547;Cor: Rose
MLB1807823169;48002;;Kit 02 Poltronas Marisa Suede Base Industrial Metálica Preto;2021-02-26;;active;;Premium;Por conta do comprador;500;variation;1;;;77195749557;Cor: Rosa bebê
MLB1807823169;48002;;Kit 02 Poltronas Marisa Suede Base Industrial Metálica Preto;2021-02-26;;active;;Premium;Por conta do comprador;500;variation;1;;;77195749605;Cor: Verde
MLB3860898708;74214;7908575992375;Poltrona Sher Orgânica Costela Corano Nozes Pés De Ferro Preto - D'rossi Interiores;2023-08-01;;active;;Premium;Por conta do comprador;525;item;0;;;;
MLB2794157312;71943;7908575976573;Namoradeira 02 Lugares Stella Corano Preto Com Linho Cinza Branco Liso;2022-09-12;;active;;Premium;Por conta do comprador;318;item;0;;;;
MLB4736481566;93677-91693;;Cabeceira Cama Box Queen 160 Cm Garden Veludo S04 - D'rossi;2024-05-31;;active;;Classico;Frete gratis;1000;variation;1;;;182985216917;Cor: Bege
MLB4736481566;93677-91689;;Cabeceira Cama Box Queen 160 Cm Garden Veludo S04 - D'rossi;2024-05-31;;active;;Classico;Frete gratis;1000;variation;1;;;182985216913;Cor: Azul-marinho
MLB4736481566;93677-91691;;Cabeceira Cama Box Queen 160 Cm Garden Veludo S04 - D'rossi;2024-05-31;;active;;Classico;Frete gratis;1000;variation;1;;;182985216915;Cor: Cinza
MLB4736481566;93677-91695;;Cabeceira Cama Box Queen 160 Cm Garden Veludo S04 - D'rossi;2024-05-31;;active;;Classico;Frete gratis;1000;variation;1;;;182985216919;Cor: Cobre
MLB4736481566;93677-91697;;Cabeceira Cama Box Queen 160 Cm Garden Veludo S04 - D'rossi;2024-05-31;;active;;Classico;Frete gratis;1000;variation;1;;;182985216921;Cor: Marrom
MLB4736481566;93677-91699;;Cabeceira Cama Box Queen 160 Cm Garden Veludo S04 - D'rossi;2024-05-31;;active;;Classico;Frete gratis;1000;variation;1;;;182985216923;Cor: Prata
MLB4736481566;93677-91701;;Cabeceira Cama Box Queen 160 Cm Garden Veludo S04 - D'rossi;2024-05-31;;active;;Classico;Frete gratis;1000;variation;1;;;182985216925;Cor: Preto
MLB4736481566;93677-91703;;Cabeceira Cama Box Queen 160 Cm Garden Veludo S04 - D'rossi;2024-05-31;;active;;Classico;Frete gratis;1000;variation;1;;;182985216927;Cor: Rosa
MLB4736481566;93677-91705;;Cabeceira Cama Box Queen 160 Cm Garden Veludo S04 - D'rossi;2024-05-31;;active;;Classico;Frete gratis;1000;variation;1;;;182985216929;Cor: Uva
MLB4736481566;93677-91707;;Cabeceira Cama Box Queen 160 Cm Garden Veludo S04 - D'rossi;2024-05-31;;active;;Classico;Frete gratis;1000;variation;1;;;182985216931;Cor: Verde
MLB4736481566;93677-91709;;Cabeceira Cama Box Queen 160 Cm Garden Veludo S04 - D'rossi;2024-05-31;;active;;Classico;Frete gratis;1000;variation;1;;;182985216933;Cor: Vinho
MLB4736481566;93677-91711;;Cabeceira Cama Box Queen 160 Cm Garden Veludo S04 - D'rossi;2024-05-31;;active;;Classico;Frete gratis;1000;variation;1;;;182985216935;Cor: Lilás
MLB3717268837;92501;7908748126132;Cadeira Sala Jantar Base Madeira Pto Sofia Veludo Cinza Liso;2024-05-31;;active;;Classico;Por conta do comprador;1000;item;0;;;;
MLB3717267779;92481;7908748127252;Cadeira Sala Jantar Base Madeira Pto Kit 8 Sofia Lin Cinza Liso;2024-05-31;;active;;Classico;Por conta do comprador;125;item;0;;;;
MLB3693726613;71675;7908575975408;Sofá 2 Lugares 1 Poltrona Stella Pés Palito Natural Suede Marrom D03 - D'rossi Liso;2024-05-16;;active;;Premium;Por conta do comprador;164;item;0;;;;
MLB4202626464;83755-71117;7908748139880;Poltrona De Amamentação C/ Balanço Luna Suede Base Madeira Cor Verde;2023-11-14;;active;;Premium;Por conta do comprador;1;item;0;;;;
MLB4736418406;93703;;Cabeceira Cama Box King 195 Cm Garden Veludo S04 - D'rossi;2024-05-31;;active;;Classico;Por conta do comprador;1000;variation;1;;;182985305707;Cor: Bege
MLB4736418406;93703;;Cabeceira Cama Box King 195 Cm Garden Veludo S04 - D'rossi;2024-05-31;;active;;Classico;Por conta do comprador;1000;variation;1;;;182985305703;Cor: Azul-marinho
MLB4736418406;93703;;Cabeceira Cama Box King 195 Cm Garden Veludo S04 - D'rossi;2024-05-31;;active;;Classico;Por conta do comprador;1000;variation;1;;;182985305705;Cor: Cinza
MLB4736418406;93703;;Cabeceira Cama Box King 195 Cm Garden Veludo S04 - D'rossi;2024-05-31;;active;;Classico;Por conta do comprador;1000;variation;1;;;182985305709;Cor: Cobre
MLB4736418406;93703;;Cabeceira Cama Box King 195 Cm Garden Veludo S04 - D'rossi;2024-05-31;;active;;Classico;Por conta do comprador;1000;variation;1;;;182985305711;Cor: Marrom
MLB4736418406;93703;;Cabeceira Cama Box King 195 Cm Garden Veludo S04 - D'rossi;2024-05-31;;active;;Classico;Por conta do comprador;1000;variation;1;;;182985305713;Cor: Prata
MLB4736418406;93703;;Cabeceira Cama Box King 195 Cm Garden Veludo S04 - D'rossi;2024-05-31;;active;;Classico;Por conta do comprador;1000;variation;1;;;182985305715;Cor: Preto
MLB4736418406;93703;;Cabeceira Cama Box King 195 Cm Garden Veludo S04 - D'rossi;2024-05-31;;active;;Classico;Por conta do comprador;1000;variation;1;;;182985305717;Cor: Rosa
MLB4736418406;93703;;Cabeceira Cama Box King 195 Cm Garden Veludo S04 - D'rossi;2024-05-31;;active;;Classico;Por conta do comprador;1000;variation;1;;;182985305719;Cor: Uva
MLB4736418406;93703;;Cabeceira Cama Box King 195 Cm Garden Veludo S04 - D'rossi;2024-05-31;;active;;Classico;Por conta do comprador;1000;variation;1;;;182985305721;Cor: Verde
MLB4736418406;93703;;Cabeceira Cama Box King 195 Cm Garden Veludo S04 - D'rossi;2024-05-31;;active;;Classico;Por conta do comprador;1000;variation;1;;;182985305723;Cor: Vinho
MLB4736418406;93703;;Cabeceira Cama Box King 195 Cm Garden Veludo S04 - D'rossi;2024-05-31;;active;;Classico;Por conta do comprador;1000;variation;1;;;182985305725;Cor: Lilás
MLB3222888592;77731;;Balcão De Cozinha Lavanderia Com Tampo 01 Gaveta Vick;2023-02-22;;active;;Premium;Frete gratis;7;variation;1;;;176756081979;Cor: Branco
MLB3222888592;77731;;Balcão De Cozinha Lavanderia Com Tampo 01 Gaveta Vick;2023-02-22;;active;;Premium;Frete gratis;5;variation;1;;;176756081980;Cor: Branco e Preto
MLB3222888592;77731;;Balcão De Cozinha Lavanderia Com Tampo 01 Gaveta Vick;2023-02-22;;active;;Premium;Frete gratis;6;variation;1;;;176756081981;Cor: Castanho e Cinza
MLB3222888592;77731;;Balcão De Cozinha Lavanderia Com Tampo 01 Gaveta Vick;2023-02-22;;active;;Premium;Frete gratis;0;variation;1;;;176756081982;Cor: Castanho e Preto
MLB3222888592;77731;;Balcão De Cozinha Lavanderia Com Tampo 01 Gaveta Vick;2023-02-22;;active;;Premium;Frete gratis;2;variation;1;;;176756081983;Cor: Preto
MLB3222888592;77731;;Balcão De Cozinha Lavanderia Com Tampo 01 Gaveta Vick;2023-02-22;;active;;Premium;Frete gratis;0;variation;1;;;176756081984;Cor: Preto e Castanho
MLB4736712704;92211;7908748124718;Cadeira Sala De Jantar Base Madeira Preto Sofia Suede Bege Liso;2024-05-31;;active;;Classico;Frete gratis;1000;item;0;;;;
MLB3737446175;94607;7908847645084;Poltrona Recli Para Cinema 3 Lugares Sora Veludo Azul Claro Verde Liso;2024-06-12;;active;;Classico;Por conta do comprador;1000;item;0;;;;
MLB4736738910;92271;7908748125357;Cadeira Sala Jantar Base Madeira Pto Kit 4 Sofia Suede Verde Liso;2024-05-31;;active;;Classico;Por conta do comprador;250;item;0;;;;
MLB3717319205;92495;7908748127399;Cadeira Sala Jantar Base Madeira Pto Kit 10 Sofia Lin Pto Liso;2024-05-31;;active;;Classico;Por conta do comprador;100;item;0;;;;
MLB3717217299;92461;7908748127054;Cadeira Sala Jantar Base Madeira Pto Kit 4 Sofia Linho Cinza Liso;2024-05-31;;active;;Classico;Por conta do comprador;250;item;0;;;;
MLB4736649250;92299;7908748125678;Cadeira Sala Jantar Base Madeira Pto Kit 8 Sofia Suede Bege Liso;2024-05-31;;active;;Classico;Por conta do comprador;125;item;0;;;;
MLB4763835890;60921;7908477275774;Cabeceira Dubai Para Cama Box Queen 160 Cm Suede Azul;2024-06-07;;active;;Premium;Por conta do comprador;1000;item;0;;;;
MLB3717154557;93547;;Cabeceira Cama Box Casal 140 Cm Tania Veludo S04 - D'rossi;2024-05-31;;active;;Classico;Frete gratis;1000;variation;1;;;182985205695;Cor: Bege
MLB3717154557;93547;;Cabeceira Cama Box Casal 140 Cm Tania Veludo S04 - D'rossi;2024-05-31;;active;;Classico;Frete gratis;1000;variation;1;;;182985205691;Cor: Azul-marinho
MLB3717154557;93547;;Cabeceira Cama Box Casal 140 Cm Tania Veludo S04 - D'rossi;2024-05-31;;active;;Classico;Frete gratis;1000;variation;1;;;182985205693;Cor: Cinza
MLB3717154557;93547;;Cabeceira Cama Box Casal 140 Cm Tania Veludo S04 - D'rossi;2024-05-31;;active;;Classico;Frete gratis;1000;variation;1;;;182985205697;Cor: Cobre
MLB3717154557;93547;;Cabeceira Cama Box Casal 140 Cm Tania Veludo S04 - D'rossi;2024-05-31;;active;;Classico;Frete gratis;1000;variation;1;;;182985205699;Cor: Marrom
MLB3717154557;93547;;Cabeceira Cama Box Casal 140 Cm Tania Veludo S04 - D'rossi;2024-05-31;;active;;Classico;Frete gratis;1000;variation;1;;;182985205701;Cor: Prata
MLB3717154557;93547;;Cabeceira Cama Box Casal 140 Cm Tania Veludo S04 - D'rossi;2024-05-31;;active;;Classico;Frete gratis;1000;variation;1;;;182985205703;Cor: Preto
MLB3717154557;93547;;Cabeceira Cama Box Casal 140 Cm Tania Veludo S04 - D'rossi;2024-05-31;;active;;Classico;Frete gratis;1000;variation;1;;;182985205705;Cor: Rosa
MLB3717154557;93547;;Cabeceira Cama Box Casal 140 Cm Tania Veludo S04 - D'rossi;2024-05-31;;active;;Classico;Frete gratis;1000;variation;1;;;182985205707;Cor: Uva
MLB3717154557;93547;;Cabeceira Cama Box Casal 140 Cm Tania Veludo S04 - D'rossi;2024-05-31;;active;;Classico;Frete gratis;1000;variation;1;;;182985205709;Cor: Verde
MLB3717154557;93547;;Cabeceira Cama Box Casal 140 Cm Tania Veludo S04 - D'rossi;2024-05-31;;active;;Classico;Frete gratis;1000;variation;1;;;182985205711;Cor: Vinho
MLB3717154557;93547;;Cabeceira Cama Box Casal 140 Cm Tania Veludo S04 - D'rossi;2024-05-31;;active;;Classico;Frete gratis;1000;variation;1;;;182985205713;Cor: Lilás
MLB4736648932;92243;7908748125050;Cadeira Sala Jantar Base Madeira Pto Kit 2 Sofia Suede Preto Liso;2024-05-31;;active;;Classico;Por conta do comprador;498;item;0;;;;
MLB3717244849;92387;;Cadeira Sala De Jantar Madeira Preto Kit 10 Sofia Sintético;2024-05-31;;active;;Classico;Por conta do comprador;100;variation;1;;;182985702895;Cor: Bege
MLB3717244849;92387;;Cadeira Sala De Jantar Madeira Preto Kit 10 Sofia Sintético;2024-05-31;;active;;Classico;Por conta do comprador;100;variation;1;;;182985702897;Cor: Branco
MLB3717244849;92387;;Cadeira Sala De Jantar Madeira Preto Kit 10 Sofia Sintético;2024-05-31;;active;;Classico;Por conta do comprador;100;variation;1;;;182985702899;Cor: Preto
MLB3732111903;38839;7908274436279;Poltrona Sala Giratória Ma30 Kit 2 Stella Nozes/linho Bege Liso;2024-06-09;;active;;Premium;Por conta do comprador;498;item;0;;;;
MLB3717217325;92447;;Cadeira Sala De Jantar Base Madeira Preto Sofia Linho;2024-05-31;;active;;Classico;Frete gratis;1000;variation;1;;;180620460990;Cor: Bege
MLB3717217325;92447;;Cadeira Sala De Jantar Base Madeira Preto Sofia Linho;2024-05-31;;active;;Classico;Frete gratis;1000;variation;1;;;180620460992;Cor: Cinza
MLB3717217325;92447;;Cadeira Sala De Jantar Base Madeira Preto Sofia Linho;2024-05-31;;active;;Classico;Frete gratis;1012;variation;1;;;180620460994;Cor: Grafite
MLB3717217325;92447;;Cadeira Sala De Jantar Base Madeira Preto Sofia Linho;2024-05-31;;active;;Classico;Frete gratis;1000;variation;1;;;180620460996;Cor: Preto
MLB4440802230;24827;7890000231602;Puff Decorativo Londres Retangular Suede Grafite Com Strass;2024-02-11;;active;;Premium;Por conta do comprador;6;item;0;;;;
MLB3119302335;77243;7908670848805;Cabeceira Luna Para Cama Box Queen 160 Cm Corino Branco Branco;2023-01-09;;active;;Premium;Frete gratis;1000;item;0;;;;
MLB3668916581;83035-70577;7908748135868;Poltrona Sala Decorativa Kit 2 Stella Base Industrial Preto Bouclê Off White - D'rossi Liso;2024-04-24;;active;;Premium;Por conta do comprador;498;item;0;;;;
MLB1056755127;19735;7890000197359;Poltrona Decorativa Julia Suede Bege  - D'rossi Liso;2018-06-27;;active;;Premium;Por conta do comprador;1000;item;0;;;;
MLB3119457756;77233;7908670840748;Cabeceira Luna Para Cama Box Casal 140 Cm Corino Bege Bege;2023-01-09;;active;;Premium;Frete gratis;1000;item;0;;;;
MLB3463619587;83061;7908748136292;Puff Stella Bouclê Bege Base Madeira Castanho - D'rossi;2023-10-01;;active;;Premium;Frete gratis;256;item;0;;;;
MLB3611710707;72719;7908575979895;Sofá 2 Lugares 2 Poltronas Stella Base Giratória Ma30 Sintético Pu Branco D03 - D'rossi Liso;2024-03-01;;active;;Premium;Por conta do comprador;318;item;0;;;;
MLB2808638881;72719;7908575979895;01 Namoradeira E 02 Poltronas Giratória Stella Corano Branco Branco Liso;2022-09-21;;active;;Premium;Por conta do comprador;318;item;0;;;;
MLB1230937917;2874;7890000172301;Cadeira Eiffel Charles Eames Base Madeira Sala Jantar Branca Liso Be Branco;2019-05-15;;active;;Premium;Frete gratis;27;item;0;;;;
MLB949608545;4549;7908439217408;Poltrona Decorativa Julia Suede Rose Com Strass Rosa Liso;2017-12-13;;active;;Premium;Por conta do comprador;1000;item;0;;;;
MLB1342776685;35903;7908274422609;Poltrona Decorativa Shell Corino Bege Bege Liso;2019-10-16;;active;;Premium;Por conta do comprador;1000;item;0;;;;
MLB1113380229;1022;7890000170024;Bandeja Esteira Para Braço De Sofá Porta Copo Reto Azul Azul;2018-10-05;;active;;Premium;Por conta do comprador;15;item;0;;;;
MLB1059883729;4565;7908439217354;Poltrona Decorativa Julia Suede Preto Com Strass - D'rossi Preto Liso;2018-07-02;;active;;Premium;Por conta do comprador;1000;item;0;;;;
MLB3391762031;79077;7908670869688;Kit 2 Poltronas Stella Linho Preto Base Metálica Preto Liso;2023-07-27;;active;;Premium;Por conta do comprador;499;item;0;;;;
MLB4736757736;91373;7908847612260;Cabeceira Cama Box Casal 140 Cm Dubai Linho Dourado Dourado;2024-05-31;;active;;Premium;Frete gratis;1000;item;0;;;;
MLB2170082309;60727;7908477274869;Cabeceira Aquilla Para Cama Box Casal 140 Cm Suede Bege Bege;2022-02-08;;active;;Premium;Por conta do comprador;1000;item;0;;;;
MLB1315250463;35157;7908274415854;Sofá Cama 2 Lugares Para Sala De Estar Lisboa Suede Rosê Rosa Liso;2019-09-10;;active;;Premium;Por conta do comprador;277;item;0;;;;
MLB1034880548;6590;7908439207256;Kit 02 Poltronas Decorativa Stella Suede Marrom Pés Palito Marrom Liso;2018-05-22;;active;;Premium;Por conta do comprador;159;item;0;;;;
MLB3840814448;79025;7908670869435;Poltrona Stella Suede Marrom Rato Base Metálica Preto Liso;2023-07-27;;active;;Premium;Por conta do comprador;998;item;0;;;;
MLB3897675328;20146;7890000205221;Cadeira Eiffel Eames Vermelha D'rossi Cozinha Sala Jantar Madeira Castanho Vermelho;2023-08-14;;active;;Premium;Frete gratis;1;item;0;;;;
MLB3784071693;95737;;Painel Tv Suspenso 50 Polegada 120cm 2 Prateleiras Mercy;2024-07-18;;active;;Classico;Frete gratis;1;variation;1;;;183764577331;Cor: Branco
MLB3784071693;95737;;Painel Tv Suspenso 50 Polegada 120cm 2 Prateleiras Mercy;2024-07-18;;active;;Classico;Frete gratis;0;variation;1;;;183764577333;Cor: Preto
MLB3783346235;95923;;Poltrona Sala De Estar Decorativa Kit 2 Laguna Bouclê K01;2024-07-18;;active;;Premium;Frete gratis;500;variation;1;;;183757661801;Cor: Mostarda
MLB3783346235;95923;;Poltrona Sala De Estar Decorativa Kit 2 Laguna Bouclê K01;2024-07-18;;active;;Premium;Frete gratis;0;variation;1;;;183757661799;Cor: Cinza
MLB3783346235;95923;;Poltrona Sala De Estar Decorativa Kit 2 Laguna Bouclê K01;2024-07-18;;active;;Premium;Frete gratis;0;variation;1;;;183757661797;Cor: Bege
MLB3783346235;95923;;Poltrona Sala De Estar Decorativa Kit 2 Laguna Bouclê K01;2024-07-18;;active;;Premium;Frete gratis;5;variation;1;;;183757661803;Cor: Verde
MLB4834216462;75360;7908670800438;Poltrona Laguna Veludo Azul Marinho Pés Plástico Preto Liso;2024-06-27;;active;;Premium;Por conta do comprador;1000;item;0;;;;
MLB3891477032;53814;7908477223966;Sapateira Barcelona Armário Organizador Multiuso Barcelona Branco Diplany Ambientes;2023-08-10;;active;;Premium;Por conta do comprador;3;item;0;;;;
MLB3782965093;77501;7908670854370;Kit 4 Pés Palito Vintage 30cm Madeira D'rossi Poltrona Mesa Cadeira Bege;2024-07-18;;active;;Classico;Por conta do comprador;116;item;0;;;;
MLB4913935570;95433-94671;;Carrinho Gourmet Auxiliar P/ Cozinha 3 Prateleiras Zane Pto;2024-07-18;;active;;Classico;Por conta do comprador;1;variation;1;;;181121618990;Cor: Grafite
MLB4913935570;95433-94667;;Carrinho Gourmet Auxiliar P/ Cozinha 3 Prateleiras Zane Pto;2024-07-18;;active;;Classico;Por conta do comprador;0;variation;1;;;181121618986;Cor: Preto
MLB4913935570;95433-94669;;Carrinho Gourmet Auxiliar P/ Cozinha 3 Prateleiras Zane Pto;2024-07-18;;active;;Classico;Por conta do comprador;0;variation;1;;;181121618988;Cor: Freijó
MLB4913935570;95433-94665;;Carrinho Gourmet Auxiliar P/ Cozinha 3 Prateleiras Zane Pto;2024-07-18;;active;;Classico;Por conta do comprador;0;variation;1;;;181121618984;Cor: Branco
MLB4874285286;53266;7908477203104;Poltrona Tradicional D'rossi Premium Anitta Tela Corino Color Bege Liso;2024-07-09;;active;;Premium;Por conta do comprador;318;item;0;;;;
MLB1917711186;53814;7908477223966;Sapateira Multiuso Barcelona Branco - D'rossi Branco;2021-06-15;;active;;Premium;Por conta do comprador;3;item;0;;;;
MLB3540653835;85273;7908748162741;Kit 2 Poltronas Base Industrial Alta Marisa Corino Branco Branco Liso;2023-12-13;;active;;Premium;Por conta do comprador;500;item;0;;;;
MLB4646784720;77539;7908670854585;Armário Aéreo Cozinha D'rossi Agata Branco 2 Portas 100cm Mdp;2024-05-01;;active;;Classico;Frete gratis;7;item;0;;;;
MLB4763851084;61263;7908477285124;Cabeceira Tania Para Cama Box Queen 160 Cm Corino Branco;2024-06-07;;active;;Premium;Por conta do comprador;1000;item;0;;;;
MLB3364936307;41383;7908274484904;Mesa Para Computador Escrivaninha Porto 120cm Natura D'rossi Natura;2023-07-03;;active;;Premium;Frete gratis;7;item;0;;;;
MLB4927347840;90237;;Sofá 2 Lugares Namoradeira Industrial Preto Stella Linho;2024-07-22;;active;;Classico;Por conta do comprador;1001;variation;1;;;183827088251;Cor: A19 Bege
MLB4927347840;90237;;Sofá 2 Lugares Namoradeira Industrial Preto Stella Linho;2024-07-22;;active;;Classico;Por conta do comprador;1000;variation;1;;;183827088253;Cor: A05 Cinza
MLB4927347840;90237;;Sofá 2 Lugares Namoradeira Industrial Preto Stella Linho;2024-07-22;;active;;Classico;Por conta do comprador;1001;variation;1;;;183827088255;Cor: A26 Gafite
MLB4927347840;90237;;Sofá 2 Lugares Namoradeira Industrial Preto Stella Linho;2024-07-22;;active;;Classico;Por conta do comprador;1000;variation;1;;;183827088257;Cor: A79 Preto
MLB3207708526;77549;7908670854639;Armário Aéreo De Cozinha Lavanderia Agata Preto E Cinza Multicolorido;2023-02-16;;active;;Premium;Frete gratis;5;item;0;;;;
MLB4902852272;88703;7908847601271;Poltrona Base Industrial Dourado P/ Sala Lety Bouclê Bege Liso Dourado Bege;2024-07-16;;active;;Premium;Frete gratis;1000;item;0;;;;
MLB4202193436;77227;7908274476725;Cabeceira De Cama Box D'rossi Luna Solteiro 90cm X 128cm Corino Branca Branco;2023-11-14;;active;;Premium;Por conta do comprador;1;item;0;;;;
MLB3783587995;95509;;Armário De Cozinha Aéreo 70,5cm 2 Portas C/ Nicho Colin;2024-07-18;;active;;Classico;Frete gratis;2;variation;1;;;183760263143;Cor: Preto e Freijó
MLB3783587995;95509;;Armário De Cozinha Aéreo 70,5cm 2 Portas C/ Nicho Colin;2024-07-18;;active;;Classico;Frete gratis;0;variation;1;;;183760263135;Cor: Freijó e Branco
MLB3783587995;95509;;Armário De Cozinha Aéreo 70,5cm 2 Portas C/ Nicho Colin;2024-07-18;;active;;Classico;Frete gratis;0;variation;1;;;183760263137;Cor: Freijo e Grafite
MLB3783587995;95509;;Armário De Cozinha Aéreo 70,5cm 2 Portas C/ Nicho Colin;2024-07-18;;active;;Classico;Frete gratis;0;variation;1;;;183760263139;Cor: Freijó e Preto
MLB3783587995;95509;;Armário De Cozinha Aéreo 70,5cm 2 Portas C/ Nicho Colin;2024-07-18;;active;;Classico;Frete gratis;0;variation;1;;;183760263141;Cor: Grafite e Freijó
MLB3783587995;95509;;Armário De Cozinha Aéreo 70,5cm 2 Portas C/ Nicho Colin;2024-07-18;;active;;Classico;Frete gratis;0;variation;1;;;183760263133;Cor: Branco e Freijó
MLB4884527042;95485;;Armário 2 Portas Cantinho Do Café Rilary Para Cozinha;2024-07-11;;active;;Premium;Frete gratis;3;variation;1;;;183622059827;Cor: Preto e Freijó
MLB4884527042;95485;;Armário 2 Portas Cantinho Do Café Rilary Para Cozinha;2024-07-11;;active;;Premium;Frete gratis;0;variation;1;;;183622059819;Cor: Freijó e Branco
MLB4884527042;95485;;Armário 2 Portas Cantinho Do Café Rilary Para Cozinha;2024-07-11;;active;;Premium;Frete gratis;0;variation;1;;;183622059821;Cor: Freijo e Grafite
MLB4884527042;95485;;Armário 2 Portas Cantinho Do Café Rilary Para Cozinha;2024-07-11;;active;;Premium;Frete gratis;0;variation;1;;;183622059823;Cor: Freijó e Preto
MLB4884527042;95485;;Armário 2 Portas Cantinho Do Café Rilary Para Cozinha;2024-07-11;;active;;Premium;Frete gratis;0;variation;1;;;183622059825;Cor: Grafite e Freijó
MLB4884527042;95485;;Armário 2 Portas Cantinho Do Café Rilary Para Cozinha;2024-07-11;;active;;Premium;Frete gratis;0;variation;1;;;183622059817;Cor: Branco e Freijó
MLB3783288307;95925-94967;;Poltrona Sala De Estar Decorativa Orgânica Laguna Bouclê;2024-07-18;;active;;Premium;Por conta do comprador;1;variation;1;;;183757680701;Cor: Bege
MLB3783288307;95925-94973;;Poltrona Sala De Estar Decorativa Orgânica Laguna Bouclê;2024-07-18;;active;;Premium;Por conta do comprador;1;variation;1;;;183757680703;Cor: Cinza
MLB3783288307;95925-94969;;Poltrona Sala De Estar Decorativa Orgânica Laguna Bouclê;2024-07-18;;active;;Premium;Por conta do comprador;0;variation;1;;;183757680705;Cor: Mostarda
MLB3783288307;95925-94971;;Poltrona Sala De Estar Decorativa Orgânica Laguna Bouclê;2024-07-18;;active;;Premium;Por conta do comprador;11;variation;1;;;183757680707;Cor: Verde
MLB4859288354;95519;;Aparador Buffet Cantinho Do Café 70,5cm Marie;2024-07-04;;active;;Premium;Frete gratis;4;variation;1;;;183497735203;Cor: Branco
MLB4859288354;95519;;Aparador Buffet Cantinho Do Café 70,5cm Marie;2024-07-04;;active;;Premium;Frete gratis;0;variation;1;;;183497735207;Cor: Freijó
MLB4859288354;95519;;Aparador Buffet Cantinho Do Café 70,5cm Marie;2024-07-04;;active;;Premium;Frete gratis;0;variation;1;;;183497735209;Cor: Grafite
MLB4859288354;95519;;Aparador Buffet Cantinho Do Café 70,5cm Marie;2024-07-04;;active;;Premium;Frete gratis;0;variation;1;;;183497735211;Cor: Preto
MLB1367284240;32269;7908439204811;Conjunto Sofá Retrô E 02 Poltronas Elisa Suede Rosa Bebê Rosa Liso;2019-11-18;;active;;Premium;Por conta do comprador;106;item;0;;;;
MLB1690800778;42415;7908274492411;Puff Iron Suede Verde Base Palito D'rossi Verde;2020-10-22;;active;;Premium;Frete gratis;1000;item;0;;;;
MLB3663506503;42201;7908274490899;Recamier Barcelona Calçadeira Sued Preto Com Strass Tabaco;2024-04-19;;active;;Premium;Por conta do comprador;1000;item;0;;;;
MLB1714419995;43075;7908274498123;Banqueta Alta Lavínia Suede Rose Base Cobre D'rossi Rosa;2020-11-11;;active;;Premium;Por conta do comprador;1000;item;0;;;;
MLB3831870360;41517;7908274486625;Kit 02 Poltronas Giratória Giovana Suede Marrom Liso;2023-07-25;;active;;Premium;Por conta do comprador;500;item;0;;;;
MLB1717785961;40589;;Kit 02 Poltronas Giovana Suede Pés Palito Castanho D'rossi;2020-11-14;;active;;Premium;Por conta do comprador;125;variation;1;;;68160723432;Cor: Bege
MLB1717785961;40589;;Kit 02 Poltronas Giovana Suede Pés Palito Castanho D'rossi;2020-11-14;;active;;Premium;Por conta do comprador;0;variation;1;;;68160723446;Cor: Azul-turquesa
MLB1717785961;40589;;Kit 02 Poltronas Giovana Suede Pés Palito Castanho D'rossi;2020-11-14;;active;;Premium;Por conta do comprador;0;variation;1;;;68160723478;Cor: Roxo
MLB1717785961;40589;;Kit 02 Poltronas Giovana Suede Pés Palito Castanho D'rossi;2020-11-14;;active;;Premium;Por conta do comprador;0;variation;1;;;68160723488;Cor: Vinho
MLB1717785961;40589;;Kit 02 Poltronas Giovana Suede Pés Palito Castanho D'rossi;2020-11-14;;active;;Premium;Por conta do comprador;0;variation;1;;;68160723496;Cor: Azul Pavão
MLB1717785961;40589;;Kit 02 Poltronas Giovana Suede Pés Palito Castanho D'rossi;2020-11-14;;active;;Premium;Por conta do comprador;0;variation;1;;;68160723505;Cor: Caramelo sisal
MLB1717785961;40589;;Kit 02 Poltronas Giovana Suede Pés Palito Castanho D'rossi;2020-11-14;;active;;Premium;Por conta do comprador;0;variation;1;;;68160723439;Cor: Verde Turquesa
MLB1717785961;40589;;Kit 02 Poltronas Giovana Suede Pés Palito Castanho D'rossi;2020-11-14;;active;;Premium;Por conta do comprador;125;variation;1;;;68160723443;Cor: Azul-marinho
MLB1717785961;40589;;Kit 02 Poltronas Giovana Suede Pés Palito Castanho D'rossi;2020-11-14;;active;;Premium;Por conta do comprador;125;variation;1;;;68160723464;Cor: Cinza
MLB1717785961;40589;;Kit 02 Poltronas Giovana Suede Pés Palito Castanho D'rossi;2020-11-14;;active;;Premium;Por conta do comprador;125;variation;1;;;68160723459;Cor: Grafite
MLB1717785961;40589;;Kit 02 Poltronas Giovana Suede Pés Palito Castanho D'rossi;2020-11-14;;active;;Premium;Por conta do comprador;125;variation;1;;;68160723450;Cor: Marrom
MLB1717785961;40589;;Kit 02 Poltronas Giovana Suede Pés Palito Castanho D'rossi;2020-11-14;;active;;Premium;Por conta do comprador;125;variation;1;;;79831401570;Cor: Marrom rato
MLB1717785961;40589;;Kit 02 Poltronas Giovana Suede Pés Palito Castanho D'rossi;2020-11-14;;active;;Premium;Por conta do comprador;125;variation;1;;;68160723448;Cor: Preto
MLB1717785961;40589;;Kit 02 Poltronas Giovana Suede Pés Palito Castanho D'rossi;2020-11-14;;active;;Premium;Por conta do comprador;125;variation;1;;;68160723483;Cor: Rose
MLB1717785961;40589;;Kit 02 Poltronas Giovana Suede Pés Palito Castanho D'rossi;2020-11-14;;active;;Premium;Por conta do comprador;125;variation;1;;;68160723500;Cor: Rosa bebê
MLB1717785961;40589;;Kit 02 Poltronas Giovana Suede Pés Palito Castanho D'rossi;2020-11-14;;active;;Premium;Por conta do comprador;125;variation;1;;;68160723513;Cor: Verde
MLB1717785961;40589;;Kit 02 Poltronas Giovana Suede Pés Palito Castanho D'rossi;2020-11-14;;active;;Premium;Por conta do comprador;0;variation;1;;;68160723454;Cor: Branco
MLB3895143654;6860;7908439206839;Poltrona Decorativa Nina Suede Grafite Com Encosto Alto Cor Cinza-escuro Desenho Do Tecido Liso;2023-08-12;;active;;Premium;Por conta do comprador;1000;item;0;;;;
MLB1370854483;37391;;Kit Namoradeira 02 Lugares E 02 Poltronas Julia Suede;2019-11-22;;active;;Premium;Por conta do comprador;500;variation;1;;;46823479539;Cor: Bege
MLB1370854483;37391;;Kit Namoradeira 02 Lugares E 02 Poltronas Julia Suede;2019-11-22;;active;;Premium;Por conta do comprador;0;variation;1;;;46823479530;Cor: Amarelo
MLB1370854483;37391;;Kit Namoradeira 02 Lugares E 02 Poltronas Julia Suede;2019-11-22;;active;;Premium;Por conta do comprador;500;variation;1;;;56165188608;Cor: Azul-marinho
MLB1370854483;37391;;Kit Namoradeira 02 Lugares E 02 Poltronas Julia Suede;2019-11-22;;active;;Premium;Por conta do comprador;0;variation;1;;;46823479534;Cor: Azul Pavão
MLB1370854483;37391;;Kit Namoradeira 02 Lugares E 02 Poltronas Julia Suede;2019-11-22;;active;;Premium;Por conta do comprador;0;variation;1;;;46823479537;Cor: Azul tiffany
MLB1370854483;37391;;Kit Namoradeira 02 Lugares E 02 Poltronas Julia Suede;2019-11-22;;active;;Premium;Por conta do comprador;0;variation;1;;;46823479546;Cor: Caramelo sisal
MLB1370854483;37391;;Kit Namoradeira 02 Lugares E 02 Poltronas Julia Suede;2019-11-22;;active;;Premium;Por conta do comprador;500;variation;1;;;46823479551;Cor: Cinza
MLB1370854483;37391;;Kit Namoradeira 02 Lugares E 02 Poltronas Julia Suede;2019-11-22;;active;;Premium;Por conta do comprador;500;variation;1;;;46823479556;Cor: Grafite
MLB1370854483;37391;;Kit Namoradeira 02 Lugares E 02 Poltronas Julia Suede;2019-11-22;;active;;Premium;Por conta do comprador;0;variation;1;;;46823479559;Cor: Laranja
MLB1370854483;37391;;Kit Namoradeira 02 Lugares E 02 Poltronas Julia Suede;2019-11-22;;active;;Premium;Por conta do comprador;500;variation;1;;;46823479563;Cor: Marrom
MLB1370854483;37391;;Kit Namoradeira 02 Lugares E 02 Poltronas Julia Suede;2019-11-22;;active;;Premium;Por conta do comprador;500;variation;1;;;46823479568;Cor: Marrom rato
MLB1370854483;37391;;Kit Namoradeira 02 Lugares E 02 Poltronas Julia Suede;2019-11-22;;active;;Premium;Por conta do comprador;0;variation;1;;;46823479578;Cor: Pink
MLB1370854483;37391;;Kit Namoradeira 02 Lugares E 02 Poltronas Julia Suede;2019-11-22;;active;;Premium;Por conta do comprador;500;variation;1;;;46823479586;Cor: Preto
MLB1370854483;37391;;Kit Namoradeira 02 Lugares E 02 Poltronas Julia Suede;2019-11-22;;active;;Premium;Por conta do comprador;0;variation;1;;;46823479591;Cor: Rosa Barbie
MLB1370854483;37391;;Kit Namoradeira 02 Lugares E 02 Poltronas Julia Suede;2019-11-22;;active;;Premium;Por conta do comprador;500;variation;1;;;46823479596;Cor: Rosa bebê
MLB1370854483;37391;;Kit Namoradeira 02 Lugares E 02 Poltronas Julia Suede;2019-11-22;;active;;Premium;Por conta do comprador;500;variation;1;;;46823479599;Cor: Rose
MLB1370854483;37391;;Kit Namoradeira 02 Lugares E 02 Poltronas Julia Suede;2019-11-22;;active;;Premium;Por conta do comprador;0;variation;1;;;46823479602;Cor: Roxo
MLB1370854483;37391;;Kit Namoradeira 02 Lugares E 02 Poltronas Julia Suede;2019-11-22;;active;;Premium;Por conta do comprador;0;variation;1;;;46823479605;Cor: Verde Tiffany
MLB1370854483;37391;;Kit Namoradeira 02 Lugares E 02 Poltronas Julia Suede;2019-11-22;;active;;Premium;Por conta do comprador;0;variation;1;;;46823479617;Cor: Vermelho
MLB1370854483;37391;;Kit Namoradeira 02 Lugares E 02 Poltronas Julia Suede;2019-11-22;;active;;Premium;Por conta do comprador;0;variation;1;;;46823479625;Cor: Vinho
MLB1742753766;44576;7908103721705;Cachepot Raposa Rosê Em Cerâmica 12 X 16cm D'rossi Rosa;2020-12-16;;active;;Premium;Frete gratis;2;item;0;;;;
MLB3860845500;32299;7908439204682;Conjunto Sofá Retrô E 02 Poltronas Elisa Suede Azul Marinho Liso;2023-08-01;;active;;Premium;Por conta do comprador;106;item;0;;;;
MLB1619151173;40405;;Cabeceira Luna Para Cama Box Solteiro 90 Cm Corino D'rossi;2020-08-05;;active;;Premium;Frete gratis;1000;variation;1;;;61402054800;Cor: Corino Bege
MLB1619151173;40405;;Cabeceira Luna Para Cama Box Solteiro 90 Cm Corino D'rossi;2020-08-05;;active;;Premium;Frete gratis;1;variation;1;;;61402054804;Cor: Corino Branco
MLB1619151173;40405;;Cabeceira Luna Para Cama Box Solteiro 90 Cm Corino D'rossi;2020-08-05;;active;;Premium;Frete gratis;1000;variation;1;;;180986197663;Cor: Preto
MLB1673579785;41967;7908274489121;Sofá Retrô Baú Grécia 195 Cm Namoradeira Calçadeira Bege Bege;2020-10-02;;active;;Premium;Por conta do comprador;1000;item;0;;;;
MLB1725037927;42971;7908274498635;Banqueta Alta Lavínia Suede Verde Base Preto Verde;2020-11-23;;active;;Premium;Por conta do comprador;1000;item;0;;;;
MLB1725363392;43696;;Mesa Lateral Multiuso Para Sofá Tampo Branco Base Em Aço;2020-11-23;;active;;Premium;Frete gratis;13;variation;1;;;69055102325;Cor: Bronze
MLB1725363392;43696;;Mesa Lateral Multiuso Para Sofá Tampo Branco Base Em Aço;2020-11-23;;active;;Premium;Frete gratis;413;variation;1;;;69055102330;Cor: Dourado
MLB1725363392;43696;;Mesa Lateral Multiuso Para Sofá Tampo Branco Base Em Aço;2020-11-23;;active;;Premium;Frete gratis;85;variation;1;;;69055102334;Cor: Preto
MLB1731800623;44412;7908477257602;Sousplast Redondo Natal 35cm Mesa Posta Bandeja Prata Prateado Natal;2020-12-01;;active;;Premium;Por conta do comprador;3;item;0;;;;
MLB3265890229;58357;7908477258944;Cabeceira Casal D'rossi Rubi 140cm Madeira Corino Branco Cama Box Branco;2023-03-23;;active;;Premium;Frete gratis;1000;item;0;;;;
MLB1351819611;36741;7908274422418;Puff Elisa Suede Cinza Pés Palito - D'rossi Cinza;2019-10-28;;active;;Premium;Por conta do comprador;318;item;0;;;;
MLB1738412101;44588;7908103718217;Cachepot Pendente Em Vidro 80 X 20cm D'rossi Branco Liso;2020-12-10;;active;;Premium;Por conta do comprador;3;item;0;;;;
MLB1725142812;43145;7908274499946;Conjunto 02 Banquetas Lavínia Sued Rose Base Preto Rose;2020-11-23;;active;;Premium;Por conta do comprador;1000;item;0;;;;
MLB4616263952;43550;7890000429061;Pack 2 Banquetas Pietra Drossi Com Encosto Em Suede Azul Marinho E Base Dourada;2024-04-19;;active;;Premium;Por conta do comprador;500;item;0;;;;
MLB1831179709;29421;7908439205344;Poltrona Decorativa Giratória Gran Elisa Suede Marrom Rato Bege Liso;2021-03-22;;active;;Premium;Por conta do comprador;1000;item;0;;;;
MLB3739757682;41113;7908274484348;Cadeira Giratória Elen D'rossi Preto Base Madeira Escritório Polipropileno;2023-06-23;;active;;Premium;Frete gratis;7;item;0;;;;
MLB1752137321;45198;7899949701986;Quadro E Cofre Mapa Do Mundo D'rossi Preto;2020-12-29;;active;;Premium;Por conta do comprador;1;item;0;;;;
MLB4803603498;61397;7908477286572;Cabeceira Verona Para Cama Box Solteiro 90 Cm Corino Bege;2024-06-19;;active;;Premium;Por conta do comprador;1000;item;0;;;;
MLB3533465197;84927;7908748147717;Sofá C/ 2 Poltronas Base De Madeira Fixa Preto Corino Bege Bege Liso;2023-12-06;;active;;Premium;Por conta do comprador;498;item;0;;;;
MLB1854026055;48736;7908439266147;Kit 2 Poltronas E 1 Namoradeira Stella Linho A26 Pés Palito Cinza Liso;2021-04-13;;active;;Premium;Por conta do comprador;98;item;0;;;;
MLB1752264380;45212;7899949705250;Quadro Lousa Decorativo Cupcake D'rossi Preto;2020-12-29;;active;;Premium;Por conta do comprador;10;item;0;;;;
MLB1854301982;2472;7908439228756;Cabeceira C/ Baú Itália Box Casal 1,95 Suede Amassado Bege Bege;2021-04-13;;active;;Premium;Frete gratis;1000;item;0;;;;
MLB3054993402;76804;;Poltrona Sala Decorativa Stella Kit 02 Suede Base Industrial;2022-12-14;;active;;Premium;Frete gratis;503;variation;1;;;176126634765;Cor: Bege
MLB3054993402;76804;;Poltrona Sala Decorativa Stella Kit 02 Suede Base Industrial;2022-12-14;;active;;Premium;Frete gratis;504;variation;1;;;176126634766;Cor: Azul-marinho
MLB3054993402;76804;;Poltrona Sala Decorativa Stella Kit 02 Suede Base Industrial;2022-12-14;;active;;Premium;Frete gratis;0;variation;1;;;176126634767;Cor: Azul-turquesa
MLB3054993402;76804;;Poltrona Sala Decorativa Stella Kit 02 Suede Base Industrial;2022-12-14;;active;;Premium;Frete gratis;499;variation;1;;;176126634768;Cor: Cinza
MLB3054993402;76804;;Poltrona Sala Decorativa Stella Kit 02 Suede Base Industrial;2022-12-14;;active;;Premium;Frete gratis;500;variation;1;;;176126634769;Cor: Grafite
MLB3054993402;76804;;Poltrona Sala Decorativa Stella Kit 02 Suede Base Industrial;2022-12-14;;active;;Premium;Frete gratis;500;variation;1;;;176126634770;Cor: Marrom
MLB3054993402;76804;;Poltrona Sala Decorativa Stella Kit 02 Suede Base Industrial;2022-12-14;;active;;Premium;Frete gratis;499;variation;1;;;176126634771;Cor: Marrom rato
MLB3054993402;76804;;Poltrona Sala Decorativa Stella Kit 02 Suede Base Industrial;2022-12-14;;active;;Premium;Frete gratis;500;variation;1;;;176126634772;Cor: Preto
MLB3054993402;76804;;Poltrona Sala Decorativa Stella Kit 02 Suede Base Industrial;2022-12-14;;active;;Premium;Frete gratis;500;variation;1;;;176126634773;Cor: Rosa bebê
MLB3054993402;76804;;Poltrona Sala Decorativa Stella Kit 02 Suede Base Industrial;2022-12-14;;active;;Premium;Frete gratis;500;variation;1;;;176126634774;Cor: Rose
MLB3054993402;76804;;Poltrona Sala Decorativa Stella Kit 02 Suede Base Industrial;2022-12-14;;active;;Premium;Frete gratis;500;variation;1;;;176126634775;Cor: Verde
MLB4806269904;83641;7908748131471;Poltrona Sala Decorativa Elisa Corano Nozes Base Metálica Preta Kit 2 - D'rossi Marrom Liso;2024-06-20;;active;;Premium;Por conta do comprador;503;item;0;;;;
MLB3579786061;47548;7908439251051;Namoradeira Marisa Suede Azul Marinho Base Preto D'rossi Liso;2024-01-26;;active;;Premium;Por conta do comprador;1000;item;0;;;;
MLB1825616048;49600;7908477228282;Kit 02 Poltronas Stella Suede Preto Pés Palito Natural Preto Liso;2021-03-17;;active;;Premium;Por conta do comprador;164;item;0;;;;
MLB1824657615;50126;7908439261128;Namoradeira Marisa Suede Marrom Rato Pés Palito Natural Bege Liso;2021-03-16;;active;;Premium;Por conta do comprador;328;item;0;;;;
MLB3748633977;61611;7908477286008;Cabeceira Garden Para Cama Box King 195 Cm Corino Branco;2024-06-19;;active;;Classico;Por conta do comprador;1000;item;0;;;;
MLB1784202288;46626;7908439245708;Kit Poltrona E Puff Costela Couro Marrom Base De Metal Marrom Liso;2021-02-01;;active;;Premium;Por conta do comprador;1;item;0;;;;
MLB2185339295;61353;;Cabeceira Vicenza Para Cama Box Solteiro 90 Cm Suede;2022-02-22;;active;;Premium;Frete gratis;1000;variation;1;;;174229878896;Cor: Bege
MLB2185339295;61353;;Cabeceira Vicenza Para Cama Box Solteiro 90 Cm Suede;2022-02-22;;active;;Premium;Frete gratis;1000;variation;1;;;174229878895;Cor: Azul-marinho
MLB2185339295;61353;;Cabeceira Vicenza Para Cama Box Solteiro 90 Cm Suede;2022-02-22;;active;;Premium;Frete gratis;1000;variation;1;;;174229878897;Cor: Café
MLB2185339295;61353;;Cabeceira Vicenza Para Cama Box Solteiro 90 Cm Suede;2022-02-22;;active;;Premium;Frete gratis;1000;variation;1;;;174229878898;Cor: Caramelo
MLB2185339295;61353;;Cabeceira Vicenza Para Cama Box Solteiro 90 Cm Suede;2022-02-22;;active;;Premium;Frete gratis;1000;variation;1;;;174229878899;Cor: Cinza
MLB2185339295;61353;;Cabeceira Vicenza Para Cama Box Solteiro 90 Cm Suede;2022-02-22;;active;;Premium;Frete gratis;1000;variation;1;;;174229878900;Cor: Preto
MLB1785108637;46636;7908439245692;Puff Costela Couro Bege Base Metal D'rossi Bege;2021-02-02;;active;;Premium;Frete gratis;57;item;0;;;;
MLB1784183805;46618;7908439245654;Poltrona Costela Couro Bege Base De Metal - D'rossi Bege Liso;2021-02-01;;active;;Premium;Por conta do comprador;28;item;0;;;;
MLB3533501503;84903;7908748147502;Kit 2 Poltronas Base De Madeira Fixa Preto Corino Bege Bege Liso;2023-12-06;;active;;Premium;Por conta do comprador;498;item;0;;;;
MLB1825870678;49112;7908439270151;Poltrona Stella Linho Grafite A26 Pés Palito Natural D'rossi Cinza Liso;2021-03-17;;active;;Premium;Por conta do comprador;317;item;0;;;;
MLB4931747996;83237-70745;7908748109852;Kit Sofá E 2 Poltronas Elisa Corino Base Industrial Dourado Cor Preto Liso;2024-07-23;;active;;Premium;Por conta do comprador;500;item;0;;;;
MLB3814035317;92833;7908847620067;Cabeceira Cama Box Queen 160 Cm Verona Veludo Vinho -d'rossi Vinho;2024-08-13;;active;;Premium;Por conta do comprador;1000;item;0;;;;
MLB4927334488;101002;7908847668588;Suporte Microondas Forno Armário Cozinha 2 Nichos Zain 80cm;2024-07-22;;active;;Premium;Frete gratis;3;item;0;;;;
MLB4957180842;97383;;Poltrona Decorativa Pé De Ferro Dourado Stella Bouclê;2024-07-29;;active;;Premium;Por conta do comprador;272;variation;1;;;183953903353;Cor: Bege | Desenho do tecido: Texturizado
MLB4957180842;97383;;Poltrona Decorativa Pé De Ferro Dourado Stella Bouclê;2024-07-29;;active;;Premium;Por conta do comprador;274;variation;1;;;183953903341;Cor: Azul | Desenho do tecido: Texturizado
MLB4957180842;97383;;Poltrona Decorativa Pé De Ferro Dourado Stella Bouclê;2024-07-29;;active;;Premium;Por conta do comprador;274;variation;1;;;183953903343;Cor: Cinza | Desenho do tecido: Texturizado
MLB4957180842;97383;;Poltrona Decorativa Pé De Ferro Dourado Stella Bouclê;2024-07-29;;active;;Premium;Por conta do comprador;274;variation;1;;;183953903359;Cor: Terra | Desenho do tecido: Texturizado
MLB4957180842;97383;;Poltrona Decorativa Pé De Ferro Dourado Stella Bouclê;2024-07-29;;active;;Premium;Por conta do comprador;274;variation;1;;;183953903345;Cor: Verde Pistache | Desenho do tecido: Texturizado
MLB4957180842;97383;;Poltrona Decorativa Pé De Ferro Dourado Stella Bouclê;2024-07-29;;active;;Premium;Por conta do comprador;274;variation;1;;;183953903357;Cor: Off white | Desenho do tecido: Texturizado
MLB4957180842;97383;;Poltrona Decorativa Pé De Ferro Dourado Stella Bouclê;2024-07-29;;active;;Premium;Por conta do comprador;274;variation;1;;;183953903355;Cor: Grafite | Desenho do tecido: Texturizado
MLB4957180842;97383;;Poltrona Decorativa Pé De Ferro Dourado Stella Bouclê;2024-07-29;;active;;Premium;Por conta do comprador;274;variation;1;;;183953903347;Cor: Mostarda | Desenho do tecido: Texturizado
MLB4957180842;97383;;Poltrona Decorativa Pé De Ferro Dourado Stella Bouclê;2024-07-29;;active;;Premium;Por conta do comprador;274;variation;1;;;183953903349;Cor: Rose | Desenho do tecido: Texturizado
MLB4957180842;97383;;Poltrona Decorativa Pé De Ferro Dourado Stella Bouclê;2024-07-29;;active;;Premium;Por conta do comprador;274;variation;1;;;183953903351;Cor: Verde | Desenho do tecido: Texturizado
MLB4957180842;97383;;Poltrona Decorativa Pé De Ferro Dourado Stella Bouclê;2024-07-29;;active;;Premium;Por conta do comprador;0;variation;1;;;183953903361;Cor: Verde menta | Desenho do tecido: Texturizado
MLB3789611513;96327;;Sofá Ilha 3 Lugares Living 312cm Modulado Sala Lary Veludo;2024-07-23;;active;;Classico;Por conta do comprador;1000;variation;1;;;183844436867;Cor: Preto | Desenho do tecido: Liso
MLB3789611513;96327;;Sofá Ilha 3 Lugares Living 312cm Modulado Sala Lary Veludo;2024-07-23;;active;;Classico;Por conta do comprador;1000;variation;1;;;183844436869;Cor: Bege | Desenho do tecido: Liso
MLB3789611513;96327;;Sofá Ilha 3 Lugares Living 312cm Modulado Sala Lary Veludo;2024-07-23;;active;;Classico;Por conta do comprador;1000;variation;1;;;183844436871;Cor: Vermelho | Desenho do tecido: Liso
MLB3789611513;96327;;Sofá Ilha 3 Lugares Living 312cm Modulado Sala Lary Veludo;2024-07-23;;active;;Classico;Por conta do comprador;1000;variation;1;;;183844436873;Cor: Verde | Desenho do tecido: Liso
MLB3789611513;96327;;Sofá Ilha 3 Lugares Living 312cm Modulado Sala Lary Veludo;2024-07-23;;active;;Classico;Por conta do comprador;1000;variation;1;;;183844436875;Cor: Rose | Desenho do tecido: Liso
MLB3789611513;96327;;Sofá Ilha 3 Lugares Living 312cm Modulado Sala Lary Veludo;2024-07-23;;active;;Classico;Por conta do comprador;1000;variation;1;;;183844436877;Cor: Cinza | Desenho do tecido: Liso
MLB3789611513;96327;;Sofá Ilha 3 Lugares Living 312cm Modulado Sala Lary Veludo;2024-07-23;;active;;Classico;Por conta do comprador;1000;variation;1;;;183844436879;Cor: Azul-marinho | Desenho do tecido: Liso
MLB4991790502;98027;;Poltrona Sala Base Madeira Fixa Castanho Kit 2 Elisa Bouclê;2024-08-12;;active;;Classico;Por conta do comprador;500;variation;1;;;184213790911;Cor: Bege | Desenho do tecido: Texturizado
MLB4991790502;98027;;Poltrona Sala Base Madeira Fixa Castanho Kit 2 Elisa Bouclê;2024-08-12;;active;;Classico;Por conta do comprador;500;variation;1;;;184213790909;Cor: Azul | Desenho do tecido: Texturizado
MLB4991790502;98027;;Poltrona Sala Base Madeira Fixa Castanho Kit 2 Elisa Bouclê;2024-08-12;;active;;Classico;Por conta do comprador;500;variation;1;;;184213790913;Cor: Cinza | Desenho do tecido: Texturizado
MLB4991790502;98027;;Poltrona Sala Base Madeira Fixa Castanho Kit 2 Elisa Bouclê;2024-08-12;;active;;Classico;Por conta do comprador;500;variation;1;;;184213790915;Cor: Grafite | Desenho do tecido: Texturizado
MLB4991790502;98027;;Poltrona Sala Base Madeira Fixa Castanho Kit 2 Elisa Bouclê;2024-08-12;;active;;Classico;Por conta do comprador;500;variation;1;;;184213790917;Cor: Verde Pistache | Desenho do tecido: Texturizado
MLB4991790502;98027;;Poltrona Sala Base Madeira Fixa Castanho Kit 2 Elisa Bouclê;2024-08-12;;active;;Classico;Por conta do comprador;500;variation;1;;;184213790919;Cor: Mostarda | Desenho do tecido: Texturizado
MLB4991790502;98027;;Poltrona Sala Base Madeira Fixa Castanho Kit 2 Elisa Bouclê;2024-08-12;;active;;Classico;Por conta do comprador;500;variation;1;;;184213790921;Cor: Off white | Desenho do tecido: Texturizado
MLB4991790502;98027;;Poltrona Sala Base Madeira Fixa Castanho Kit 2 Elisa Bouclê;2024-08-12;;active;;Classico;Por conta do comprador;500;variation;1;;;184213790923;Cor: Rose | Desenho do tecido: Texturizado
MLB4991790502;98027;;Poltrona Sala Base Madeira Fixa Castanho Kit 2 Elisa Bouclê;2024-08-12;;active;;Classico;Por conta do comprador;500;variation;1;;;184213790925;Cor: Terra | Desenho do tecido: Texturizado
MLB4991790502;98027;;Poltrona Sala Base Madeira Fixa Castanho Kit 2 Elisa Bouclê;2024-08-12;;active;;Classico;Por conta do comprador;500;variation;1;;;184213790927;Cor: Verde | Desenho do tecido: Texturizado
MLB4991790502;98027;;Poltrona Sala Base Madeira Fixa Castanho Kit 2 Elisa Bouclê;2024-08-12;;active;;Classico;Por conta do comprador;0;variation;1;;;184213790929;Cor: Verde menta | Desenho do tecido: Texturizado
MLB4985537922;95825;;Suporte Microondas Forno Armário Nicho 60 Cm Suspenso Thai;2024-08-09;;active;;Premium;Frete gratis;5;variation;1;;;184164243453;Cor: Branco
MLB4985537922;95825;;Suporte Microondas Forno Armário Nicho 60 Cm Suspenso Thai;2024-08-09;;active;;Premium;Frete gratis;5;variation;1;;;184164243455;Cor: Marrom
MLB4985537922;95825;;Suporte Microondas Forno Armário Nicho 60 Cm Suspenso Thai;2024-08-09;;active;;Premium;Frete gratis;4;variation;1;;;184164243457;Cor: Grafite
MLB4985537922;95825;;Suporte Microondas Forno Armário Nicho 60 Cm Suspenso Thai;2024-08-09;;active;;Premium;Frete gratis;13;variation;1;;;184164243459;Cor: Preto
MLB4957193686;97407;;Poltrona Decorativa Pé Ferro Dourado Kit 2 Stella Bouclê;2024-07-29;;active;;Premium;Por conta do comprador;137;variation;1;;;183953867485;Cor: Azul | Desenho do tecido: Texturizado
MLB4957193686;97407;;Poltrona Decorativa Pé Ferro Dourado Kit 2 Stella Bouclê;2024-07-29;;active;;Premium;Por conta do comprador;137;variation;1;;;183953867487;Cor: Cinza | Desenho do tecido: Texturizado
MLB4957193686;97407;;Poltrona Decorativa Pé Ferro Dourado Kit 2 Stella Bouclê;2024-07-29;;active;;Premium;Por conta do comprador;137;variation;1;;;183953867489;Cor: Verde Pistache | Desenho do tecido: Texturizado
MLB4957193686;97407;;Poltrona Decorativa Pé Ferro Dourado Kit 2 Stella Bouclê;2024-07-29;;active;;Premium;Por conta do comprador;137;variation;1;;;183953867491;Cor: Mostarda | Desenho do tecido: Texturizado
MLB4957193686;97407;;Poltrona Decorativa Pé Ferro Dourado Kit 2 Stella Bouclê;2024-07-29;;active;;Premium;Por conta do comprador;137;variation;1;;;183953867493;Cor: Rose | Desenho do tecido: Texturizado
MLB4957193686;97407;;Poltrona Decorativa Pé Ferro Dourado Kit 2 Stella Bouclê;2024-07-29;;active;;Premium;Por conta do comprador;137;variation;1;;;183953867495;Cor: Verde | Desenho do tecido: Texturizado
MLB4957193686;97407;;Poltrona Decorativa Pé Ferro Dourado Kit 2 Stella Bouclê;2024-07-29;;active;;Premium;Por conta do comprador;136;variation;1;;;183953867497;Cor: Bege | Desenho do tecido: Texturizado
MLB4957193686;97407;;Poltrona Decorativa Pé Ferro Dourado Kit 2 Stella Bouclê;2024-07-29;;active;;Premium;Por conta do comprador;137;variation;1;;;183953867499;Cor: Grafite | Desenho do tecido: Texturizado
MLB4957193686;97407;;Poltrona Decorativa Pé Ferro Dourado Kit 2 Stella Bouclê;2024-07-29;;active;;Premium;Por conta do comprador;137;variation;1;;;183953867501;Cor: Off white | Desenho do tecido: Texturizado
MLB4957193686;97407;;Poltrona Decorativa Pé Ferro Dourado Kit 2 Stella Bouclê;2024-07-29;;active;;Premium;Por conta do comprador;137;variation;1;;;183953867503;Cor: Terra | Desenho do tecido: Texturizado
MLB4957193686;97407;;Poltrona Decorativa Pé Ferro Dourado Kit 2 Stella Bouclê;2024-07-29;;active;;Premium;Por conta do comprador;0;variation;1;;;183953867505;Cor: Verde menta | Desenho do tecido: Texturizado
MLB3797099507;97527;;Poltrona Decorativa Pé De Ferro Preto Kit 2 Stella Bouclê;2024-07-29;;active;;Classico;Por conta do comprador;123;variation;1;;;183953164779;Cor: Bege | Desenho do tecido: Texturizado
MLB3797099507;97527;;Poltrona Decorativa Pé De Ferro Preto Kit 2 Stella Bouclê;2024-07-29;;active;;Classico;Por conta do comprador;133;variation;1;;;183953164769;Cor: Cinza | Desenho do tecido: Texturizado
MLB3797099507;97527;;Poltrona Decorativa Pé De Ferro Preto Kit 2 Stella Bouclê;2024-07-29;;active;;Classico;Por conta do comprador;133;variation;1;;;183953164771;Cor: Verde Pistache | Desenho do tecido: Texturizado
MLB3797099507;97527;;Poltrona Decorativa Pé De Ferro Preto Kit 2 Stella Bouclê;2024-07-29;;active;;Classico;Por conta do comprador;133;variation;1;;;183953164773;Cor: Mostarda | Desenho do tecido: Texturizado
MLB3797099507;97527;;Poltrona Decorativa Pé De Ferro Preto Kit 2 Stella Bouclê;2024-07-29;;active;;Classico;Por conta do comprador;133;variation;1;;;183953164775;Cor: Rose | Desenho do tecido: Texturizado
MLB3797099507;97527;;Poltrona Decorativa Pé De Ferro Preto Kit 2 Stella Bouclê;2024-07-29;;active;;Classico;Por conta do comprador;133;variation;1;;;183953164777;Cor: Verde | Desenho do tecido: Texturizado
MLB3797099507;97527;;Poltrona Decorativa Pé De Ferro Preto Kit 2 Stella Bouclê;2024-07-29;;active;;Classico;Por conta do comprador;133;variation;1;;;183953164781;Cor: Grafite | Desenho do tecido: Texturizado
MLB3797099507;97527;;Poltrona Decorativa Pé De Ferro Preto Kit 2 Stella Bouclê;2024-07-29;;active;;Classico;Por conta do comprador;133;variation;1;;;183953164783;Cor: Off white | Desenho do tecido: Texturizado
MLB3797099507;97527;;Poltrona Decorativa Pé De Ferro Preto Kit 2 Stella Bouclê;2024-07-29;;active;;Classico;Por conta do comprador;133;variation;1;;;183953164785;Cor: Terra | Desenho do tecido: Texturizado
MLB3796808349;90151;;Sofá Namoradeira E 2 Poltronas Industrial Dour Stella Bouclê;2024-07-29;;active;;Premium;Por conta do comprador;500;variation;1;;;181218688396;Cor: Azul | Desenho do tecido: Texturizado
MLB3796808349;90151;;Sofá Namoradeira E 2 Poltronas Industrial Dour Stella Bouclê;2024-07-29;;active;;Premium;Por conta do comprador;500;variation;1;;;181218688398;Cor: Cinza | Desenho do tecido: Texturizado
MLB3796808349;90151;;Sofá Namoradeira E 2 Poltronas Industrial Dour Stella Bouclê;2024-07-29;;active;;Premium;Por conta do comprador;499;variation;1;;;181218688400;Cor: Verde Pistache | Desenho do tecido: Texturizado
MLB3796808349;90151;;Sofá Namoradeira E 2 Poltronas Industrial Dour Stella Bouclê;2024-07-29;;active;;Premium;Por conta do comprador;499;variation;1;;;181218688402;Cor: Mostarda | Desenho do tecido: Texturizado
MLB3796808349;90151;;Sofá Namoradeira E 2 Poltronas Industrial Dour Stella Bouclê;2024-07-29;;active;;Premium;Por conta do comprador;500;variation;1;;;181218688404;Cor: Rose | Desenho do tecido: Texturizado
MLB3796808349;90151;;Sofá Namoradeira E 2 Poltronas Industrial Dour Stella Bouclê;2024-07-29;;active;;Premium;Por conta do comprador;500;variation;1;;;181218688406;Cor: Verde | Desenho do tecido: Texturizado
MLB3796808349;90151;;Sofá Namoradeira E 2 Poltronas Industrial Dour Stella Bouclê;2024-07-29;;active;;Premium;Por conta do comprador;502;variation;1;;;181218688408;Cor: Bege | Desenho do tecido: Texturizado
MLB3796808349;90151;;Sofá Namoradeira E 2 Poltronas Industrial Dour Stella Bouclê;2024-07-29;;active;;Premium;Por conta do comprador;0;variation;1;;;181218688410;Cor: Verde menta | Desenho do tecido: Texturizado
MLB3796808349;90151;;Sofá Namoradeira E 2 Poltronas Industrial Dour Stella Bouclê;2024-07-29;;active;;Premium;Por conta do comprador;500;variation;1;;;181218688412;Cor: Grafite | Desenho do tecido: Texturizado
MLB3796808349;90151;;Sofá Namoradeira E 2 Poltronas Industrial Dour Stella Bouclê;2024-07-29;;active;;Premium;Por conta do comprador;498;variation;1;;;181218688414;Cor: Off white | Desenho do tecido: Texturizado
MLB3796808349;90151;;Sofá Namoradeira E 2 Poltronas Industrial Dour Stella Bouclê;2024-07-29;;active;;Premium;Por conta do comprador;500;variation;1;;;181218688416;Cor: Terra | Desenho do tecido: Texturizado
MLB3807962691;98701;7908847693023;Cadeira Poltrona Stella Corano Nozes C/ Linho Bege Pé Palito Liso Nozes E Bege;2024-08-07;;active;;Premium;Frete gratis;317;item;0;;;;
MLB4991780164;;;Sofá Namoradeira Base Madeira Fixa Castanho Elisa Bouclê;2024-08-12;;active;;Premium;Por conta do comprador;1000;variation;1;;;184213944305;Cor: Bege | Desenho do tecido: Texturizado
MLB4991780164;;;Sofá Namoradeira Base Madeira Fixa Castanho Elisa Bouclê;2024-08-12;;active;;Premium;Por conta do comprador;1000;variation;1;;;184213944303;Cor: Azul | Desenho do tecido: Texturizado
MLB4991780164;;;Sofá Namoradeira Base Madeira Fixa Castanho Elisa Bouclê;2024-08-12;;active;;Premium;Por conta do comprador;1000;variation;1;;;184213944307;Cor: Cinza | Desenho do tecido: Texturizado
MLB4991780164;;;Sofá Namoradeira Base Madeira Fixa Castanho Elisa Bouclê;2024-08-12;;active;;Premium;Por conta do comprador;1000;variation;1;;;184213944309;Cor: Grafite | Desenho do tecido: Texturizado
MLB4991780164;;;Sofá Namoradeira Base Madeira Fixa Castanho Elisa Bouclê;2024-08-12;;active;;Premium;Por conta do comprador;1000;variation;1;;;184213944311;Cor: Verde Pistache | Desenho do tecido: Texturizado
MLB4991780164;;;Sofá Namoradeira Base Madeira Fixa Castanho Elisa Bouclê;2024-08-12;;active;;Premium;Por conta do comprador;1000;variation;1;;;184213944313;Cor: Mostarda | Desenho do tecido: Texturizado
MLB4991780164;;;Sofá Namoradeira Base Madeira Fixa Castanho Elisa Bouclê;2024-08-12;;active;;Premium;Por conta do comprador;1000;variation;1;;;184213944315;Cor: Off white | Desenho do tecido: Texturizado
MLB4991780164;;;Sofá Namoradeira Base Madeira Fixa Castanho Elisa Bouclê;2024-08-12;;active;;Premium;Por conta do comprador;1000;variation;1;;;184213944317;Cor: Rose | Desenho do tecido: Texturizado
MLB4991780164;;;Sofá Namoradeira Base Madeira Fixa Castanho Elisa Bouclê;2024-08-12;;active;;Premium;Por conta do comprador;1000;variation;1;;;184213944319;Cor: Terra | Desenho do tecido: Texturizado
MLB4991780164;;;Sofá Namoradeira Base Madeira Fixa Castanho Elisa Bouclê;2024-08-12;;active;;Premium;Por conta do comprador;1000;variation;1;;;184213944321;Cor: Verde | Desenho do tecido: Texturizado
MLB4994919608;97763;;Poltrona Sala De Estar Base Industrial Dourado Elisa Bouclê;2024-08-13;;active;;Premium;Por conta do comprador;1000;variation;1;;;181352329806;Cor: Bege | Desenho do tecido: Texturizado
MLB4994919608;97763;;Poltrona Sala De Estar Base Industrial Dourado Elisa Bouclê;2024-08-13;;active;;Premium;Por conta do comprador;1000;variation;1;;;181352329804;Cor: Azul | Desenho do tecido: Texturizado
MLB4994919608;97763;;Poltrona Sala De Estar Base Industrial Dourado Elisa Bouclê;2024-08-13;;active;;Premium;Por conta do comprador;1000;variation;1;;;181352329808;Cor: Cinza | Desenho do tecido: Texturizado
MLB4994919608;97763;;Poltrona Sala De Estar Base Industrial Dourado Elisa Bouclê;2024-08-13;;active;;Premium;Por conta do comprador;1000;variation;1;;;181352329810;Cor: Grafite | Desenho do tecido: Texturizado
MLB4994919608;97763;;Poltrona Sala De Estar Base Industrial Dourado Elisa Bouclê;2024-08-13;;active;;Premium;Por conta do comprador;1000;variation;1;;;181352329812;Cor: Verde Pistache | Desenho do tecido: Texturizado
MLB4994919608;97763;;Poltrona Sala De Estar Base Industrial Dourado Elisa Bouclê;2024-08-13;;active;;Premium;Por conta do comprador;1000;variation;1;;;181352329814;Cor: Mostarda | Desenho do tecido: Texturizado
MLB4994919608;97763;;Poltrona Sala De Estar Base Industrial Dourado Elisa Bouclê;2024-08-13;;active;;Premium;Por conta do comprador;1000;variation;1;;;181352329816;Cor: Off white | Desenho do tecido: Texturizado
MLB4994919608;97763;;Poltrona Sala De Estar Base Industrial Dourado Elisa Bouclê;2024-08-13;;active;;Premium;Por conta do comprador;1000;variation;1;;;181352329818;Cor: Rose | Desenho do tecido: Texturizado
MLB4994919608;97763;;Poltrona Sala De Estar Base Industrial Dourado Elisa Bouclê;2024-08-13;;active;;Premium;Por conta do comprador;1000;variation;1;;;181352329820;Cor: Terra | Desenho do tecido: Texturizado
MLB4994919608;97763;;Poltrona Sala De Estar Base Industrial Dourado Elisa Bouclê;2024-08-13;;active;;Premium;Por conta do comprador;1000;variation;1;;;181352329822;Cor: Verde | Desenho do tecido: Texturizado
MLB4994919608;97763;;Poltrona Sala De Estar Base Industrial Dourado Elisa Bouclê;2024-08-13;;active;;Premium;Por conta do comprador;0;variation;1;;;181352329824;Cor: Verde menta | Desenho do tecido: Texturizado
MLB3797555073;67547;7908575936096;Kit 02 Poltronas Stella Corano Preto Com Linho Areia A27 Colorido Liso;2024-07-30;;active;;Premium;Por conta do comprador;164;item;0;;;;
MLB3797084957;97551;;Sofá 2 Lugares Namoradeira Pé Ferro Preto Stella Bouclê;2024-07-29;;active;;Premium;Por conta do comprador;267;variation;1;;;181219817482;Cor: Azul | Desenho do tecido: Texturizado
MLB3797084957;97551;;Sofá 2 Lugares Namoradeira Pé Ferro Preto Stella Bouclê;2024-07-29;;active;;Premium;Por conta do comprador;247;variation;1;;;181219817484;Cor: Bege | Desenho do tecido: Texturizado
MLB3797084957;97551;;Sofá 2 Lugares Namoradeira Pé Ferro Preto Stella Bouclê;2024-07-29;;active;;Premium;Por conta do comprador;267;variation;1;;;181219817486;Cor: Cinza | Desenho do tecido: Texturizado
MLB3797084957;97551;;Sofá 2 Lugares Namoradeira Pé Ferro Preto Stella Bouclê;2024-07-29;;active;;Premium;Por conta do comprador;267;variation;1;;;181219817488;Cor: Grafite | Desenho do tecido: Texturizado
MLB3797084957;97551;;Sofá 2 Lugares Namoradeira Pé Ferro Preto Stella Bouclê;2024-07-29;;active;;Premium;Por conta do comprador;267;variation;1;;;181219817490;Cor: Verde Pistache | Desenho do tecido: Texturizado
MLB3797084957;97551;;Sofá 2 Lugares Namoradeira Pé Ferro Preto Stella Bouclê;2024-07-29;;active;;Premium;Por conta do comprador;267;variation;1;;;181219817492;Cor: Mostarda | Desenho do tecido: Texturizado
MLB3797084957;97551;;Sofá 2 Lugares Namoradeira Pé Ferro Preto Stella Bouclê;2024-07-29;;active;;Premium;Por conta do comprador;267;variation;1;;;181219817494;Cor: Off white | Desenho do tecido: Texturizado
MLB3797084957;97551;;Sofá 2 Lugares Namoradeira Pé Ferro Preto Stella Bouclê;2024-07-29;;active;;Premium;Por conta do comprador;267;variation;1;;;181219817496;Cor: Rose | Desenho do tecido: Texturizado
MLB3797084957;97551;;Sofá 2 Lugares Namoradeira Pé Ferro Preto Stella Bouclê;2024-07-29;;active;;Premium;Por conta do comprador;267;variation;1;;;181219817498;Cor: Terra | Desenho do tecido: Texturizado
MLB3797084957;97551;;Sofá 2 Lugares Namoradeira Pé Ferro Preto Stella Bouclê;2024-07-29;;active;;Premium;Por conta do comprador;267;variation;1;;;181219817500;Cor: Verde | Desenho do tecido: Texturizado
MLB3797084957;97551;;Sofá 2 Lugares Namoradeira Pé Ferro Preto Stella Bouclê;2024-07-29;;active;;Premium;Por conta do comprador;0;variation;1;;;181219817502;Cor: Verde menta | Desenho do tecido: Texturizado
MLB4991828428;98027;;Poltrona Sala Base Madeira Fixa Castanho Kit 2 Elisa Bouclê;2024-08-12;;active;;Premium;Por conta do comprador;500;variation;1;;;184213775565;Cor: Bege | Desenho do tecido: Texturizado
MLB4991828428;98027;;Poltrona Sala Base Madeira Fixa Castanho Kit 2 Elisa Bouclê;2024-08-12;;active;;Premium;Por conta do comprador;500;variation;1;;;184213775563;Cor: Azul | Desenho do tecido: Texturizado
MLB4991828428;98027;;Poltrona Sala Base Madeira Fixa Castanho Kit 2 Elisa Bouclê;2024-08-12;;active;;Premium;Por conta do comprador;500;variation;1;;;184213775567;Cor: Cinza | Desenho do tecido: Texturizado
MLB4991828428;98027;;Poltrona Sala Base Madeira Fixa Castanho Kit 2 Elisa Bouclê;2024-08-12;;active;;Premium;Por conta do comprador;500;variation;1;;;184213775569;Cor: Grafite | Desenho do tecido: Texturizado
MLB4991828428;98027;;Poltrona Sala Base Madeira Fixa Castanho Kit 2 Elisa Bouclê;2024-08-12;;active;;Premium;Por conta do comprador;500;variation;1;;;184213775571;Cor: Verde Pistache | Desenho do tecido: Texturizado
MLB4991828428;98027;;Poltrona Sala Base Madeira Fixa Castanho Kit 2 Elisa Bouclê;2024-08-12;;active;;Premium;Por conta do comprador;500;variation;1;;;184213775573;Cor: Mostarda | Desenho do tecido: Texturizado
MLB4991828428;98027;;Poltrona Sala Base Madeira Fixa Castanho Kit 2 Elisa Bouclê;2024-08-12;;active;;Premium;Por conta do comprador;500;variation;1;;;184213775575;Cor: Off white | Desenho do tecido: Texturizado
MLB4991828428;98027;;Poltrona Sala Base Madeira Fixa Castanho Kit 2 Elisa Bouclê;2024-08-12;;active;;Premium;Por conta do comprador;500;variation;1;;;184213775577;Cor: Rose | Desenho do tecido: Texturizado
MLB4991828428;98027;;Poltrona Sala Base Madeira Fixa Castanho Kit 2 Elisa Bouclê;2024-08-12;;active;;Premium;Por conta do comprador;500;variation;1;;;184213775579;Cor: Terra | Desenho do tecido: Texturizado
MLB4991828428;98027;;Poltrona Sala Base Madeira Fixa Castanho Kit 2 Elisa Bouclê;2024-08-12;;active;;Premium;Por conta do comprador;500;variation;1;;;184213775581;Cor: Verde | Desenho do tecido: Texturizado
MLB4991828428;98027;;Poltrona Sala Base Madeira Fixa Castanho Kit 2 Elisa Bouclê;2024-08-12;;active;;Premium;Por conta do comprador;0;variation;1;;;184213775583;Cor: Verde menta | Desenho do tecido: Texturizado
MLB3797018653;97503;;Poltrona Sala Decorativa Pé De Ferro Preto Stella Bouclê;2024-07-29;;active;;Premium;Por conta do comprador;247;variation;1;;;183952985349;Cor: Bege
MLB3797018653;97503;;Poltrona Sala Decorativa Pé De Ferro Preto Stella Bouclê;2024-07-29;;active;;Premium;Por conta do comprador;267;variation;1;;;183952985355;Cor: Terra
MLB3797018653;97503;;Poltrona Sala Decorativa Pé De Ferro Preto Stella Bouclê;2024-07-29;;active;;Premium;Por conta do comprador;267;variation;1;;;183952985339;Cor: Cinza
MLB3797018653;97503;;Poltrona Sala Decorativa Pé De Ferro Preto Stella Bouclê;2024-07-29;;active;;Premium;Por conta do comprador;267;variation;1;;;185244203209;Cor: Verde Pistache
MLB3797018653;97503;;Poltrona Sala Decorativa Pé De Ferro Preto Stella Bouclê;2024-07-29;;active;;Premium;Por conta do comprador;267;variation;1;;;183952985347;Cor: Verde
MLB3797018653;97503;;Poltrona Sala Decorativa Pé De Ferro Preto Stella Bouclê;2024-07-29;;active;;Premium;Por conta do comprador;267;variation;1;;;183952985351;Cor: Grafite
MLB3797018653;97503;;Poltrona Sala Decorativa Pé De Ferro Preto Stella Bouclê;2024-07-29;;active;;Premium;Por conta do comprador;267;variation;1;;;183952985343;Cor: Mostarda
MLB3797018653;97503;;Poltrona Sala Decorativa Pé De Ferro Preto Stella Bouclê;2024-07-29;;active;;Premium;Por conta do comprador;267;variation;1;;;183952985345;Cor: Rose
MLB3797018653;97503;;Poltrona Sala Decorativa Pé De Ferro Preto Stella Bouclê;2024-07-29;;active;;Premium;Por conta do comprador;267;variation;1;;;183952985353;Cor: Off white
MLB3797072221;97527;;Poltrona Decorativa Stella Kit 2 Bouclê Pé De Ferro Preto;2024-07-29;;active;;Premium;Por conta do comprador;123;variation;1;;;181219805026;Cor: Bege | Desenho do tecido: Texturizado
MLB3797072221;97527;;Poltrona Decorativa Stella Kit 2 Bouclê Pé De Ferro Preto;2024-07-29;;active;;Premium;Por conta do comprador;133;variation;1;;;181219805016;Cor: Cinza | Desenho do tecido: Texturizado
MLB3797072221;97527;;Poltrona Decorativa Stella Kit 2 Bouclê Pé De Ferro Preto;2024-07-29;;active;;Premium;Por conta do comprador;133;variation;1;;;181219805018;Cor: Verde Pistache | Desenho do tecido: Texturizado
MLB3797072221;97527;;Poltrona Decorativa Stella Kit 2 Bouclê Pé De Ferro Preto;2024-07-29;;active;;Premium;Por conta do comprador;133;variation;1;;;181219805020;Cor: Mostarda | Desenho do tecido: Texturizado
MLB3797072221;97527;;Poltrona Decorativa Stella Kit 2 Bouclê Pé De Ferro Preto;2024-07-29;;active;;Premium;Por conta do comprador;133;variation;1;;;181219805022;Cor: Rose | Desenho do tecido: Texturizado
MLB3797072221;97527;;Poltrona Decorativa Stella Kit 2 Bouclê Pé De Ferro Preto;2024-07-29;;active;;Premium;Por conta do comprador;133;variation;1;;;181219805024;Cor: Verde | Desenho do tecido: Texturizado
MLB3797072221;97527;;Poltrona Decorativa Stella Kit 2 Bouclê Pé De Ferro Preto;2024-07-29;;active;;Premium;Por conta do comprador;133;variation;1;;;181219805028;Cor: Grafite | Desenho do tecido: Texturizado
MLB3797072221;97527;;Poltrona Decorativa Stella Kit 2 Bouclê Pé De Ferro Preto;2024-07-29;;active;;Premium;Por conta do comprador;133;variation;1;;;181219805030;Cor: Off white | Desenho do tecido: Texturizado
MLB3797072221;97527;;Poltrona Decorativa Stella Kit 2 Bouclê Pé De Ferro Preto;2024-07-29;;active;;Premium;Por conta do comprador;133;variation;1;;;181219805032;Cor: Terra | Desenho do tecido: Texturizado
MLB4960080988;97431;;Sofá Namoradeira 2 Lugares Pé Ferro Dourado Stella Bouclê;2024-07-30;;active;;Classico;Por conta do comprador;274;variation;1;;;181230907472;Cor: Azul | Desenho do tecido: Texturizado
MLB4960080988;97431;;Sofá Namoradeira 2 Lugares Pé Ferro Dourado Stella Bouclê;2024-07-30;;active;;Classico;Por conta do comprador;272;variation;1;;;181230907474;Cor: Bege | Desenho do tecido: Texturizado
MLB4960080988;97431;;Sofá Namoradeira 2 Lugares Pé Ferro Dourado Stella Bouclê;2024-07-30;;active;;Classico;Por conta do comprador;274;variation;1;;;181230907476;Cor: Cinza | Desenho do tecido: Texturizado
MLB4960080988;97431;;Sofá Namoradeira 2 Lugares Pé Ferro Dourado Stella Bouclê;2024-07-30;;active;;Classico;Por conta do comprador;274;variation;1;;;181230907478;Cor: Grafite | Desenho do tecido: Texturizado
MLB4960080988;97431;;Sofá Namoradeira 2 Lugares Pé Ferro Dourado Stella Bouclê;2024-07-30;;active;;Classico;Por conta do comprador;274;variation;1;;;181230907480;Cor: Verde Pistache | Desenho do tecido: Texturizado
MLB4960080988;97431;;Sofá Namoradeira 2 Lugares Pé Ferro Dourado Stella Bouclê;2024-07-30;;active;;Classico;Por conta do comprador;274;variation;1;;;181230907482;Cor: Mostarda | Desenho do tecido: Texturizado
MLB4960080988;97431;;Sofá Namoradeira 2 Lugares Pé Ferro Dourado Stella Bouclê;2024-07-30;;active;;Classico;Por conta do comprador;274;variation;1;;;181230907484;Cor: Off white | Desenho do tecido: Texturizado
MLB4960080988;97431;;Sofá Namoradeira 2 Lugares Pé Ferro Dourado Stella Bouclê;2024-07-30;;active;;Classico;Por conta do comprador;274;variation;1;;;181230907486;Cor: Rose | Desenho do tecido: Texturizado
MLB4960080988;97431;;Sofá Namoradeira 2 Lugares Pé Ferro Dourado Stella Bouclê;2024-07-30;;active;;Classico;Por conta do comprador;274;variation;1;;;181230907488;Cor: Terra | Desenho do tecido: Texturizado
MLB4960080988;97431;;Sofá Namoradeira 2 Lugares Pé Ferro Dourado Stella Bouclê;2024-07-30;;active;;Classico;Por conta do comprador;274;variation;1;;;181230907490;Cor: Verde | Desenho do tecido: Texturizado
MLB3797008517;97503;;Poltrona Decorativa Pé De Ferro Preto Stella Bouclê;2024-07-29;;active;;Classico;Por conta do comprador;247;variation;1;;;181219826056;Cor: Bege | Desenho do tecido: Texturizado
MLB3797008517;97503;;Poltrona Decorativa Pé De Ferro Preto Stella Bouclê;2024-07-29;;active;;Classico;Por conta do comprador;267;variation;1;;;181219826062;Cor: Terra | Desenho do tecido: Texturizado
MLB3797008517;97503;;Poltrona Decorativa Pé De Ferro Preto Stella Bouclê;2024-07-29;;active;;Classico;Por conta do comprador;267;variation;1;;;181219826046;Cor: Cinza | Desenho do tecido: Texturizado
MLB3797008517;97503;;Poltrona Decorativa Pé De Ferro Preto Stella Bouclê;2024-07-29;;active;;Classico;Por conta do comprador;267;variation;1;;;181219826054;Cor: Verde | Desenho do tecido: Texturizado
MLB3797008517;97503;;Poltrona Decorativa Pé De Ferro Preto Stella Bouclê;2024-07-29;;active;;Classico;Por conta do comprador;267;variation;1;;;181219826058;Cor: Grafite | Desenho do tecido: Texturizado
MLB3797008517;97503;;Poltrona Decorativa Pé De Ferro Preto Stella Bouclê;2024-07-29;;active;;Classico;Por conta do comprador;267;variation;1;;;181219826050;Cor: Mostarda | Desenho do tecido: Texturizado
MLB3797008517;97503;;Poltrona Decorativa Pé De Ferro Preto Stella Bouclê;2024-07-29;;active;;Classico;Por conta do comprador;267;variation;1;;;181219826052;Cor: Rose | Desenho do tecido: Texturizado
MLB3797008517;97503;;Poltrona Decorativa Pé De Ferro Preto Stella Bouclê;2024-07-29;;active;;Classico;Por conta do comprador;267;variation;1;;;181219826060;Cor: Off white | Desenho do tecido: Texturizado
MLB3870511585;100957;;Cadeira Sala De Jantar Industrial Preto Kit 2 Stella Suede;2024-10-07;;active;;Premium;Frete gratis;127;variation;1;;;181857754004;Cor: Bege
MLB3870511585;100957;;Cadeira Sala De Jantar Industrial Preto Kit 2 Stella Suede;2024-10-07;;active;;Premium;Frete gratis;506;variation;1;;;181857754002;Cor: Azul Marinho
MLB3870511585;100957;;Cadeira Sala De Jantar Industrial Preto Kit 2 Stella Suede;2024-10-07;;active;;Premium;Frete gratis;499;variation;1;;;181857754006;Cor: Cinza
MLB3870511585;100957;;Cadeira Sala De Jantar Industrial Preto Kit 2 Stella Suede;2024-10-07;;active;;Premium;Frete gratis;500;variation;1;;;181857754008;Cor: Grafite
MLB3870511585;100957;;Cadeira Sala De Jantar Industrial Preto Kit 2 Stella Suede;2024-10-07;;active;;Premium;Frete gratis;500;variation;1;;;181857754010;Cor: Marrom
MLB3870511585;100957;;Cadeira Sala De Jantar Industrial Preto Kit 2 Stella Suede;2024-10-07;;active;;Premium;Frete gratis;499;variation;1;;;181857754012;Cor: Marrom Rato
MLB3870511585;100957;;Cadeira Sala De Jantar Industrial Preto Kit 2 Stella Suede;2024-10-07;;active;;Premium;Frete gratis;500;variation;1;;;181857754014;Cor: Preto
MLB3870511585;100957;;Cadeira Sala De Jantar Industrial Preto Kit 2 Stella Suede;2024-10-07;;active;;Premium;Frete gratis;500;variation;1;;;181857754016;Cor: Rosa Bebê
MLB3870511585;100957;;Cadeira Sala De Jantar Industrial Preto Kit 2 Stella Suede;2024-10-07;;active;;Premium;Frete gratis;500;variation;1;;;181857754018;Cor: Rose
MLB3870511585;100957;;Cadeira Sala De Jantar Industrial Preto Kit 2 Stella Suede;2024-10-07;;active;;Premium;Frete gratis;500;variation;1;;;181857754020;Cor: Verde
MLB5105071438;100967;;Cadeira Sala De Jantar Industrial Preto Stella Sintético;2024-10-07;;active;;Classico;Frete gratis;254;variation;1;;;185319656635;Cor: Bege
MLB5105071438;100967;;Cadeira Sala De Jantar Industrial Preto Stella Sintético;2024-10-07;;active;;Classico;Frete gratis;1000;variation;1;;;185319656637;Cor: Branco
MLB5105071438;100967;;Cadeira Sala De Jantar Industrial Preto Stella Sintético;2024-10-07;;active;;Classico;Frete gratis;1000;variation;1;;;185319656639;Cor: Preto
MLB5104401964;100941;;Cadeira Sala De Jantar Industrial Dourada Stella Noz/linho;2024-10-07;;active;;Premium;Frete gratis;1010;variation;1;;;181856010066;Cor: Bege
MLB5104401964;100941;;Cadeira Sala De Jantar Industrial Dourada Stella Noz/linho;2024-10-07;;active;;Premium;Frete gratis;1000;variation;1;;;181856010068;Cor: Cinza
MLB5104401964;100941;;Cadeira Sala De Jantar Industrial Dourada Stella Noz/linho;2024-10-07;;active;;Premium;Frete gratis;1000;variation;1;;;181856010070;Cor: Grafite
MLB5104401964;100941;;Cadeira Sala De Jantar Industrial Dourada Stella Noz/linho;2024-10-07;;active;;Premium;Frete gratis;1000;variation;1;;;181856010072;Cor: Preto
MLB5105417570;100885;;Cadeira Sala De Jantar Giratória Ma30 Stella Bouclê;2024-10-07;;active;;Premium;Frete gratis;997;variation;1;;;185322607185;Cor: Bege
MLB5105417570;100885;;Cadeira Sala De Jantar Giratória Ma30 Stella Bouclê;2024-10-07;;active;;Premium;Frete gratis;1000;variation;1;;;185322607187;Cor: Grafite
MLB5105417570;100885;;Cadeira Sala De Jantar Giratória Ma30 Stella Bouclê;2024-10-07;;active;;Premium;Frete gratis;996;variation;1;;;185322607189;Cor: Off White
MLB5105417570;100885;;Cadeira Sala De Jantar Giratória Ma30 Stella Bouclê;2024-10-07;;active;;Premium;Frete gratis;1000;variation;1;;;185322607191;Cor: Terra
MLB3868988593;100923-100785;;Cadeira Sala De Jantar Industrial Dourado Kit 2 Stella Suede;2024-10-04;;active;;Premium;Por conta do comprador;499;variation;1;;;181839331632;Cor: Bege
MLB3868988593;100923-100783;;Cadeira Sala De Jantar Industrial Dourado Kit 2 Stella Suede;2024-10-04;;active;;Premium;Por conta do comprador;506;variation;1;;;181839331630;Cor: Azul Marinho
MLB3868988593;100923-100787;;Cadeira Sala De Jantar Industrial Dourado Kit 2 Stella Suede;2024-10-04;;active;;Premium;Por conta do comprador;499;variation;1;;;181839331634;Cor: Cinza
MLB3868988593;100923-100789;;Cadeira Sala De Jantar Industrial Dourado Kit 2 Stella Suede;2024-10-04;;active;;Premium;Por conta do comprador;500;variation;1;;;181839331636;Cor: Grafite
MLB3868988593;100923-100791;;Cadeira Sala De Jantar Industrial Dourado Kit 2 Stella Suede;2024-10-04;;active;;Premium;Por conta do comprador;500;variation;1;;;181839331638;Cor: Marrom
MLB3868988593;100923-100793;;Cadeira Sala De Jantar Industrial Dourado Kit 2 Stella Suede;2024-10-04;;active;;Premium;Por conta do comprador;499;variation;1;;;181839331640;Cor: Marrom Rato
MLB3868988593;100923-100795;;Cadeira Sala De Jantar Industrial Dourado Kit 2 Stella Suede;2024-10-04;;active;;Premium;Por conta do comprador;500;variation;1;;;181839331642;Cor: Preto
MLB3868988593;100923-100797;;Cadeira Sala De Jantar Industrial Dourado Kit 2 Stella Suede;2024-10-04;;active;;Premium;Por conta do comprador;500;variation;1;;;181839331644;Cor: Rosa Bebê
MLB3868988593;100923-100799;;Cadeira Sala De Jantar Industrial Dourado Kit 2 Stella Suede;2024-10-04;;active;;Premium;Por conta do comprador;500;variation;1;;;181839331646;Cor: Rose
MLB3868988593;100923-100801;;Cadeira Sala De Jantar Industrial Dourado Kit 2 Stella Suede;2024-10-04;;active;;Premium;Por conta do comprador;500;variation;1;;;181839331648;Cor: Verde
MLB5104452888;100945;;Cadeira Sala De Jantar Industrial Dourada Stella Pto/linho;2024-10-07;;active;;Premium;Frete gratis;1000;variation;1;;;181856020220;Cor: Bege
MLB5104452888;100945;;Cadeira Sala De Jantar Industrial Dourada Stella Pto/linho;2024-10-07;;active;;Premium;Frete gratis;1000;variation;1;;;181856020222;Cor: Cinza
MLB5104396336;100947;;Cadeira Sala Jantar Industrial Dourada Kit 2 Stella Pto/linh;2024-10-07;;active;;Classico;Por conta do comprador;500;variation;1;;;181856860592;Cor: Bege
MLB5104396336;100947;;Cadeira Sala Jantar Industrial Dourada Kit 2 Stella Pto/linh;2024-10-07;;active;;Classico;Por conta do comprador;500;variation;1;;;181856860594;Cor: Cinza
MLB5105044374;100907;;Cadeira Sala Jantar Pé Palito Castanho Kit 2 Stella Noz/linh;2024-10-07;;active;;Premium;Frete gratis;148;variation;1;;;181857948830;Cor: Bege
MLB5105044374;100907;;Cadeira Sala Jantar Pé Palito Castanho Kit 2 Stella Noz/linh;2024-10-07;;active;;Premium;Frete gratis;159;variation;1;;;181857948832;Cor: Preto
MLB5105044374;100907;;Cadeira Sala Jantar Pé Palito Castanho Kit 2 Stella Noz/linh;2024-10-07;;active;;Premium;Frete gratis;159;variation;1;;;181857948834;Cor: Cinza
MLB5105044374;100907;;Cadeira Sala Jantar Pé Palito Castanho Kit 2 Stella Noz/linh;2024-10-07;;active;;Premium;Frete gratis;159;variation;1;;;181857948836;Cor: Grafite
MLB3868997819;100717;;Sofá 3 Lugares Orgânico 180cm Pé Dourado Morgan Bouclê;2024-10-04;;active;;Premium;Por conta do comprador;259;variation;1;;;185271922723;Cor: Bege
MLB3868997819;100717;;Sofá 3 Lugares Orgânico 180cm Pé Dourado Morgan Bouclê;2024-10-04;;active;;Premium;Por conta do comprador;259;variation;1;;;185271922725;Cor: Cinza
MLB3868997819;100717;;Sofá 3 Lugares Orgânico 180cm Pé Dourado Morgan Bouclê;2024-10-04;;active;;Premium;Por conta do comprador;259;variation;1;;;185271922727;Cor: Grafite
MLB3868997819;100717;;Sofá 3 Lugares Orgânico 180cm Pé Dourado Morgan Bouclê;2024-10-04;;active;;Premium;Por conta do comprador;259;variation;1;;;185271922729;Cor: Verde Pistache
MLB3868997819;100717;;Sofá 3 Lugares Orgânico 180cm Pé Dourado Morgan Bouclê;2024-10-04;;active;;Premium;Por conta do comprador;259;variation;1;;;185271922731;Cor: Mostarda
MLB3868997819;100717;;Sofá 3 Lugares Orgânico 180cm Pé Dourado Morgan Bouclê;2024-10-04;;active;;Premium;Por conta do comprador;259;variation;1;;;185271922733;Cor: Off white
MLB3868997819;100717;;Sofá 3 Lugares Orgânico 180cm Pé Dourado Morgan Bouclê;2024-10-04;;active;;Premium;Por conta do comprador;259;variation;1;;;185271922735;Cor: Rose
MLB3868997819;100717;;Sofá 3 Lugares Orgânico 180cm Pé Dourado Morgan Bouclê;2024-10-04;;active;;Premium;Por conta do comprador;259;variation;1;;;185271922737;Cor: Terra
MLB3868997819;100717;;Sofá 3 Lugares Orgânico 180cm Pé Dourado Morgan Bouclê;2024-10-04;;active;;Premium;Por conta do comprador;259;variation;1;;;185271922739;Cor: Verde
MLB3868986305;100921;;Cadeira Sala De Jantar Base Industrial Dourado Stella Suede;2024-10-04;;active;;Classico;Frete gratis;9;variation;1;;;181839329626;Cor: Bege
MLB3868986305;100921;;Cadeira Sala De Jantar Base Industrial Dourado Stella Suede;2024-10-04;;active;;Classico;Frete gratis;1012;variation;1;;;181839329624;Cor: Azul Marinho
MLB3868986305;100921;;Cadeira Sala De Jantar Base Industrial Dourado Stella Suede;2024-10-04;;active;;Classico;Frete gratis;998;variation;1;;;181839329628;Cor: Cinza
MLB3868986305;100921;;Cadeira Sala De Jantar Base Industrial Dourado Stella Suede;2024-10-04;;active;;Classico;Frete gratis;1000;variation;1;;;181839329630;Cor: Grafite
MLB3868986305;100921;;Cadeira Sala De Jantar Base Industrial Dourado Stella Suede;2024-10-04;;active;;Classico;Frete gratis;1000;variation;1;;;181839329632;Cor: Marrom
MLB3868986305;100921;;Cadeira Sala De Jantar Base Industrial Dourado Stella Suede;2024-10-04;;active;;Classico;Frete gratis;998;variation;1;;;181839329634;Cor: Marrom Rato
MLB3868986305;100921;;Cadeira Sala De Jantar Base Industrial Dourado Stella Suede;2024-10-04;;active;;Classico;Frete gratis;1000;variation;1;;;181839329636;Cor: Preto
MLB3868986305;100921;;Cadeira Sala De Jantar Base Industrial Dourado Stella Suede;2024-10-04;;active;;Classico;Frete gratis;1000;variation;1;;;181839329638;Cor: Rosa Bebê
MLB3868986305;100921;;Cadeira Sala De Jantar Base Industrial Dourado Stella Suede;2024-10-04;;active;;Classico;Frete gratis;1000;variation;1;;;181839329640;Cor: Rose
MLB3868986305;100921;;Cadeira Sala De Jantar Base Industrial Dourado Stella Suede;2024-10-04;;active;;Classico;Frete gratis;1000;variation;1;;;181839329642;Cor: Verde
MLB3870699295;101001;;Cadeira Sala De Jantar Giratória Base Cromada Stella Suede;2024-10-07;;active;;Premium;Frete gratis;998;variation;1;;;185323989765;Cor: Cinza
MLB3870699295;101001;;Cadeira Sala De Jantar Giratória Base Cromada Stella Suede;2024-10-07;;active;;Premium;Frete gratis;0;variation;1;;;185323989761;Cor: Azul Marinho
MLB3870699295;101001;;Cadeira Sala De Jantar Giratória Base Cromada Stella Suede;2024-10-07;;active;;Premium;Frete gratis;0;variation;1;;;185323989763;Cor: Bege
MLB3870699295;101001;;Cadeira Sala De Jantar Giratória Base Cromada Stella Suede;2024-10-07;;active;;Premium;Frete gratis;1000;variation;1;;;185323989767;Cor: Grafite
MLB3870699295;101001;;Cadeira Sala De Jantar Giratória Base Cromada Stella Suede;2024-10-07;;active;;Premium;Frete gratis;1000;variation;1;;;185323989769;Cor: Marrom
MLB3870699295;101001;;Cadeira Sala De Jantar Giratória Base Cromada Stella Suede;2024-10-07;;active;;Premium;Frete gratis;998;variation;1;;;185323989771;Cor: Marrom Rato
MLB3870699295;101001;;Cadeira Sala De Jantar Giratória Base Cromada Stella Suede;2024-10-07;;active;;Premium;Frete gratis;1000;variation;1;;;185323989773;Cor: Preto
MLB3870699295;101001;;Cadeira Sala De Jantar Giratória Base Cromada Stella Suede;2024-10-07;;active;;Premium;Frete gratis;1000;variation;1;;;185323989775;Cor: Rosa Bebê
MLB3870699295;101001;;Cadeira Sala De Jantar Giratória Base Cromada Stella Suede;2024-10-07;;active;;Premium;Frete gratis;1000;variation;1;;;185323989777;Cor: Rose
MLB3870699295;101001;;Cadeira Sala De Jantar Giratória Base Cromada Stella Suede;2024-10-07;;active;;Premium;Frete gratis;1000;variation;1;;;185323989779;Cor: Verde
MLB5105367156;100883;;Cadeira Sala De Jantar Giratória Ma30 Kit 2 Stella Veludo;2024-10-07;;active;;Premium;Frete gratis;500;variation;1;;;185322658727;Cor: Bege
MLB5105367156;100883;;Cadeira Sala De Jantar Giratória Ma30 Kit 2 Stella Veludo;2024-10-07;;active;;Premium;Frete gratis;500;variation;1;;;185322658729;Cor: Cinza
MLB5105367156;100883;;Cadeira Sala De Jantar Giratória Ma30 Kit 2 Stella Veludo;2024-10-07;;active;;Premium;Frete gratis;500;variation;1;;;185322658731;Cor: Preto
MLB5105367156;100883;;Cadeira Sala De Jantar Giratória Ma30 Kit 2 Stella Veludo;2024-10-07;;active;;Premium;Frete gratis;500;variation;1;;;185322658733;Cor: Rose
MLB5105367156;100883;;Cadeira Sala De Jantar Giratória Ma30 Kit 2 Stella Veludo;2024-10-07;;active;;Premium;Frete gratis;500;variation;1;;;185322658735;Cor: Verde
MLB5105198888;100977;;Cadeira Sala De Jantar Industrial Pto Kit 2 Stella Noz/linho;2024-10-07;;active;;Classico;Frete gratis;254;variation;1;;;181857985564;Cor: Bege
MLB5105198888;100977;;Cadeira Sala De Jantar Industrial Pto Kit 2 Stella Noz/linho;2024-10-07;;active;;Classico;Frete gratis;500;variation;1;;;181857985566;Cor: Cinza
MLB5105198888;100977;;Cadeira Sala De Jantar Industrial Pto Kit 2 Stella Noz/linho;2024-10-07;;active;;Classico;Frete gratis;500;variation;1;;;181857985568;Cor: Grafite
MLB5105198888;100977;;Cadeira Sala De Jantar Industrial Pto Kit 2 Stella Noz/linho;2024-10-07;;active;;Classico;Frete gratis;500;variation;1;;;181857985570;Cor: Preto
MLB3868985949;100693;;Sofá 2 Lugares Orgânico 140cm Pé Dourado Morgan Bouclê;2024-10-04;;active;;Premium;Por conta do comprador;259;variation;1;;;181839328922;Cor: Bege
MLB3868985949;100693;;Sofá 2 Lugares Orgânico 140cm Pé Dourado Morgan Bouclê;2024-10-04;;active;;Premium;Por conta do comprador;259;variation;1;;;181839328924;Cor: Cinza
MLB3868985949;100693;;Sofá 2 Lugares Orgânico 140cm Pé Dourado Morgan Bouclê;2024-10-04;;active;;Premium;Por conta do comprador;259;variation;1;;;181839328926;Cor: Grafite
MLB3868985949;100693;;Sofá 2 Lugares Orgânico 140cm Pé Dourado Morgan Bouclê;2024-10-04;;active;;Premium;Por conta do comprador;259;variation;1;;;181839328928;Cor: Verde Pistache
MLB3868985949;100693;;Sofá 2 Lugares Orgânico 140cm Pé Dourado Morgan Bouclê;2024-10-04;;active;;Premium;Por conta do comprador;259;variation;1;;;181839328930;Cor: Mostarda
MLB3868985949;100693;;Sofá 2 Lugares Orgânico 140cm Pé Dourado Morgan Bouclê;2024-10-04;;active;;Premium;Por conta do comprador;259;variation;1;;;181839328932;Cor: Off white
MLB3868985949;100693;;Sofá 2 Lugares Orgânico 140cm Pé Dourado Morgan Bouclê;2024-10-04;;active;;Premium;Por conta do comprador;259;variation;1;;;181839328934;Cor: Rose
MLB3868985949;100693;;Sofá 2 Lugares Orgânico 140cm Pé Dourado Morgan Bouclê;2024-10-04;;active;;Premium;Por conta do comprador;259;variation;1;;;181839328936;Cor: Terra
MLB3868985949;100693;;Sofá 2 Lugares Orgânico 140cm Pé Dourado Morgan Bouclê;2024-10-04;;active;;Premium;Por conta do comprador;259;variation;1;;;181839328938;Cor: Verde
MLB5104350856;100949;;Cadeira Sala De Jantar Base Industrial Dourada Stella Bouclê;2024-10-07;;active;;Premium;Frete gratis;1004;variation;1;;;181856043176;Cor: Bege
MLB5104350856;100949;;Cadeira Sala De Jantar Base Industrial Dourada Stella Bouclê;2024-10-07;;active;;Premium;Frete gratis;1000;variation;1;;;181856043164;Cor: Azul
MLB5104350856;100949;;Cadeira Sala De Jantar Base Industrial Dourada Stella Bouclê;2024-10-07;;active;;Premium;Frete gratis;1000;variation;1;;;181856043156;Cor: Grafite
MLB5104350856;100949;;Cadeira Sala De Jantar Base Industrial Dourada Stella Bouclê;2024-10-07;;active;;Premium;Frete gratis;996;variation;1;;;181856043158;Cor: Off White
MLB5104350856;100949;;Cadeira Sala De Jantar Base Industrial Dourada Stella Bouclê;2024-10-07;;active;;Premium;Frete gratis;0;variation;1;;;181856043162;Cor: Verde Menta
MLB5104350856;100949;;Cadeira Sala De Jantar Base Industrial Dourada Stella Bouclê;2024-10-07;;active;;Premium;Frete gratis;1000;variation;1;;;181856043160;Cor: Terra
MLB5104350856;100949;;Cadeira Sala De Jantar Base Industrial Dourada Stella Bouclê;2024-10-07;;active;;Premium;Frete gratis;1000;variation;1;;;181856043166;Cor: Cinza
MLB5104350856;100949;;Cadeira Sala De Jantar Base Industrial Dourada Stella Bouclê;2024-10-07;;active;;Premium;Frete gratis;998;variation;1;;;181856043168;Cor: Verde Pistache
MLB5104350856;100949;;Cadeira Sala De Jantar Base Industrial Dourada Stella Bouclê;2024-10-07;;active;;Premium;Frete gratis;999;variation;1;;;181856043170;Cor: Mostarda
MLB5104350856;100949;;Cadeira Sala De Jantar Base Industrial Dourada Stella Bouclê;2024-10-07;;active;;Premium;Frete gratis;1000;variation;1;;;181856043172;Cor: Rose
MLB5104350856;100949;;Cadeira Sala De Jantar Base Industrial Dourada Stella Bouclê;2024-10-07;;active;;Premium;Frete gratis;1000;variation;1;;;181856043174;Cor: Verde
MLB5105086870;101093;;Cadeira Sala De Jantar Pé De Ferro Preto Kit 2 Stella Bouclê;2024-10-07;;active;;Classico;Frete gratis;133;variation;1;;;185319781227;Cor: Cinza
MLB5105086870;101093;;Cadeira Sala De Jantar Pé De Ferro Preto Kit 2 Stella Bouclê;2024-10-07;;active;;Classico;Frete gratis;123;variation;1;;;185319781229;Cor: Bege
MLB5105086870;101093;;Cadeira Sala De Jantar Pé De Ferro Preto Kit 2 Stella Bouclê;2024-10-07;;active;;Classico;Frete gratis;133;variation;1;;;185319781231;Cor: Terra
MLB5105086870;101093;;Cadeira Sala De Jantar Pé De Ferro Preto Kit 2 Stella Bouclê;2024-10-07;;active;;Classico;Frete gratis;0;variation;1;;;185319781233;Cor: Verde Menta
MLB5105086870;101093;;Cadeira Sala De Jantar Pé De Ferro Preto Kit 2 Stella Bouclê;2024-10-07;;active;;Classico;Frete gratis;133;variation;1;;;185319781235;Cor: Verde
MLB5105086870;101093;;Cadeira Sala De Jantar Pé De Ferro Preto Kit 2 Stella Bouclê;2024-10-07;;active;;Classico;Frete gratis;133;variation;1;;;185319781237;Cor: Rose
MLB5105086870;101093;;Cadeira Sala De Jantar Pé De Ferro Preto Kit 2 Stella Bouclê;2024-10-07;;active;;Classico;Frete gratis;133;variation;1;;;185319781239;Cor: Off White
MLB5105086870;101093;;Cadeira Sala De Jantar Pé De Ferro Preto Kit 2 Stella Bouclê;2024-10-07;;active;;Classico;Frete gratis;133;variation;1;;;185319781241;Cor: Mostarda
MLB5105086870;101093;;Cadeira Sala De Jantar Pé De Ferro Preto Kit 2 Stella Bouclê;2024-10-07;;active;;Classico;Frete gratis;133;variation;1;;;185319781243;Cor: Verde Pistache
MLB5105086870;101093;;Cadeira Sala De Jantar Pé De Ferro Preto Kit 2 Stella Bouclê;2024-10-07;;active;;Classico;Frete gratis;133;variation;1;;;185319781245;Cor: Grafite
MLB5105086870;101093;;Cadeira Sala De Jantar Pé De Ferro Preto Kit 2 Stella Bouclê;2024-10-07;;active;;Classico;Frete gratis;133;variation;1;;;185319781247;Cor: Azul
MLB3870712137;101003;;Cadeira Sala De Jantar Giratória Cromada Kit 2 Stella Suede;2024-10-07;;active;;Premium;Frete gratis;499;variation;1;;;181858750768;Cor: Cinza
MLB3870712137;101003;;Cadeira Sala De Jantar Giratória Cromada Kit 2 Stella Suede;2024-10-07;;active;;Premium;Frete gratis;0;variation;1;;;181858750766;Cor: Bege
MLB3870712137;101003;;Cadeira Sala De Jantar Giratória Cromada Kit 2 Stella Suede;2024-10-07;;active;;Premium;Frete gratis;0;variation;1;;;181858750764;Cor: Azul Marinho
MLB3870712137;101003;;Cadeira Sala De Jantar Giratória Cromada Kit 2 Stella Suede;2024-10-07;;active;;Premium;Frete gratis;500;variation;1;;;181858750770;Cor: Grafite
MLB3870712137;101003;;Cadeira Sala De Jantar Giratória Cromada Kit 2 Stella Suede;2024-10-07;;active;;Premium;Frete gratis;500;variation;1;;;181858750772;Cor: Marrom
MLB3870712137;101003;;Cadeira Sala De Jantar Giratória Cromada Kit 2 Stella Suede;2024-10-07;;active;;Premium;Frete gratis;499;variation;1;;;181858750774;Cor: Marrom Rato
MLB3870712137;101003;;Cadeira Sala De Jantar Giratória Cromada Kit 2 Stella Suede;2024-10-07;;active;;Premium;Frete gratis;500;variation;1;;;181858750776;Cor: Preto
MLB3870712137;101003;;Cadeira Sala De Jantar Giratória Cromada Kit 2 Stella Suede;2024-10-07;;active;;Premium;Frete gratis;500;variation;1;;;181858750778;Cor: Rosa Bebê
MLB3870712137;101003;;Cadeira Sala De Jantar Giratória Cromada Kit 2 Stella Suede;2024-10-07;;active;;Premium;Frete gratis;500;variation;1;;;181858750780;Cor: Rose
MLB3870712137;101003;;Cadeira Sala De Jantar Giratória Cromada Kit 2 Stella Suede;2024-10-07;;active;;Premium;Frete gratis;500;variation;1;;;181858750782;Cor: Verde
MLB3870736441;101013;;Cadeira Sala De Jantar Giratória Cromada Stella Sintético;2024-10-07;;active;;Premium;Frete gratis;1000;variation;1;;;185324012629;Cor: Branco
MLB3870736441;101013;;Cadeira Sala De Jantar Giratória Cromada Stella Sintético;2024-10-07;;active;;Premium;Frete gratis;0;variation;1;;;185324012627;Cor: Bege
MLB3870736441;101013;;Cadeira Sala De Jantar Giratória Cromada Stella Sintético;2024-10-07;;active;;Premium;Frete gratis;0;variation;1;;;185324012631;Cor: Preto
MLB3870697217;101069;;Cadeira Sala De Jantar Pé Palito Natural Stella Linho;2024-10-07;;active;;Premium;Frete gratis;317;variation;1;;;185323984231;Cor: Bege
MLB3870697217;101069;;Cadeira Sala De Jantar Pé Palito Natural Stella Linho;2024-10-07;;active;;Premium;Frete gratis;328;variation;1;;;185323984233;Cor: Cinza
MLB3870697217;101069;;Cadeira Sala De Jantar Pé Palito Natural Stella Linho;2024-10-07;;active;;Premium;Frete gratis;317;variation;1;;;185323984235;Cor: Grafite
MLB3870697217;101069;;Cadeira Sala De Jantar Pé Palito Natural Stella Linho;2024-10-07;;active;;Premium;Frete gratis;328;variation;1;;;185323984237;Cor: Preto
MLB5105073562;101061;;Cadeira Sala De Jantar Pé De Ferro Preto Stella Bouclê;2024-10-07;;active;;Premium;Frete gratis;247;variation;1;;;181858107618;Cor: Bege
MLB5105073562;101061;;Cadeira Sala De Jantar Pé De Ferro Preto Stella Bouclê;2024-10-07;;active;;Premium;Frete gratis;267;variation;1;;;181858107616;Cor: Azul
MLB5105073562;101061;;Cadeira Sala De Jantar Pé De Ferro Preto Stella Bouclê;2024-10-07;;active;;Premium;Frete gratis;267;variation;1;;;181858107620;Cor: Cinza
MLB5105073562;101061;;Cadeira Sala De Jantar Pé De Ferro Preto Stella Bouclê;2024-10-07;;active;;Premium;Frete gratis;267;variation;1;;;181858107622;Cor: Grafite
MLB5105073562;101061;;Cadeira Sala De Jantar Pé De Ferro Preto Stella Bouclê;2024-10-07;;active;;Premium;Frete gratis;267;variation;1;;;181858107624;Cor: Terra
MLB5105073562;101061;;Cadeira Sala De Jantar Pé De Ferro Preto Stella Bouclê;2024-10-07;;active;;Premium;Frete gratis;267;variation;1;;;181858107626;Cor: Rose
MLB5105073562;101061;;Cadeira Sala De Jantar Pé De Ferro Preto Stella Bouclê;2024-10-07;;active;;Premium;Frete gratis;267;variation;1;;;181858107628;Cor: Mostarda
MLB5105073562;101061;;Cadeira Sala De Jantar Pé De Ferro Preto Stella Bouclê;2024-10-07;;active;;Premium;Frete gratis;267;variation;1;;;181858107634;Cor: Verde
MLB5105073562;101061;;Cadeira Sala De Jantar Pé De Ferro Preto Stella Bouclê;2024-10-07;;active;;Premium;Frete gratis;0;variation;1;;;181858107630;Cor: Verde Menta
MLB5105073562;101061;;Cadeira Sala De Jantar Pé De Ferro Preto Stella Bouclê;2024-10-07;;active;;Premium;Frete gratis;267;variation;1;;;181858107632;Cor: Verde Pistache
MLB5105073562;101061;;Cadeira Sala De Jantar Pé De Ferro Preto Stella Bouclê;2024-10-07;;active;;Premium;Frete gratis;267;variation;1;;;181858107636;Cor: Off White
MLB5186394882;63447;7908575904323;Porta Objeto Decorativo Redondo De Metal Rosê 8x9x9 Cm Rosa;2024-11-21;;active;;Premium;Por conta do comprador;32;item;0;;;;
MLB3935554283;73863;;Cadeira De Jantar Base Fixa Madeira Castanho Kit 2 Liz Suede;2024-12-17;;active;;Classico;Frete gratis;194;variation;1;;;182557597404;Cor: Bege
MLB3935554283;73863;;Cadeira De Jantar Base Fixa Madeira Castanho Kit 2 Liz Suede;2024-12-17;;active;;Classico;Frete gratis;0;variation;1;;;182557597406;Cor: Azul Marinho
MLB3935554283;73863;;Cadeira De Jantar Base Fixa Madeira Castanho Kit 2 Liz Suede;2024-12-17;;active;;Classico;Frete gratis;0;variation;1;;;182557597410;Cor: Cinza
MLB3935554283;73863;;Cadeira De Jantar Base Fixa Madeira Castanho Kit 2 Liz Suede;2024-12-17;;active;;Classico;Frete gratis;0;variation;1;;;182557597412;Cor: Grafite
MLB3935554283;73863;;Cadeira De Jantar Base Fixa Madeira Castanho Kit 2 Liz Suede;2024-12-17;;active;;Classico;Frete gratis;97;variation;1;;;182557597414;Cor: Marrom
MLB3935554283;73863;;Cadeira De Jantar Base Fixa Madeira Castanho Kit 2 Liz Suede;2024-12-17;;active;;Classico;Frete gratis;0;variation;1;;;182557597416;Cor: Marrom Rato
MLB3935554283;73863;;Cadeira De Jantar Base Fixa Madeira Castanho Kit 2 Liz Suede;2024-12-17;;active;;Classico;Frete gratis;0;variation;1;;;182557597418;Cor: Preto
MLB3935554283;73863;;Cadeira De Jantar Base Fixa Madeira Castanho Kit 2 Liz Suede;2024-12-17;;active;;Classico;Frete gratis;0;variation;1;;;182557597420;Cor: Rosa Bebê
MLB3935554283;73863;;Cadeira De Jantar Base Fixa Madeira Castanho Kit 2 Liz Suede;2024-12-17;;active;;Classico;Frete gratis;0;variation;1;;;182557597422;Cor: Rose
MLB3935554283;73863;;Cadeira De Jantar Base Fixa Madeira Castanho Kit 2 Liz Suede;2024-12-17;;active;;Classico;Frete gratis;0;variation;1;;;182557597424;Cor: Verde
MLB3891207307;102405;;Namoradeira E 2 Poltronas Industrial Pto Anitta Sintét Pu;2024-10-28;;active;;Premium;Por conta do comprador;502;variation;1;;;185764249847;Cor: Nozes
MLB3891207307;102405;;Namoradeira E 2 Poltronas Industrial Pto Anitta Sintét Pu;2024-10-28;;active;;Premium;Por conta do comprador;500;variation;1;;;185764249849;Cor: Preto
MLB3891207307;102405;;Namoradeira E 2 Poltronas Industrial Pto Anitta Sintét Pu;2024-10-28;;active;;Premium;Por conta do comprador;500;variation;1;;;185764249851;Cor: Branco
MLB3907595127;43698;7908477201629;Mesa Lateral D'rossi Metal Retangular Branca Para Sofá 69x38cm Branco;2024-11-14;;active;;Premium;Frete gratis;413;item;0;;;;
MLB3907618417;58758;7908477262309;Poltrona Giratória Elisa Linho Preto A79 Base Madeira Ma30 Liso;2024-11-14;;active;;Classico;Por conta do comprador;1000;item;0;;;;
MLB3891902709;74246;7908575992702;Kit 2 Poltronas Sher Tipo Costela Corano Preto Pés De Ferro Liso;2024-10-29;;active;;Premium;Por conta do comprador;262;item;0;;;;
MLB5178799918;61099;7908477292863;Cabeceira D'rossi La Italiana Cama Box Casal Madeira Corino Branco 140cm;2024-11-15;;active;;Premium;Frete gratis;1000;item;0;;;;
MLB3899207087;102425;;Sofá 2 Lugares Orgânico Curvo 135cm Péferro Doura Maraú Bou;2024-11-05;;active;;Premium;Por conta do comprador;13;variation;1;;;182123904122;Cor: Bege
MLB3899207087;102425;;Sofá 2 Lugares Orgânico Curvo 135cm Péferro Doura Maraú Bou;2024-11-05;;active;;Premium;Por conta do comprador;1;variation;1;;;187765254657;Cor: Cinza
MLB3899207087;102425;;Sofá 2 Lugares Orgânico Curvo 135cm Péferro Doura Maraú Bou;2024-11-05;;active;;Premium;Por conta do comprador;0;variation;1;;;186975212663;Cor: Creme
MLB3899207087;102425;;Sofá 2 Lugares Orgânico Curvo 135cm Péferro Doura Maraú Bou;2024-11-05;;active;;Premium;Por conta do comprador;0;variation;1;;;187765254659;Cor: Verde
MLB3905311651;57355;7908670802586;Kit 02 Poltronas Giovana Corano Preto Pés Palito Castanho Liso;2024-11-12;;active;;Classico;Por conta do comprador;159;item;0;;;;
MLB3907515317;77761;7908670855421;Balcão Para Cooktop De Cozinha Com Tampo Brenda Branco 80 Cm;2024-11-14;;active;;Premium;Frete gratis;3;item;0;;;;
MLB3910654789;102509;7908940057166;Cadeira De Sala De Jantar Moderno Kit 3 Gruvyer Nude Nude;2024-11-18;;active;;Classico;Frete gratis;2;item;0;;;;
MLB5181686124;102497;7908940057210;Cadeira Para Sala De Jantar  Orgânica Kit 4 Clarice Preto Preto;2024-11-18;;active;;Premium;Frete gratis;1;item;0;;;;
MLB5177147058;59615;7908477270014;Divã Recamier Samartim 165 Cm Corano Nozes Pés Retrô D'rossi;2024-11-14;;active;;Classico;Por conta do comprador;999;item;0;;;;
MLB2137205251;43694;;Mesa Lateral Apoio Sofá Bandeja Tampo Preto Base Metal;2022-01-10;;active;;Premium;Por conta do comprador;400;variation;1;;;174084408233;Cor: Bronze
MLB2137205251;43694;;Mesa Lateral Apoio Sofá Bandeja Tampo Preto Base Metal;2022-01-10;;active;;Premium;Por conta do comprador;400;variation;1;;;174084408234;Cor: Dourado
MLB2137205251;43694;;Mesa Lateral Apoio Sofá Bandeja Tampo Preto Base Metal;2022-01-10;;active;;Premium;Por conta do comprador;400;variation;1;;;174084408235;Cor: Preto
MLB2634125000;65757-60383;;Namoradeira Marisa Linho Base Industrial Metálica Preto;2022-05-06;;active;;Premium;Por conta do comprador;1000;variation;1;;;186386253675;Cor: A05 Cinza
MLB2634125000;65757-60385;;Namoradeira Marisa Linho Base Industrial Metálica Preto;2022-05-06;;active;;Premium;Por conta do comprador;998;variation;1;;;174480513424;Cor: A26 Grafite
MLB2634125000;65757-60391;;Namoradeira Marisa Linho Base Industrial Metálica Preto;2022-05-06;;active;;Premium;Por conta do comprador;1000;variation;1;;;174480513427;Cor: A79 Preto
MLB2634125000;65757-60393;;Namoradeira Marisa Linho Base Industrial Metálica Preto;2022-05-06;;active;;Premium;Por conta do comprador;1000;variation;1;;;186386253679;Cor: A19 Bege
MLB3907548251;76897;7908670834518;Poltrona Decorativa Sala Base Dourada Industrial Stella Pu Branco Drossi Liso;2024-11-14;;active;;Premium;Por conta do comprador;1009;item;0;;;;
MLB5175330394;40989;7908439208949;Poltrona Giratória Stella Corano Nozes Com Linho Cinza A26 Cinza/marrom Liso;2024-11-13;;active;;Premium;Por conta do comprador;1000;item;0;;;;
MLB5159853886;43698;7908477201629;Mesa Lateral D'rossi Metal Retangular Branca Para Sofá 69x38cm Branco Branco;2024-11-05;;active;;Classico;Frete gratis;413;item;0;;;;
MLB5178681600;61221;7908477284745;Cabeceira Tania Para Cama Box Queen 160 Cm Suede Café Marrom;2024-11-15;;active;;Premium;Por conta do comprador;1000;item;0;;;;
MLB5176888610;58878;7908477263290;Conjunto De Caixa De Livros Decorativos Para Ornamentação E Enfeite - Live Love Laugh - Porta Objetos;2024-11-14;;active;;Classico;Por conta do comprador;51;item;0;;;;
MLB5077297404;99615;;Sofá 2 Lugares Orgânico 135cm Pé Ferro Dourado Maraú Bouclê;2024-09-23;;active;;Premium;Por conta do comprador;13;variation;1;;;181751529012;Cor: Bege | Desenho do tecido: Texturizado
MLB5077297404;99615;;Sofá 2 Lugares Orgânico 135cm Pé Ferro Dourado Maraú Bouclê;2024-09-23;;active;;Premium;Por conta do comprador;0;variation;1;;;181751529010;Cor: Azul | Desenho do tecido: Texturizado
MLB5077297404;99615;;Sofá 2 Lugares Orgânico 135cm Pé Ferro Dourado Maraú Bouclê;2024-09-23;;active;;Premium;Por conta do comprador;1;variation;1;;;181751529014;Cor: Cinza | Desenho do tecido: Texturizado
MLB5077297404;99615;;Sofá 2 Lugares Orgânico 135cm Pé Ferro Dourado Maraú Bouclê;2024-09-23;;active;;Premium;Por conta do comprador;0;variation;1;;;181751529016;Cor: Cinza claro | Desenho do tecido: Texturizado
MLB5077297404;99615;;Sofá 2 Lugares Orgânico 135cm Pé Ferro Dourado Maraú Bouclê;2024-09-23;;active;;Premium;Por conta do comprador;0;variation;1;;;181751529018;Cor: Creme | Desenho do tecido: Texturizado
MLB5077297404;99615;;Sofá 2 Lugares Orgânico 135cm Pé Ferro Dourado Maraú Bouclê;2024-09-23;;active;;Premium;Por conta do comprador;0;variation;1;;;181751529020;Cor: Mostarda | Desenho do tecido: Texturizado
MLB5077297404;99615;;Sofá 2 Lugares Orgânico 135cm Pé Ferro Dourado Maraú Bouclê;2024-09-23;;active;;Premium;Por conta do comprador;0;variation;1;;;181751529022;Cor: Verde | Desenho do tecido: Texturizado
MLB3869039299;100923;;Cadeira Sala De Jantar Industrial Dourado Kit 2 Stella Suede;2024-10-04;;active;;Classico;Por conta do comprador;499;variation;1;;;185272048879;Cor: Bege
MLB3869039299;100923;;Cadeira Sala De Jantar Industrial Dourado Kit 2 Stella Suede;2024-10-04;;active;;Classico;Por conta do comprador;506;variation;1;;;185272048877;Cor: Azul Marinho
MLB3869039299;100923;;Cadeira Sala De Jantar Industrial Dourado Kit 2 Stella Suede;2024-10-04;;active;;Classico;Por conta do comprador;499;variation;1;;;185272048881;Cor: Cinza
MLB3869039299;100923;;Cadeira Sala De Jantar Industrial Dourado Kit 2 Stella Suede;2024-10-04;;active;;Classico;Por conta do comprador;500;variation;1;;;185272048883;Cor: Grafite
MLB3869039299;100923;;Cadeira Sala De Jantar Industrial Dourado Kit 2 Stella Suede;2024-10-04;;active;;Classico;Por conta do comprador;500;variation;1;;;185272048885;Cor: Marrom
MLB3869039299;100923;;Cadeira Sala De Jantar Industrial Dourado Kit 2 Stella Suede;2024-10-04;;active;;Classico;Por conta do comprador;499;variation;1;;;185272048887;Cor: Marrom Rato
MLB3869039299;100923;;Cadeira Sala De Jantar Industrial Dourado Kit 2 Stella Suede;2024-10-04;;active;;Classico;Por conta do comprador;500;variation;1;;;185272048889;Cor: Preto
MLB3869039299;100923;;Cadeira Sala De Jantar Industrial Dourado Kit 2 Stella Suede;2024-10-04;;active;;Classico;Por conta do comprador;500;variation;1;;;185272048891;Cor: Rosa Bebê
MLB3869039299;100923;;Cadeira Sala De Jantar Industrial Dourado Kit 2 Stella Suede;2024-10-04;;active;;Classico;Por conta do comprador;500;variation;1;;;185272048893;Cor: Rose
MLB3869039299;100923;;Cadeira Sala De Jantar Industrial Dourado Kit 2 Stella Suede;2024-10-04;;active;;Classico;Por conta do comprador;500;variation;1;;;185272048895;Cor: Verde
MLB3816076345;98267;;Poltrona Sala De Estar Pé Ferro Dourado Kit 2 Elisa Bouclê;2024-08-14;;active;;Premium;Por conta do comprador;137;variation;1;;;184268567815;Cor: Bege | Desenho do tecido: Texturizado
MLB3816076345;98267;;Poltrona Sala De Estar Pé Ferro Dourado Kit 2 Elisa Bouclê;2024-08-14;;active;;Premium;Por conta do comprador;137;variation;1;;;184268567813;Cor: Azul | Desenho do tecido: Texturizado
MLB3816076345;98267;;Poltrona Sala De Estar Pé Ferro Dourado Kit 2 Elisa Bouclê;2024-08-14;;active;;Premium;Por conta do comprador;137;variation;1;;;184268567817;Cor: Cinza | Desenho do tecido: Texturizado
MLB3816076345;98267;;Poltrona Sala De Estar Pé Ferro Dourado Kit 2 Elisa Bouclê;2024-08-14;;active;;Premium;Por conta do comprador;137;variation;1;;;184268567819;Cor: Grafite | Desenho do tecido: Texturizado
MLB3816076345;98267;;Poltrona Sala De Estar Pé Ferro Dourado Kit 2 Elisa Bouclê;2024-08-14;;active;;Premium;Por conta do comprador;137;variation;1;;;184268567821;Cor: Menta | Desenho do tecido: Texturizado
MLB3816076345;98267;;Poltrona Sala De Estar Pé Ferro Dourado Kit 2 Elisa Bouclê;2024-08-14;;active;;Premium;Por conta do comprador;137;variation;1;;;184268567823;Cor: Mostarda | Desenho do tecido: Texturizado
MLB3816076345;98267;;Poltrona Sala De Estar Pé Ferro Dourado Kit 2 Elisa Bouclê;2024-08-14;;active;;Premium;Por conta do comprador;137;variation;1;;;184268567825;Cor: Off white | Desenho do tecido: Texturizado
MLB3816076345;98267;;Poltrona Sala De Estar Pé Ferro Dourado Kit 2 Elisa Bouclê;2024-08-14;;active;;Premium;Por conta do comprador;137;variation;1;;;184268567827;Cor: Rose | Desenho do tecido: Texturizado
MLB3816076345;98267;;Poltrona Sala De Estar Pé Ferro Dourado Kit 2 Elisa Bouclê;2024-08-14;;active;;Premium;Por conta do comprador;137;variation;1;;;184268567829;Cor: Terra | Desenho do tecido: Texturizado
MLB3816076345;98267;;Poltrona Sala De Estar Pé Ferro Dourado Kit 2 Elisa Bouclê;2024-08-14;;active;;Premium;Por conta do comprador;137;variation;1;;;184268567831;Cor: Verde | Desenho do tecido: Texturizado
MLB3816076345;98267;;Poltrona Sala De Estar Pé Ferro Dourado Kit 2 Elisa Bouclê;2024-08-14;;active;;Premium;Por conta do comprador;1000;variation;1;;;184268567833;Cor: Verde menta | Desenho do tecido: Texturizado
MLB3663804247;90011;7908748197361;Sofá Namoradeira Industrial Dourado Stella Linho Bege Bege Liso;2024-04-19;;active;;Premium;Por conta do comprador;1001;item;0;;;;
MLB3816039673;97931;;Sofá Namoradeira 2 Lugares Industrial Preto Elisa Bouclê;2024-08-14;;active;;Premium;Por conta do comprador;1000;variation;1;;;184268029883;Cor: Azul | Desenho do tecido: Texturizado
MLB3816039673;97931;;Sofá Namoradeira 2 Lugares Industrial Preto Elisa Bouclê;2024-08-14;;active;;Premium;Por conta do comprador;1000;variation;1;;;184268029885;Cor: Bege | Desenho do tecido: Texturizado
MLB3816039673;97931;;Sofá Namoradeira 2 Lugares Industrial Preto Elisa Bouclê;2024-08-14;;active;;Premium;Por conta do comprador;1000;variation;1;;;184268029887;Cor: Cinza | Desenho do tecido: Texturizado
MLB3816039673;97931;;Sofá Namoradeira 2 Lugares Industrial Preto Elisa Bouclê;2024-08-14;;active;;Premium;Por conta do comprador;1000;variation;1;;;184268029889;Cor: Grafite | Desenho do tecido: Texturizado
MLB3816039673;97931;;Sofá Namoradeira 2 Lugares Industrial Preto Elisa Bouclê;2024-08-14;;active;;Premium;Por conta do comprador;1000;variation;1;;;184268029891;Cor: Verde Pistache | Desenho do tecido: Texturizado
MLB3816039673;97931;;Sofá Namoradeira 2 Lugares Industrial Preto Elisa Bouclê;2024-08-14;;active;;Premium;Por conta do comprador;1000;variation;1;;;184268029893;Cor: Mostarda | Desenho do tecido: Texturizado
MLB3816039673;97931;;Sofá Namoradeira 2 Lugares Industrial Preto Elisa Bouclê;2024-08-14;;active;;Premium;Por conta do comprador;1000;variation;1;;;184268029895;Cor: Off white | Desenho do tecido: Texturizado
MLB3816039673;97931;;Sofá Namoradeira 2 Lugares Industrial Preto Elisa Bouclê;2024-08-14;;active;;Premium;Por conta do comprador;1000;variation;1;;;184268029897;Cor: Rose | Desenho do tecido: Texturizado
MLB3816039673;97931;;Sofá Namoradeira 2 Lugares Industrial Preto Elisa Bouclê;2024-08-14;;active;;Premium;Por conta do comprador;1000;variation;1;;;184268029899;Cor: Terra | Desenho do tecido: Texturizado
MLB3816039673;97931;;Sofá Namoradeira 2 Lugares Industrial Preto Elisa Bouclê;2024-08-14;;active;;Premium;Por conta do comprador;1000;variation;1;;;184268029901;Cor: Verde | Desenho do tecido: Texturizado
MLB3816039673;97931;;Sofá Namoradeira 2 Lugares Industrial Preto Elisa Bouclê;2024-08-14;;active;;Premium;Por conta do comprador;0;variation;1;;;184268029903;Cor: Verde menta | Desenho do tecido: Texturizado
MLB5023329562;98861;;Sofá Namoradeira 2 Lug Industrial Preto Stella Pto/linho D03;2024-08-26;;active;;Premium;Por conta do comprador;1000;variation;1;;;184509046337;Cor: Bege
MLB5023329562;98861;;Sofá Namoradeira 2 Lug Industrial Preto Stella Pto/linho D03;2024-08-26;;active;;Premium;Por conta do comprador;1000;variation;1;;;184509046339;Cor: Cinza
MLB5076754032;99517;;Sofá 2 Lugares Living 160cm Pé Ferro Dourado Maraú Bouclê;2024-09-23;;active;;Premium;Por conta do comprador;1;variation;1;;;181749614514;Cor: Verde
MLB5076754032;99517;;Sofá 2 Lugares Living 160cm Pé Ferro Dourado Maraú Bouclê;2024-09-23;;active;;Premium;Por conta do comprador;0;variation;1;;;181749614504;Cor: Bege
MLB5076754032;99517;;Sofá 2 Lugares Living 160cm Pé Ferro Dourado Maraú Bouclê;2024-09-23;;active;;Premium;Por conta do comprador;0;variation;1;;;181749614506;Cor: Cinza
MLB5076754032;99517;;Sofá 2 Lugares Living 160cm Pé Ferro Dourado Maraú Bouclê;2024-09-23;;active;;Premium;Por conta do comprador;0;variation;1;;;181749614508;Cor: Cinza claro
MLB5076754032;99517;;Sofá 2 Lugares Living 160cm Pé Ferro Dourado Maraú Bouclê;2024-09-23;;active;;Premium;Por conta do comprador;0;variation;1;;;181749614510;Cor: Creme
MLB5076754032;99517;;Sofá 2 Lugares Living 160cm Pé Ferro Dourado Maraú Bouclê;2024-09-23;;active;;Premium;Por conta do comprador;0;variation;1;;;181749614512;Cor: Mostarda
MLB5076754032;99517;;Sofá 2 Lugares Living 160cm Pé Ferro Dourado Maraú Bouclê;2024-09-23;;active;;Premium;Por conta do comprador;0;variation;1;;;181749614502;Cor: Azul
MLB3858567931;99719;;Sofá 3 Lugares Living 192cm Pé Madeira Valença Nozes/veludo;2024-09-23;;active;;Premium;Por conta do comprador;1;variation;1;;;181752347536;Cor: Bege
MLB3858567931;99719;;Sofá 3 Lugares Living 192cm Pé Madeira Valença Nozes/veludo;2024-09-23;;active;;Premium;Por conta do comprador;0;variation;1;;;181752347538;Cor: Cinza
MLB3858567931;99719;;Sofá 3 Lugares Living 192cm Pé Madeira Valença Nozes/veludo;2024-09-23;;active;;Premium;Por conta do comprador;0;variation;1;;;181752347540;Cor: Preto
MLB3858567931;99719;;Sofá 3 Lugares Living 192cm Pé Madeira Valença Nozes/veludo;2024-09-23;;active;;Premium;Por conta do comprador;0;variation;1;;;181752347542;Cor: Rose
MLB3816161433;98315;;Namoradeira E Poltrona Pé De Ferro Dourado Elisa Bouclê;2024-08-14;;active;;Classico;Por conta do comprador;137;variation;1;;;184269593839;Cor: Azul | Desenho do tecido: Texturizado
MLB3816161433;98315;;Namoradeira E Poltrona Pé De Ferro Dourado Elisa Bouclê;2024-08-14;;active;;Classico;Por conta do comprador;137;variation;1;;;184269593841;Cor: Bege | Desenho do tecido: Texturizado
MLB3816161433;98315;;Namoradeira E Poltrona Pé De Ferro Dourado Elisa Bouclê;2024-08-14;;active;;Classico;Por conta do comprador;137;variation;1;;;184269593843;Cor: Cinza | Desenho do tecido: Texturizado
MLB3816161433;98315;;Namoradeira E Poltrona Pé De Ferro Dourado Elisa Bouclê;2024-08-14;;active;;Classico;Por conta do comprador;137;variation;1;;;184269593845;Cor: Grafite | Desenho do tecido: Texturizado
MLB3816161433;98315;;Namoradeira E Poltrona Pé De Ferro Dourado Elisa Bouclê;2024-08-14;;active;;Classico;Por conta do comprador;137;variation;1;;;184269593847;Cor: Menta | Desenho do tecido: Texturizado
MLB3816161433;98315;;Namoradeira E Poltrona Pé De Ferro Dourado Elisa Bouclê;2024-08-14;;active;;Classico;Por conta do comprador;137;variation;1;;;184269593849;Cor: Mostarda | Desenho do tecido: Texturizado
MLB3816161433;98315;;Namoradeira E Poltrona Pé De Ferro Dourado Elisa Bouclê;2024-08-14;;active;;Classico;Por conta do comprador;137;variation;1;;;184269593851;Cor: Off white | Desenho do tecido: Texturizado
MLB3816161433;98315;;Namoradeira E Poltrona Pé De Ferro Dourado Elisa Bouclê;2024-08-14;;active;;Classico;Por conta do comprador;137;variation;1;;;184269593853;Cor: Rose | Desenho do tecido: Texturizado
MLB3816161433;98315;;Namoradeira E Poltrona Pé De Ferro Dourado Elisa Bouclê;2024-08-14;;active;;Classico;Por conta do comprador;137;variation;1;;;184269593855;Cor: Terra | Desenho do tecido: Texturizado
MLB3816161433;98315;;Namoradeira E Poltrona Pé De Ferro Dourado Elisa Bouclê;2024-08-14;;active;;Classico;Por conta do comprador;137;variation;1;;;184269593857;Cor: Verde | Desenho do tecido: Texturizado
MLB3816161433;98315;;Namoradeira E Poltrona Pé De Ferro Dourado Elisa Bouclê;2024-08-14;;active;;Classico;Por conta do comprador;0;variation;1;;;184269593859;Cor: Verde menta | Desenho do tecido: Texturizado
MLB3826675651;98835;;Sofá Namoradeira 2 Lug Industrial Preto Stella Noz/linho;2024-08-23;;active;;Premium;Por conta do comprador;1001;variation;1;;;181468635254;Cor: Bege
MLB3826675651;98835;;Sofá Namoradeira 2 Lug Industrial Preto Stella Noz/linho;2024-08-23;;active;;Premium;Por conta do comprador;1000;variation;1;;;181468635256;Cor: Cinza
MLB3826675651;98835;;Sofá Namoradeira 2 Lug Industrial Preto Stella Noz/linho;2024-08-23;;active;;Premium;Por conta do comprador;1000;variation;1;;;181468635258;Cor: Grafite
MLB3826675651;98835;;Sofá Namoradeira 2 Lug Industrial Preto Stella Noz/linho;2024-08-23;;active;;Premium;Por conta do comprador;1000;variation;1;;;181468635260;Cor: Preto
MLB3861128537;74560;7908575994379;Aparador Buffet 4 Portas Belle 170 Cm Champagne E Cedro Bege;2024-09-26;;active;;Premium;Por conta do comprador;1000;item;0;;;;
MLB3858210175;99493;;Sofá 2 Lugares Living 160cm Pé Ferro Dourado Maraú Veludo;2024-09-23;;active;;Premium;Por conta do comprador;1;variation;1;;;185049233381;Cor: Azul-marinho
MLB3858210175;99493;;Sofá 2 Lugares Living 160cm Pé Ferro Dourado Maraú Veludo;2024-09-23;;active;;Premium;Por conta do comprador;0;variation;1;;;185049233383;Cor: Bege
MLB3858210175;99493;;Sofá 2 Lugares Living 160cm Pé Ferro Dourado Maraú Veludo;2024-09-23;;active;;Premium;Por conta do comprador;0;variation;1;;;185049233385;Cor: Cinza
MLB3858210175;99493;;Sofá 2 Lugares Living 160cm Pé Ferro Dourado Maraú Veludo;2024-09-23;;active;;Premium;Por conta do comprador;0;variation;1;;;185049233387;Cor: Marrom
MLB3858210175;99493;;Sofá 2 Lugares Living 160cm Pé Ferro Dourado Maraú Veludo;2024-09-23;;active;;Premium;Por conta do comprador;0;variation;1;;;185049233389;Cor: Preto
MLB3858210175;99493;;Sofá 2 Lugares Living 160cm Pé Ferro Dourado Maraú Veludo;2024-09-23;;active;;Premium;Por conta do comprador;0;variation;1;;;185049233391;Cor: Rose
MLB3858210175;99493;;Sofá 2 Lugares Living 160cm Pé Ferro Dourado Maraú Veludo;2024-09-23;;active;;Premium;Por conta do comprador;0;variation;1;;;185049233395;Cor: Verde
MLB3858210175;99493;;Sofá 2 Lugares Living 160cm Pé Ferro Dourado Maraú Veludo;2024-09-23;;active;;Premium;Por conta do comprador;0;variation;1;;;185049233397;Cor: Vermelho
MLB3858556363;99709-99355;;Sofá 2 Lugares Living 172cm Pé Madeira Valença Nozes/veludo;2024-09-23;;active;;Premium;Por conta do comprador;1000;variation;1;;;185055474271;Cor: Bege
MLB3858556363;99709-99357;;Sofá 2 Lugares Living 172cm Pé Madeira Valença Nozes/veludo;2024-09-23;;active;;Premium;Por conta do comprador;1000;variation;1;;;185055474273;Cor: Cinza
MLB3858556363;99709-99359;;Sofá 2 Lugares Living 172cm Pé Madeira Valença Nozes/veludo;2024-09-23;;active;;Premium;Por conta do comprador;1000;variation;1;;;185055474275;Cor: Preto
MLB3858556363;99709-99361;;Sofá 2 Lugares Living 172cm Pé Madeira Valença Nozes/veludo;2024-09-23;;active;;Premium;Por conta do comprador;0;variation;1;;;185055474277;Cor: Rose
MLB5078988542;99765;;Sofá 3 Lugares Living 192cm Pé Madeira Valença Pto/veludo;2024-09-24;;active;;Premium;Por conta do comprador;1000;variation;1;;;181760817194;Cor: Azul | Desenho do tecido: Liso
MLB5078988542;99765;;Sofá 3 Lugares Living 192cm Pé Madeira Valença Pto/veludo;2024-09-24;;active;;Premium;Por conta do comprador;1000;variation;1;;;181760817196;Cor: Bege | Desenho do tecido: Liso
MLB5078988542;99765;;Sofá 3 Lugares Living 192cm Pé Madeira Valença Pto/veludo;2024-09-24;;active;;Premium;Por conta do comprador;1000;variation;1;;;181760817198;Cor: Cinza | Desenho do tecido: Liso
MLB5078988542;99765;;Sofá 3 Lugares Living 192cm Pé Madeira Valença Pto/veludo;2024-09-24;;active;;Premium;Por conta do comprador;1000;variation;1;;;181760817200;Cor: Marrom | Desenho do tecido: Liso
MLB5078988542;99765;;Sofá 3 Lugares Living 192cm Pé Madeira Valença Pto/veludo;2024-09-24;;active;;Premium;Por conta do comprador;0;variation;1;;;181760817202;Cor: Rose | Desenho do tecido: Liso
MLB5078988542;99765;;Sofá 3 Lugares Living 192cm Pé Madeira Valença Pto/veludo;2024-09-24;;active;;Premium;Por conta do comprador;1000;variation;1;;;181760817204;Cor: Terracota | Desenho do tecido: Liso
MLB5078988542;99765;;Sofá 3 Lugares Living 192cm Pé Madeira Valença Pto/veludo;2024-09-24;;active;;Premium;Por conta do comprador;1000;variation;1;;;181760817206;Cor: Verde | Desenho do tecido: Liso
MLB5078988542;99765;;Sofá 3 Lugares Living 192cm Pé Madeira Valença Pto/veludo;2024-09-24;;active;;Premium;Por conta do comprador;1000;variation;1;;;181760817208;Cor: Vermelho | Desenho do tecido: Liso
MLB3858467637;99625;;Sofá 2 Lugares Living 135cm Pé Ferro Dourado Maraú Linho;2024-09-23;;active;;Premium;Por conta do comprador;3;variation;1;;;185053667039;Cor: Bege
MLB3858467637;99625;;Sofá 2 Lugares Living 135cm Pé Ferro Dourado Maraú Linho;2024-09-23;;active;;Premium;Por conta do comprador;0;variation;1;;;185053667037;Cor: Areia
MLB3858467637;99625;;Sofá 2 Lugares Living 135cm Pé Ferro Dourado Maraú Linho;2024-09-23;;active;;Premium;Por conta do comprador;0;variation;1;;;185053667041;Cor: Cinza
MLB3858467637;99625;;Sofá 2 Lugares Living 135cm Pé Ferro Dourado Maraú Linho;2024-09-23;;active;;Premium;Por conta do comprador;0;variation;1;;;185053667043;Cor: Grafite
MLB3858332799;99563;;Sofá 2 Lugares Living 135cm Pé Ferro Pto Maraú Bouclê;2024-09-23;;active;;Premium;Por conta do comprador;5;variation;1;;;185052311477;Cor: Bege
MLB3858332799;99563;;Sofá 2 Lugares Living 135cm Pé Ferro Pto Maraú Bouclê;2024-09-23;;active;;Premium;Por conta do comprador;0;variation;1;;;185052311475;Cor: Azul
MLB3858332799;99563;;Sofá 2 Lugares Living 135cm Pé Ferro Pto Maraú Bouclê;2024-09-23;;active;;Premium;Por conta do comprador;0;variation;1;;;185052311479;Cor: Cinza
MLB3858332799;99563;;Sofá 2 Lugares Living 135cm Pé Ferro Pto Maraú Bouclê;2024-09-23;;active;;Premium;Por conta do comprador;0;variation;1;;;185052311481;Cor: Cinza claro
MLB3858332799;99563;;Sofá 2 Lugares Living 135cm Pé Ferro Pto Maraú Bouclê;2024-09-23;;active;;Premium;Por conta do comprador;0;variation;1;;;185052311483;Cor: Creme
MLB3858332799;99563;;Sofá 2 Lugares Living 135cm Pé Ferro Pto Maraú Bouclê;2024-09-23;;active;;Premium;Por conta do comprador;0;variation;1;;;185052311485;Cor: Mostarda
MLB3858332799;99563;;Sofá 2 Lugares Living 135cm Pé Ferro Pto Maraú Bouclê;2024-09-23;;active;;Premium;Por conta do comprador;0;variation;1;;;185052311487;Cor: Verde
MLB5018644994;98785;;Namoradeira E Poltrona Industrial Dourado Stella Noz/linho;2024-08-23;;active;;Premium;Por conta do comprador;1001;variation;1;;;184462570099;Cor: Bege
MLB5018644994;98785;;Namoradeira E Poltrona Industrial Dourado Stella Noz/linho;2024-08-23;;active;;Premium;Por conta do comprador;1000;variation;1;;;184462570101;Cor: Cinza
MLB5018644994;98785;;Namoradeira E Poltrona Industrial Dourado Stella Noz/linho;2024-08-23;;active;;Premium;Por conta do comprador;1000;variation;1;;;184462570103;Cor: Grafite
MLB5018644994;98785;;Namoradeira E Poltrona Industrial Dourado Stella Noz/linho;2024-08-23;;active;;Premium;Por conta do comprador;1000;variation;1;;;184462570105;Cor: Preto
MLB5001123250;76766;7908670833955;Poltrona Decorativa Sala Suede Base Industrial D'rossi Liso Dourado Bege;2024-08-15;;active;;Premium;Frete gratis;999;item;0;;;;
MLB5002372470;98735;;Poltrona Sala Estar Decorativa Giratória Orgânica Lua Suede;2024-08-16;;active;;Premium;Por conta do comprador;1000;variation;1;;;181389196744;Cor: Bege | Desenho do tecido: Liso
MLB5002372470;98735;;Poltrona Sala Estar Decorativa Giratória Orgânica Lua Suede;2024-08-16;;active;;Premium;Por conta do comprador;1000;variation;1;;;181389196742;Cor: Azul-marinho | Desenho do tecido: Liso
MLB5002372470;98735;;Poltrona Sala Estar Decorativa Giratória Orgânica Lua Suede;2024-08-16;;active;;Premium;Por conta do comprador;1000;variation;1;;;181389196746;Cor: Cinza | Desenho do tecido: Liso
MLB5002372470;98735;;Poltrona Sala Estar Decorativa Giratória Orgânica Lua Suede;2024-08-16;;active;;Premium;Por conta do comprador;1000;variation;1;;;181389196748;Cor: Grafite | Desenho do tecido: Liso
MLB5002372470;98735;;Poltrona Sala Estar Decorativa Giratória Orgânica Lua Suede;2024-08-16;;active;;Premium;Por conta do comprador;1000;variation;1;;;181389196750;Cor: Marrom | Desenho do tecido: Liso
MLB5002372470;98735;;Poltrona Sala Estar Decorativa Giratória Orgânica Lua Suede;2024-08-16;;active;;Premium;Por conta do comprador;1000;variation;1;;;181389196752;Cor: Marrom rato | Desenho do tecido: Liso
MLB5002372470;98735;;Poltrona Sala Estar Decorativa Giratória Orgânica Lua Suede;2024-08-16;;active;;Premium;Por conta do comprador;1000;variation;1;;;181389196754;Cor: Preto | Desenho do tecido: Liso
MLB5002372470;98735;;Poltrona Sala Estar Decorativa Giratória Orgânica Lua Suede;2024-08-16;;active;;Premium;Por conta do comprador;1000;variation;1;;;181389196756;Cor: Rosa bebê | Desenho do tecido: Liso
MLB5002372470;98735;;Poltrona Sala Estar Decorativa Giratória Orgânica Lua Suede;2024-08-16;;active;;Premium;Por conta do comprador;1000;variation;1;;;181389196758;Cor: Rose | Desenho do tecido: Liso
MLB5002372470;98735;;Poltrona Sala Estar Decorativa Giratória Orgânica Lua Suede;2024-08-16;;active;;Premium;Por conta do comprador;998;variation;1;;;181389196760;Cor: Verde | Desenho do tecido: Liso
MLB3784941013;95847-94901;;Suporte Nicho Microondas Adega Jantar Para Cozinha Emma 60cm;2024-07-19;;active;;Premium;Frete gratis;2;variation;1;;;183777430625;Cor: Branco
MLB3784941013;95847-94905;;Suporte Nicho Microondas Adega Jantar Para Cozinha Emma 60cm;2024-07-19;;active;;Premium;Frete gratis;13;variation;1;;;183777430627;Cor: Freijó
MLB3784941013;95847-94909;;Suporte Nicho Microondas Adega Jantar Para Cozinha Emma 60cm;2024-07-19;;active;;Premium;Frete gratis;2;variation;1;;;183777430629;Cor: Grafite
MLB3784941013;95847-94913;;Suporte Nicho Microondas Adega Jantar Para Cozinha Emma 60cm;2024-07-19;;active;;Premium;Frete gratis;0;variation;1;;;183777430631;Cor: Preto
MLB5258457068;104603;;Sofá Retrátil Reclinável 4 Lugares 254cm Maili Bouclê;2025-01-15;;active;;Premium;Por conta do comprador;1000;variation;1;;;186746517675;Cor: Bege
MLB5258457068;104603;;Sofá Retrátil Reclinável 4 Lugares 254cm Maili Bouclê;2025-01-15;;active;;Premium;Por conta do comprador;1000;variation;1;;;186746517673;Cor: Azul
MLB5258457068;104603;;Sofá Retrátil Reclinável 4 Lugares 254cm Maili Bouclê;2025-01-15;;active;;Premium;Por conta do comprador;1000;variation;1;;;186746517677;Cor: Cinza
MLB5258457068;104603;;Sofá Retrátil Reclinável 4 Lugares 254cm Maili Bouclê;2025-01-15;;active;;Premium;Por conta do comprador;1000;variation;1;;;186746517679;Cor: Cinza claro
MLB5258457068;104603;;Sofá Retrátil Reclinável 4 Lugares 254cm Maili Bouclê;2025-01-15;;active;;Premium;Por conta do comprador;1000;variation;1;;;186746517681;Cor: Creme
MLB5258457068;104603;;Sofá Retrátil Reclinável 4 Lugares 254cm Maili Bouclê;2025-01-15;;active;;Premium;Por conta do comprador;1000;variation;1;;;186746517685;Cor: Verde
MLB5228893482;58139;7908477240741;Kit 6 Suculentas Artificiais Com Vaso Cerâmica Preto 8x4cm;2024-12-19;;active;;Premium;Frete gratis;19;item;0;;;;
MLB5258404494;104571;;Sofá Retrátil Reclinável 2 Lugares 154cm Maili Bouclê;2025-01-15;;active;;Premium;Por conta do comprador;1000;variation;1;;;182774519136;Cor: Bege
MLB5258404494;104571;;Sofá Retrátil Reclinável 2 Lugares 154cm Maili Bouclê;2025-01-15;;active;;Premium;Por conta do comprador;1000;variation;1;;;182774519134;Cor: Azul
MLB5258404494;104571;;Sofá Retrátil Reclinável 2 Lugares 154cm Maili Bouclê;2025-01-15;;active;;Premium;Por conta do comprador;1000;variation;1;;;182774519138;Cor: Cinza
MLB5258404494;104571;;Sofá Retrátil Reclinável 2 Lugares 154cm Maili Bouclê;2025-01-15;;active;;Premium;Por conta do comprador;1000;variation;1;;;182774519140;Cor: Cinza claro
MLB5258404494;104571;;Sofá Retrátil Reclinável 2 Lugares 154cm Maili Bouclê;2025-01-15;;active;;Premium;Por conta do comprador;1000;variation;1;;;182774519142;Cor: Creme
MLB5258404494;104571;;Sofá Retrátil Reclinável 2 Lugares 154cm Maili Bouclê;2025-01-15;;active;;Premium;Por conta do comprador;1000;variation;1;;;186744810547;Cor: Terracota
MLB5258404494;104571;;Sofá Retrátil Reclinável 2 Lugares 154cm Maili Bouclê;2025-01-15;;active;;Premium;Por conta do comprador;1000;variation;1;;;182774519146;Cor: Verde
MLB5258156152;103631;;Poltrona Sala Decorativa Orgânica Kit 2 Stella Max Linho;2025-01-15;;active;;Premium;Por conta do comprador;147;variation;1;;;182773441026;Cor: Bege
MLB5258156152;103631;;Poltrona Sala Decorativa Orgânica Kit 2 Stella Max Linho;2025-01-15;;active;;Premium;Por conta do comprador;147;variation;1;;;182773441028;Cor: Cinza
MLB5258156152;103631;;Poltrona Sala Decorativa Orgânica Kit 2 Stella Max Linho;2025-01-15;;active;;Premium;Por conta do comprador;147;variation;1;;;182773441030;Cor: Grafite
MLB5258156152;103631;;Poltrona Sala Decorativa Orgânica Kit 2 Stella Max Linho;2025-01-15;;active;;Premium;Por conta do comprador;147;variation;1;;;182773441032;Cor: Preto
MLB3943207285;63447;7908575904323;Porta Objeto Decorativo Redondo De Metal Rosê 8x9x9 Cm Rosa;2024-12-30;;active;;Classico;Por conta do comprador;32;item;0;;;;
MLB5258440024;104571;;Sofá Retrátil Reclinável 2 Lugares 154cm Maili Bouclê;2025-01-15;;active;;Classico;Por conta do comprador;1000;variation;1;;;186746666819;Cor: Bege
MLB5258440024;104571;;Sofá Retrátil Reclinável 2 Lugares 154cm Maili Bouclê;2025-01-15;;active;;Classico;Por conta do comprador;1000;variation;1;;;186746666817;Cor: Azul
MLB5258440024;104571;;Sofá Retrátil Reclinável 2 Lugares 154cm Maili Bouclê;2025-01-15;;active;;Classico;Por conta do comprador;1000;variation;1;;;186746666821;Cor: Cinza
MLB5258440024;104571;;Sofá Retrátil Reclinável 2 Lugares 154cm Maili Bouclê;2025-01-15;;active;;Classico;Por conta do comprador;1000;variation;1;;;186746666823;Cor: Cinza claro
MLB5258440024;104571;;Sofá Retrátil Reclinável 2 Lugares 154cm Maili Bouclê;2025-01-15;;active;;Classico;Por conta do comprador;1000;variation;1;;;186746666825;Cor: Creme
MLB5258440024;104571;;Sofá Retrátil Reclinável 2 Lugares 154cm Maili Bouclê;2025-01-15;;active;;Classico;Por conta do comprador;1000;variation;1;;;186746666827;Cor: Terracota
MLB5258440024;104571;;Sofá Retrátil Reclinável 2 Lugares 154cm Maili Bouclê;2025-01-15;;active;;Classico;Por conta do comprador;1000;variation;1;;;186746666829;Cor: Verde
MLB5258160096;103663;;Poltrona Para Sala Decorativa Orgânica Stella Max Sintético;2025-01-15;;active;;Classico;Por conta do comprador;295;variation;1;;;186744993845;Cor: Bege
MLB5258160096;103663;;Poltrona Para Sala Decorativa Orgânica Stella Max Sintético;2025-01-15;;active;;Classico;Por conta do comprador;295;variation;1;;;186744993847;Cor: Branco
MLB5258160096;103663;;Poltrona Para Sala Decorativa Orgânica Stella Max Sintético;2025-01-15;;active;;Classico;Por conta do comprador;295;variation;1;;;186744993849;Cor: Preto
MLB5251920582;103483;;Sofá 4 Lugares Orgânico Living 250cm Mersa Bouclê;2025-01-10;;active;;Premium;Por conta do comprador;1000;variation;1;;;182740623646;Cor: Bege
MLB5251920582;103483;;Sofá 4 Lugares Orgânico Living 250cm Mersa Bouclê;2025-01-10;;active;;Premium;Por conta do comprador;1000;variation;1;;;182740623644;Cor: Azul
MLB5251920582;103483;;Sofá 4 Lugares Orgânico Living 250cm Mersa Bouclê;2025-01-10;;active;;Premium;Por conta do comprador;1000;variation;1;;;182740623648;Cor: Cinza
MLB5251920582;103483;;Sofá 4 Lugares Orgânico Living 250cm Mersa Bouclê;2025-01-10;;active;;Premium;Por conta do comprador;1000;variation;1;;;182740623650;Cor: Cinza claro
MLB5251920582;103483;;Sofá 4 Lugares Orgânico Living 250cm Mersa Bouclê;2025-01-10;;active;;Premium;Por conta do comprador;1000;variation;1;;;182740623652;Cor: Creme
MLB5251920582;103483;;Sofá 4 Lugares Orgânico Living 250cm Mersa Bouclê;2025-01-10;;active;;Premium;Por conta do comprador;1000;variation;1;;;182740623654;Cor: Terracota
MLB5251920582;103483;;Sofá 4 Lugares Orgânico Living 250cm Mersa Bouclê;2025-01-10;;active;;Premium;Por conta do comprador;1000;variation;1;;;182740623656;Cor: Verde
MLB3943123061;42477;7908274492510;Kit 02 Puffs Iron Suede Cinza Base Palito D'rossi;2024-12-30;;active;;Premium;Por conta do comprador;500;item;0;;;;
MLB5258172490;103631;;Poltrona Sala Decorativa Orgânica Kit 2 Stella Max Linho;2025-01-15;;active;;Classico;Por conta do comprador;147;variation;1;;;186744896465;Cor: Bege
MLB5258172490;103631;;Poltrona Sala Decorativa Orgânica Kit 2 Stella Max Linho;2025-01-15;;active;;Classico;Por conta do comprador;147;variation;1;;;186744896467;Cor: Cinza
MLB5258172490;103631;;Poltrona Sala Decorativa Orgânica Kit 2 Stella Max Linho;2025-01-15;;active;;Classico;Por conta do comprador;147;variation;1;;;186744896469;Cor: Grafite
MLB5258172490;103631;;Poltrona Sala Decorativa Orgânica Kit 2 Stella Max Linho;2025-01-15;;active;;Classico;Por conta do comprador;147;variation;1;;;186744896471;Cor: Preto
MLB5258181396;103663;;Poltrona Para Sala Decorativa Orgânica Stella Max Sintético;2025-01-15;;active;;Premium;Por conta do comprador;295;variation;1;;;182773429738;Cor: Bege
MLB5258181396;103663;;Poltrona Para Sala Decorativa Orgânica Stella Max Sintético;2025-01-15;;active;;Premium;Por conta do comprador;295;variation;1;;;182773429740;Cor: Branco
MLB5258181396;103663;;Poltrona Para Sala Decorativa Orgânica Stella Max Sintético;2025-01-15;;active;;Premium;Por conta do comprador;295;variation;1;;;182773429742;Cor: Preto
MLB5258511830;104663;;Sofá Retrátil Reclinável 4 Lugares 254cm Maili Veludo;2025-01-15;;active;;Premium;Por conta do comprador;1000;variation;1;;;186746688359;Cor: Bege
MLB5258511830;104663;;Sofá Retrátil Reclinável 4 Lugares 254cm Maili Veludo;2025-01-15;;active;;Premium;Por conta do comprador;1000;variation;1;;;186746688357;Cor: Azul
MLB5258511830;104663;;Sofá Retrátil Reclinável 4 Lugares 254cm Maili Veludo;2025-01-15;;active;;Premium;Por conta do comprador;1000;variation;1;;;186746688361;Cor: Cinza
MLB5258511830;104663;;Sofá Retrátil Reclinável 4 Lugares 254cm Maili Veludo;2025-01-15;;active;;Premium;Por conta do comprador;1000;variation;1;;;186746688363;Cor: Marrom
MLB5258511830;104663;;Sofá Retrátil Reclinável 4 Lugares 254cm Maili Veludo;2025-01-15;;active;;Premium;Por conta do comprador;1000;variation;1;;;186746688365;Cor: Preto
MLB5258511830;104663;;Sofá Retrátil Reclinável 4 Lugares 254cm Maili Veludo;2025-01-15;;active;;Premium;Por conta do comprador;0;variation;1;;;186746688367;Cor: Rose
MLB5258511830;104663;;Sofá Retrátil Reclinável 4 Lugares 254cm Maili Veludo;2025-01-15;;active;;Premium;Por conta do comprador;0;variation;1;;;186746688369;Cor: Terra
MLB5258511830;104663;;Sofá Retrátil Reclinável 4 Lugares 254cm Maili Veludo;2025-01-15;;active;;Premium;Por conta do comprador;1000;variation;1;;;186746688371;Cor: Verde
MLB5258511830;104663;;Sofá Retrátil Reclinável 4 Lugares 254cm Maili Veludo;2025-01-15;;active;;Premium;Por conta do comprador;1000;variation;1;;;186746688373;Cor: Vermelho
MLB3945681585;83699;7908748139118;Poltrona Lorem Suede Grafite Pés Chanfrado Tabaco C05 Liso;2025-01-04;;active;;Classico;Por conta do comprador;1000;item;0;;;;
MLB5258486436;104643;;Sofá Retrátil Reclinável 3 Lugares 194cm Maili Veludo;2025-01-15;;active;;Premium;Por conta do comprador;1000;variation;1;;;186746708531;Cor: Bege
MLB5258486436;104643;;Sofá Retrátil Reclinável 3 Lugares 194cm Maili Veludo;2025-01-15;;active;;Premium;Por conta do comprador;1000;variation;1;;;186746708529;Cor: Azul
MLB5258486436;104643;;Sofá Retrátil Reclinável 3 Lugares 194cm Maili Veludo;2025-01-15;;active;;Premium;Por conta do comprador;1000;variation;1;;;186746708533;Cor: Cinza
MLB5258486436;104643;;Sofá Retrátil Reclinável 3 Lugares 194cm Maili Veludo;2025-01-15;;active;;Premium;Por conta do comprador;1000;variation;1;;;186746708535;Cor: Marrom
MLB5258486436;104643;;Sofá Retrátil Reclinável 3 Lugares 194cm Maili Veludo;2025-01-15;;active;;Premium;Por conta do comprador;1000;variation;1;;;186746708537;Cor: Preto
MLB5258486436;104643;;Sofá Retrátil Reclinável 3 Lugares 194cm Maili Veludo;2025-01-15;;active;;Premium;Por conta do comprador;0;variation;1;;;186746708539;Cor: Rose
MLB5258486436;104643;;Sofá Retrátil Reclinável 3 Lugares 194cm Maili Veludo;2025-01-15;;active;;Premium;Por conta do comprador;0;variation;1;;;186746708541;Cor: Terra
MLB5258486436;104643;;Sofá Retrátil Reclinável 3 Lugares 194cm Maili Veludo;2025-01-15;;active;;Premium;Por conta do comprador;1000;variation;1;;;186746708543;Cor: Verde
MLB5258486436;104643;;Sofá Retrátil Reclinável 3 Lugares 194cm Maili Veludo;2025-01-15;;active;;Premium;Por conta do comprador;1000;variation;1;;;186746708545;Cor: Vermelho
MLB3943144049;77761;7908670855421;Balcão Para Cooktop De Cozinha Com Tampo Brenda Branco 80 Cm;2024-12-30;;active;;Classico;Frete gratis;3;item;0;;;;
MLB5258168648;103589;;Poltrona Para Sala Decorativa Orgânica Stella Max Suede;2025-01-15;;active;;Premium;Por conta do comprador;295;variation;1;;;182773369756;Cor: Bege
MLB5258168648;103589;;Poltrona Para Sala Decorativa Orgânica Stella Max Suede;2025-01-15;;active;;Premium;Por conta do comprador;295;variation;1;;;182773369754;Cor: Azul-marinho
MLB5258168648;103589;;Poltrona Para Sala Decorativa Orgânica Stella Max Suede;2025-01-15;;active;;Premium;Por conta do comprador;295;variation;1;;;182773369758;Cor: Cinza
MLB5258168648;103589;;Poltrona Para Sala Decorativa Orgânica Stella Max Suede;2025-01-15;;active;;Premium;Por conta do comprador;295;variation;1;;;182773369760;Cor: Grafite
MLB5258168648;103589;;Poltrona Para Sala Decorativa Orgânica Stella Max Suede;2025-01-15;;active;;Premium;Por conta do comprador;295;variation;1;;;182773369762;Cor: Marrom
MLB5258168648;103589;;Poltrona Para Sala Decorativa Orgânica Stella Max Suede;2025-01-15;;active;;Premium;Por conta do comprador;295;variation;1;;;182773369764;Cor: Marrom rato
MLB5258168648;103589;;Poltrona Para Sala Decorativa Orgânica Stella Max Suede;2025-01-15;;active;;Premium;Por conta do comprador;295;variation;1;;;182773369766;Cor: Preto
MLB5258168648;103589;;Poltrona Para Sala Decorativa Orgânica Stella Max Suede;2025-01-15;;active;;Premium;Por conta do comprador;295;variation;1;;;182773369768;Cor: Rosa bebê
MLB5258168648;103589;;Poltrona Para Sala Decorativa Orgânica Stella Max Suede;2025-01-15;;active;;Premium;Por conta do comprador;295;variation;1;;;182773369770;Cor: Rose
MLB5258168648;103589;;Poltrona Para Sala Decorativa Orgânica Stella Max Suede;2025-01-15;;active;;Premium;Por conta do comprador;295;variation;1;;;182773369772;Cor: Verde
MLB5258160106;103671;;Poltrona Sala Decorativa Orgânica Kit 2 Stella Max Sintético;2025-01-15;;active;;Classico;Por conta do comprador;147;variation;1;;;186744993855;Cor: Bege
MLB5258160106;103671;;Poltrona Sala Decorativa Orgânica Kit 2 Stella Max Sintético;2025-01-15;;active;;Classico;Por conta do comprador;147;variation;1;;;186744993857;Cor: Branco
MLB5258160106;103671;;Poltrona Sala Decorativa Orgânica Kit 2 Stella Max Sintético;2025-01-15;;active;;Classico;Por conta do comprador;147;variation;1;;;186744993859;Cor: Preto
MLB5258156236;103655;;Poltrona Sala Decorativa Orgânica Kit 2 Stella Max Veludo;2025-01-15;;active;;Premium;Por conta do comprador;147;variation;1;;;182773441082;Cor: Bege
MLB5258156236;103655;;Poltrona Sala Decorativa Orgânica Kit 2 Stella Max Veludo;2025-01-15;;active;;Premium;Por conta do comprador;147;variation;1;;;182773441084;Cor: Cinza
MLB5258156236;103655;;Poltrona Sala Decorativa Orgânica Kit 2 Stella Max Veludo;2025-01-15;;active;;Premium;Por conta do comprador;147;variation;1;;;182773441086;Cor: Preto
MLB5258156236;103655;;Poltrona Sala Decorativa Orgânica Kit 2 Stella Max Veludo;2025-01-15;;active;;Premium;Por conta do comprador;147;variation;1;;;182773441088;Cor: Rose
MLB5258156236;103655;;Poltrona Sala Decorativa Orgânica Kit 2 Stella Max Veludo;2025-01-15;;active;;Premium;Por conta do comprador;147;variation;1;;;182773441090;Cor: Verde
MLB5252175288;103483;;Sofá 4 Lugares Orgânico Living 250cm Mersa Bouclê;2025-01-10;;active;;Classico;Por conta do comprador;1000;variation;1;;;186701950181;Cor: Bege
MLB5252175288;103483;;Sofá 4 Lugares Orgânico Living 250cm Mersa Bouclê;2025-01-10;;active;;Classico;Por conta do comprador;1000;variation;1;;;186701950179;Cor: Azul
MLB5252175288;103483;;Sofá 4 Lugares Orgânico Living 250cm Mersa Bouclê;2025-01-10;;active;;Classico;Por conta do comprador;1000;variation;1;;;186701950183;Cor: Cinza
MLB5252175288;103483;;Sofá 4 Lugares Orgânico Living 250cm Mersa Bouclê;2025-01-10;;active;;Classico;Por conta do comprador;1000;variation;1;;;186701950185;Cor: Cinza claro
MLB5252175288;103483;;Sofá 4 Lugares Orgânico Living 250cm Mersa Bouclê;2025-01-10;;active;;Classico;Por conta do comprador;1000;variation;1;;;186701950187;Cor: Creme
MLB5252175288;103483;;Sofá 4 Lugares Orgânico Living 250cm Mersa Bouclê;2025-01-10;;active;;Classico;Por conta do comprador;1000;variation;1;;;186701950189;Cor: Terracota
MLB5252175288;103483;;Sofá 4 Lugares Orgânico Living 250cm Mersa Bouclê;2025-01-10;;active;;Classico;Por conta do comprador;1000;variation;1;;;186701950191;Cor: Verde
MLB5258160110;103611;;Poltrona Sala Decorativa Orgânica Kit 2 Stella Max Suede;2025-01-15;;active;;Classico;Por conta do comprador;147;variation;1;;;186744993873;Cor: Bege
MLB5258160110;103611;;Poltrona Sala Decorativa Orgânica Kit 2 Stella Max Suede;2025-01-15;;active;;Classico;Por conta do comprador;147;variation;1;;;186744993871;Cor: Azul-marinho
MLB5258160110;103611;;Poltrona Sala Decorativa Orgânica Kit 2 Stella Max Suede;2025-01-15;;active;;Classico;Por conta do comprador;147;variation;1;;;186744993875;Cor: Cinza
MLB5258160110;103611;;Poltrona Sala Decorativa Orgânica Kit 2 Stella Max Suede;2025-01-15;;active;;Classico;Por conta do comprador;147;variation;1;;;186744993877;Cor: Grafite
MLB5258160110;103611;;Poltrona Sala Decorativa Orgânica Kit 2 Stella Max Suede;2025-01-15;;active;;Classico;Por conta do comprador;147;variation;1;;;186744993879;Cor: Marrom
MLB5258160110;103611;;Poltrona Sala Decorativa Orgânica Kit 2 Stella Max Suede;2025-01-15;;active;;Classico;Por conta do comprador;147;variation;1;;;186744993881;Cor: Marrom rato
MLB5258160110;103611;;Poltrona Sala Decorativa Orgânica Kit 2 Stella Max Suede;2025-01-15;;active;;Classico;Por conta do comprador;147;variation;1;;;186744993883;Cor: Preto
MLB5258160110;103611;;Poltrona Sala Decorativa Orgânica Kit 2 Stella Max Suede;2025-01-15;;active;;Classico;Por conta do comprador;147;variation;1;;;186744993885;Cor: Rosa bebê
MLB5258160110;103611;;Poltrona Sala Decorativa Orgânica Kit 2 Stella Max Suede;2025-01-15;;active;;Classico;Por conta do comprador;147;variation;1;;;186744993887;Cor: Rose
MLB5258160110;103611;;Poltrona Sala Decorativa Orgânica Kit 2 Stella Max Suede;2025-01-15;;active;;Classico;Por conta do comprador;147;variation;1;;;186744993889;Cor: Verde
MLB5258084986;103643;;Poltrona Para Sala Decorativa Orgânica Stella Max Veludo;2025-01-15;;active;;Premium;Por conta do comprador;295;variation;1;;;182773462958;Cor: Bege
MLB5258084986;103643;;Poltrona Para Sala Decorativa Orgânica Stella Max Veludo;2025-01-15;;active;;Premium;Por conta do comprador;295;variation;1;;;182773462960;Cor: Cinza
MLB5258084986;103643;;Poltrona Para Sala Decorativa Orgânica Stella Max Veludo;2025-01-15;;active;;Premium;Por conta do comprador;295;variation;1;;;182773462962;Cor: Preto
MLB5258084986;103643;;Poltrona Para Sala Decorativa Orgânica Stella Max Veludo;2025-01-15;;active;;Premium;Por conta do comprador;295;variation;1;;;182773462964;Cor: Rose
MLB5258084986;103643;;Poltrona Para Sala Decorativa Orgânica Stella Max Veludo;2025-01-15;;active;;Premium;Por conta do comprador;295;variation;1;;;182773462966;Cor: Verde
MLB3952809429;104643;;Sofá Retrátil Reclinável 3 Lugares 194cm Maili Veludo;2025-01-15;;active;;Classico;Por conta do comprador;1000;variation;1;;;182774609360;Cor: Bege
MLB3952809429;104643;;Sofá Retrátil Reclinável 3 Lugares 194cm Maili Veludo;2025-01-15;;active;;Classico;Por conta do comprador;1000;variation;1;;;182774609358;Cor: Azul
MLB3952809429;104643;;Sofá Retrátil Reclinável 3 Lugares 194cm Maili Veludo;2025-01-15;;active;;Classico;Por conta do comprador;1000;variation;1;;;182774609362;Cor: Cinza
MLB3952809429;104643;;Sofá Retrátil Reclinável 3 Lugares 194cm Maili Veludo;2025-01-15;;active;;Classico;Por conta do comprador;1000;variation;1;;;182774609364;Cor: Marrom
MLB3952809429;104643;;Sofá Retrátil Reclinável 3 Lugares 194cm Maili Veludo;2025-01-15;;active;;Classico;Por conta do comprador;1000;variation;1;;;182774609366;Cor: Preto
MLB3952809429;104643;;Sofá Retrátil Reclinável 3 Lugares 194cm Maili Veludo;2025-01-15;;active;;Classico;Por conta do comprador;0;variation;1;;;182774609368;Cor: Rose
MLB3952809429;104643;;Sofá Retrátil Reclinável 3 Lugares 194cm Maili Veludo;2025-01-15;;active;;Classico;Por conta do comprador;0;variation;1;;;182774609370;Cor: Terra
MLB3952809429;104643;;Sofá Retrátil Reclinável 3 Lugares 194cm Maili Veludo;2025-01-15;;active;;Classico;Por conta do comprador;1000;variation;1;;;182774609372;Cor: Verde
MLB3952809429;104643;;Sofá Retrátil Reclinável 3 Lugares 194cm Maili Veludo;2025-01-15;;active;;Classico;Por conta do comprador;1000;variation;1;;;182774609374;Cor: Vermelho
MLB5258147256;103589;;Poltrona Para Sala Decorativa Orgânica Stella Max Suede;2025-01-15;;active;;Classico;Por conta do comprador;295;variation;1;;;186744957421;Cor: Bege
MLB5258147256;103589;;Poltrona Para Sala Decorativa Orgânica Stella Max Suede;2025-01-15;;active;;Classico;Por conta do comprador;295;variation;1;;;186744957419;Cor: Azul-marinho
MLB5258147256;103589;;Poltrona Para Sala Decorativa Orgânica Stella Max Suede;2025-01-15;;active;;Classico;Por conta do comprador;295;variation;1;;;186744957423;Cor: Cinza
MLB5258147256;103589;;Poltrona Para Sala Decorativa Orgânica Stella Max Suede;2025-01-15;;active;;Classico;Por conta do comprador;295;variation;1;;;186744957425;Cor: Grafite
MLB5258147256;103589;;Poltrona Para Sala Decorativa Orgânica Stella Max Suede;2025-01-15;;active;;Classico;Por conta do comprador;295;variation;1;;;186744957427;Cor: Marrom
MLB5258147256;103589;;Poltrona Para Sala Decorativa Orgânica Stella Max Suede;2025-01-15;;active;;Classico;Por conta do comprador;295;variation;1;;;186744957429;Cor: Marrom rato
MLB5258147256;103589;;Poltrona Para Sala Decorativa Orgânica Stella Max Suede;2025-01-15;;active;;Classico;Por conta do comprador;295;variation;1;;;186744957431;Cor: Preto
MLB5258147256;103589;;Poltrona Para Sala Decorativa Orgânica Stella Max Suede;2025-01-15;;active;;Classico;Por conta do comprador;295;variation;1;;;186744957433;Cor: Rosa bebê
MLB5258147256;103589;;Poltrona Para Sala Decorativa Orgânica Stella Max Suede;2025-01-15;;active;;Classico;Por conta do comprador;295;variation;1;;;186744957435;Cor: Rose
MLB5258147256;103589;;Poltrona Para Sala Decorativa Orgânica Stella Max Suede;2025-01-15;;active;;Classico;Por conta do comprador;295;variation;1;;;186744957437;Cor: Verde
MLB3962143101;105313;;Poltrona Sala Decorativa Redonda Orgânica Lua Linho;2025-01-28;;active;;Premium;Por conta do comprador;236;variation;1;;;186815856115;Cor: Bege
MLB3962143101;105313;;Poltrona Sala Decorativa Redonda Orgânica Lua Linho;2025-01-28;;active;;Premium;Por conta do comprador;236;variation;1;;;186815856117;Cor: Cinza
MLB3962143101;105313;;Poltrona Sala Decorativa Redonda Orgânica Lua Linho;2025-01-28;;active;;Premium;Por conta do comprador;236;variation;1;;;186815856119;Cor: Grafite
MLB3962143101;105313;;Poltrona Sala Decorativa Redonda Orgânica Lua Linho;2025-01-28;;active;;Premium;Por conta do comprador;236;variation;1;;;186815856121;Cor: Preto
MLB5258147260;103655;;Poltrona Sala Decorativa Orgânica Kit 2 Stella Max Veludo;2025-01-15;;active;;Classico;Por conta do comprador;147;variation;1;;;186744957439;Cor: Bege
MLB5258147260;103655;;Poltrona Sala Decorativa Orgânica Kit 2 Stella Max Veludo;2025-01-15;;active;;Classico;Por conta do comprador;147;variation;1;;;186744957441;Cor: Cinza
MLB5258147260;103655;;Poltrona Sala Decorativa Orgânica Kit 2 Stella Max Veludo;2025-01-15;;active;;Classico;Por conta do comprador;147;variation;1;;;186744957443;Cor: Preto
MLB5258147260;103655;;Poltrona Sala Decorativa Orgânica Kit 2 Stella Max Veludo;2025-01-15;;active;;Classico;Por conta do comprador;147;variation;1;;;186744957445;Cor: Rose
MLB5258147260;103655;;Poltrona Sala Decorativa Orgânica Kit 2 Stella Max Veludo;2025-01-15;;active;;Classico;Por conta do comprador;147;variation;1;;;186744957447;Cor: Verde
MLB5261196706;23515;7908670853700;Capa Para Almofada 42x42cm Tecido Estampado Beija Flor D'rossi Com Zíper;2025-01-17;;active;;Premium;Por conta do comprador;5;item;0;;;;
MLB5258093664;103687;;Poltrona Decorativa Orgânica Kit 2 Stella Max Sintético Pu;2025-01-15;;active;;Premium;Por conta do comprador;147;variation;1;;;182773382272;Cor: Nozes
MLB5258093664;103687;;Poltrona Decorativa Orgânica Kit 2 Stella Max Sintético Pu;2025-01-15;;active;;Premium;Por conta do comprador;147;variation;1;;;182773382270;Cor: Branco
MLB5258093664;103687;;Poltrona Decorativa Orgânica Kit 2 Stella Max Sintético Pu;2025-01-15;;active;;Premium;Por conta do comprador;147;variation;1;;;182773382274;Cor: Preto
MLB5258121720;103643;;Poltrona Para Sala Decorativa Orgânica Stella Max Veludo;2025-01-15;;active;;Classico;Por conta do comprador;295;variation;1;;;186744945585;Cor: Bege
MLB5258121720;103643;;Poltrona Para Sala Decorativa Orgânica Stella Max Veludo;2025-01-15;;active;;Classico;Por conta do comprador;295;variation;1;;;186744945587;Cor: Cinza
MLB5258121720;103643;;Poltrona Para Sala Decorativa Orgânica Stella Max Veludo;2025-01-15;;active;;Classico;Por conta do comprador;295;variation;1;;;186744945589;Cor: Preto
MLB5258121720;103643;;Poltrona Para Sala Decorativa Orgânica Stella Max Veludo;2025-01-15;;active;;Classico;Por conta do comprador;295;variation;1;;;186744945591;Cor: Rose
MLB5258121720;103643;;Poltrona Para Sala Decorativa Orgânica Stella Max Veludo;2025-01-15;;active;;Classico;Por conta do comprador;295;variation;1;;;186744945593;Cor: Verde
MLB5270032904;102649;;Poltrona Sala Decorativa Orgânica Giratória Kit 2 Lua Linho;2025-01-27;;active;;Premium;Por conta do comprador;500;variation;1;;;186812291631;Cor: Bege
MLB5270032904;102649;;Poltrona Sala Decorativa Orgânica Giratória Kit 2 Lua Linho;2025-01-27;;active;;Premium;Por conta do comprador;500;variation;1;;;186812291633;Cor: Cinza
MLB5270032904;102649;;Poltrona Sala Decorativa Orgânica Giratória Kit 2 Lua Linho;2025-01-27;;active;;Premium;Por conta do comprador;499;variation;1;;;186812291635;Cor: Grafite
MLB5270032904;102649;;Poltrona Sala Decorativa Orgânica Giratória Kit 2 Lua Linho;2025-01-27;;active;;Premium;Por conta do comprador;500;variation;1;;;186812291637;Cor: Preto
MLB5258093782;103711;;Poltrona Sala Decorativa Orgânica Stella Max Bouclê;2025-01-15;;active;;Premium;Por conta do comprador;295;variation;1;;;182773382744;Cor: Bege
MLB5258093782;103711;;Poltrona Sala Decorativa Orgânica Stella Max Bouclê;2025-01-15;;active;;Premium;Por conta do comprador;295;variation;1;;;182773382746;Cor: Cinza
MLB5258093782;103711;;Poltrona Sala Decorativa Orgânica Stella Max Bouclê;2025-01-15;;active;;Premium;Por conta do comprador;295;variation;1;;;182773382748;Cor: Grafite
MLB5258093782;103711;;Poltrona Sala Decorativa Orgânica Stella Max Bouclê;2025-01-15;;active;;Premium;Por conta do comprador;295;variation;1;;;182773382750;Cor: Menta
MLB5258093782;103711;;Poltrona Sala Decorativa Orgânica Stella Max Bouclê;2025-01-15;;active;;Premium;Por conta do comprador;295;variation;1;;;182773382752;Cor: Mostarda
MLB5258093782;103711;;Poltrona Sala Decorativa Orgânica Stella Max Bouclê;2025-01-15;;active;;Premium;Por conta do comprador;295;variation;1;;;182773382754;Cor: Off white
MLB5258093782;103711;;Poltrona Sala Decorativa Orgânica Stella Max Bouclê;2025-01-15;;active;;Premium;Por conta do comprador;295;variation;1;;;182773382756;Cor: Rose
MLB5258093782;103711;;Poltrona Sala Decorativa Orgânica Stella Max Bouclê;2025-01-15;;active;;Premium;Por conta do comprador;295;variation;1;;;182773382758;Cor: Terracota
MLB5258093782;103711;;Poltrona Sala Decorativa Orgânica Stella Max Bouclê;2025-01-15;;active;;Premium;Por conta do comprador;295;variation;1;;;182773382762;Cor: Verde
MLB3973889409;104883;;Sofá 2 Lugares Namoradeira Industrial Preto Marisa Bouclê;2025-02-11;;active;;Classico;Por conta do comprador;1000;variation;1;;;186906303097;Cor: Bege
MLB3973889409;104883;;Sofá 2 Lugares Namoradeira Industrial Preto Marisa Bouclê;2025-02-11;;active;;Classico;Por conta do comprador;0;variation;1;;;186906303099;Cor: Azul
MLB3973889409;104883;;Sofá 2 Lugares Namoradeira Industrial Preto Marisa Bouclê;2025-02-11;;active;;Classico;Por conta do comprador;1000;variation;1;;;186906303103;Cor: Cinza
MLB3973889409;104883;;Sofá 2 Lugares Namoradeira Industrial Preto Marisa Bouclê;2025-02-11;;active;;Classico;Por conta do comprador;1000;variation;1;;;186906303105;Cor: Grafite
MLB3973889409;104883;;Sofá 2 Lugares Namoradeira Industrial Preto Marisa Bouclê;2025-02-11;;active;;Classico;Por conta do comprador;0;variation;1;;;186906303101;Cor: Menta
MLB3973889409;104883;;Sofá 2 Lugares Namoradeira Industrial Preto Marisa Bouclê;2025-02-11;;active;;Classico;Por conta do comprador;1000;variation;1;;;186906303109;Cor: Mostarda
MLB3973889409;104883;;Sofá 2 Lugares Namoradeira Industrial Preto Marisa Bouclê;2025-02-11;;active;;Classico;Por conta do comprador;1000;variation;1;;;186906303111;Cor: Off white
MLB3973889409;104883;;Sofá 2 Lugares Namoradeira Industrial Preto Marisa Bouclê;2025-02-11;;active;;Classico;Por conta do comprador;1000;variation;1;;;186906303107;Cor: Pistache
MLB3973889409;104883;;Sofá 2 Lugares Namoradeira Industrial Preto Marisa Bouclê;2025-02-11;;active;;Classico;Por conta do comprador;1000;variation;1;;;186906303113;Cor: Rose
MLB3973889409;104883;;Sofá 2 Lugares Namoradeira Industrial Preto Marisa Bouclê;2025-02-11;;active;;Classico;Por conta do comprador;1000;variation;1;;;186906303115;Cor: Terra
MLB3973889409;104883;;Sofá 2 Lugares Namoradeira Industrial Preto Marisa Bouclê;2025-02-11;;active;;Classico;Por conta do comprador;1000;variation;1;;;186906303117;Cor: Verde
MLB5270032890;102639;;Poltrona Para Sala Decorativa Orgânica Giratória Lua Linho;2025-01-27;;active;;Premium;Por conta do comprador;1000;variation;1;;;186812291621;Cor: Bege
MLB5270032890;102639;;Poltrona Para Sala Decorativa Orgânica Giratória Lua Linho;2025-01-27;;active;;Premium;Por conta do comprador;1000;variation;1;;;186812291623;Cor: Cinza
MLB5270032890;102639;;Poltrona Para Sala Decorativa Orgânica Giratória Lua Linho;2025-01-27;;active;;Premium;Por conta do comprador;998;variation;1;;;186812291625;Cor: Grafite
MLB5270032890;102639;;Poltrona Para Sala Decorativa Orgânica Giratória Lua Linho;2025-01-27;;active;;Premium;Por conta do comprador;1000;variation;1;;;186812291627;Cor: Preto
MLB5258117666;103671;;Poltrona Sala Decorativa Orgânica Kit 2 Stella Max Sintético;2025-01-15;;active;;Premium;Por conta do comprador;147;variation;1;;;182773405640;Cor: Bege
MLB5258117666;103671;;Poltrona Sala Decorativa Orgânica Kit 2 Stella Max Sintético;2025-01-15;;active;;Premium;Por conta do comprador;147;variation;1;;;182773405642;Cor: Branco
MLB5258117666;103671;;Poltrona Sala Decorativa Orgânica Kit 2 Stella Max Sintético;2025-01-15;;active;;Premium;Por conta do comprador;147;variation;1;;;182773405644;Cor: Preto
MLB5258121724;103687;;Poltrona Decorativa Orgânica Kit 2 Stella Max Sintético Pu;2025-01-15;;active;;Classico;Por conta do comprador;147;variation;1;;;186744945597;Cor: Nozes
MLB5258121724;103687;;Poltrona Decorativa Orgânica Kit 2 Stella Max Sintético Pu;2025-01-15;;active;;Classico;Por conta do comprador;147;variation;1;;;186744945595;Cor: Branco
MLB5258121724;103687;;Poltrona Decorativa Orgânica Kit 2 Stella Max Sintético Pu;2025-01-15;;active;;Classico;Por conta do comprador;147;variation;1;;;186744945599;Cor: Preto
MLB5270851980;105281;;Poltrona Sala Decorativa Redonda Orgânica Lua Suede;2025-01-28;;active;;Premium;Por conta do comprador;236;variation;1;;;186815806237;Cor: Bege
MLB5270851980;105281;;Poltrona Sala Decorativa Redonda Orgânica Lua Suede;2025-01-28;;active;;Premium;Por conta do comprador;236;variation;1;;;186815806235;Cor: Azul-marinho
MLB5270851980;105281;;Poltrona Sala Decorativa Redonda Orgânica Lua Suede;2025-01-28;;active;;Premium;Por conta do comprador;236;variation;1;;;186815806239;Cor: Cinza
MLB5270851980;105281;;Poltrona Sala Decorativa Redonda Orgânica Lua Suede;2025-01-28;;active;;Premium;Por conta do comprador;236;variation;1;;;186815806241;Cor: Grafite
MLB5270851980;105281;;Poltrona Sala Decorativa Redonda Orgânica Lua Suede;2025-01-28;;active;;Premium;Por conta do comprador;236;variation;1;;;186815806243;Cor: Marrom
MLB5270851980;105281;;Poltrona Sala Decorativa Redonda Orgânica Lua Suede;2025-01-28;;active;;Premium;Por conta do comprador;236;variation;1;;;186815806245;Cor: Marrom rato
MLB5270851980;105281;;Poltrona Sala Decorativa Redonda Orgânica Lua Suede;2025-01-28;;active;;Premium;Por conta do comprador;236;variation;1;;;186815806247;Cor: Preto
MLB5270851980;105281;;Poltrona Sala Decorativa Redonda Orgânica Lua Suede;2025-01-28;;active;;Premium;Por conta do comprador;236;variation;1;;;186815806249;Cor: Rosa bebê
MLB5270851980;105281;;Poltrona Sala Decorativa Redonda Orgânica Lua Suede;2025-01-28;;active;;Premium;Por conta do comprador;236;variation;1;;;186815806251;Cor: Rose
MLB5270851980;105281;;Poltrona Sala Decorativa Redonda Orgânica Lua Suede;2025-01-28;;active;;Premium;Por conta do comprador;236;variation;1;;;186815806253;Cor: Verde
MLB5258134204;103621;;Poltrona Para Sala Decorativa Orgânica Stella Max Linho;2025-01-15;;active;;Classico;Por conta do comprador;295;variation;1;;;186745053349;Cor: Bege
MLB5258134204;103621;;Poltrona Para Sala Decorativa Orgânica Stella Max Linho;2025-01-15;;active;;Classico;Por conta do comprador;295;variation;1;;;186745053351;Cor: Cinza
MLB5258134204;103621;;Poltrona Para Sala Decorativa Orgânica Stella Max Linho;2025-01-15;;active;;Classico;Por conta do comprador;295;variation;1;;;186745053353;Cor: Grafite
MLB5258134204;103621;;Poltrona Para Sala Decorativa Orgânica Stella Max Linho;2025-01-15;;active;;Classico;Por conta do comprador;295;variation;1;;;186745053355;Cor: Preto
MLB3952705887;104603;;Sofá Retrátil Reclinável 4 Lugares 254cm Maili Bouclê;2025-01-15;;active;;Classico;Por conta do comprador;1000;variation;1;;;186746543429;Cor: Bege
MLB3952705887;104603;;Sofá Retrátil Reclinável 4 Lugares 254cm Maili Bouclê;2025-01-15;;active;;Classico;Por conta do comprador;1000;variation;1;;;186746543427;Cor: Azul
MLB3952705887;104603;;Sofá Retrátil Reclinável 4 Lugares 254cm Maili Bouclê;2025-01-15;;active;;Classico;Por conta do comprador;1000;variation;1;;;186746543431;Cor: Cinza
MLB3952705887;104603;;Sofá Retrátil Reclinável 4 Lugares 254cm Maili Bouclê;2025-01-15;;active;;Classico;Por conta do comprador;1000;variation;1;;;186746543433;Cor: Cinza claro
MLB3952705887;104603;;Sofá Retrátil Reclinável 4 Lugares 254cm Maili Bouclê;2025-01-15;;active;;Classico;Por conta do comprador;1000;variation;1;;;186746543435;Cor: Creme
MLB3952705887;104603;;Sofá Retrátil Reclinável 4 Lugares 254cm Maili Bouclê;2025-01-15;;active;;Classico;Por conta do comprador;1000;variation;1;;;186746543437;Cor: Verde
MLB5273629670;88043;7908748181087;Namoradeira E 2 Poltronas Elisa Base Madeira Preto Sintético Pu Preto - Drossi Liso;2025-01-31;;active;;Premium;Por conta do comprador;503;item;0;;;;
MLB3962208323;105313;;Poltrona Para Sala Decorativa Redonda Orgânica Lua Linho;2025-01-28;;active;;Classico;Por conta do comprador;236;variation;1;;;186815665961;Cor: Bege
MLB3962208323;105313;;Poltrona Para Sala Decorativa Redonda Orgânica Lua Linho;2025-01-28;;active;;Classico;Por conta do comprador;236;variation;1;;;186815665963;Cor: Cinza
MLB3962208323;105313;;Poltrona Para Sala Decorativa Redonda Orgânica Lua Linho;2025-01-28;;active;;Classico;Por conta do comprador;236;variation;1;;;186815665965;Cor: Grafite
MLB3962208323;105313;;Poltrona Para Sala Decorativa Redonda Orgânica Lua Linho;2025-01-28;;active;;Classico;Por conta do comprador;236;variation;1;;;186815665967;Cor: Preto
MLB3952733973;104663;;Sofá Retrátil Reclinável 4 Lugares 254cm Maili Veludo;2025-01-15;;active;;Classico;Por conta do comprador;1000;variation;1;;;182774560294;Cor: Bege
MLB3952733973;104663;;Sofá Retrátil Reclinável 4 Lugares 254cm Maili Veludo;2025-01-15;;active;;Classico;Por conta do comprador;1000;variation;1;;;182774560292;Cor: Azul
MLB3952733973;104663;;Sofá Retrátil Reclinável 4 Lugares 254cm Maili Veludo;2025-01-15;;active;;Classico;Por conta do comprador;1000;variation;1;;;182774560296;Cor: Cinza
MLB3952733973;104663;;Sofá Retrátil Reclinável 4 Lugares 254cm Maili Veludo;2025-01-15;;active;;Classico;Por conta do comprador;1000;variation;1;;;182774560298;Cor: Marrom
MLB3952733973;104663;;Sofá Retrátil Reclinável 4 Lugares 254cm Maili Veludo;2025-01-15;;active;;Classico;Por conta do comprador;1000;variation;1;;;182774560300;Cor: Preto
MLB3952733973;104663;;Sofá Retrátil Reclinável 4 Lugares 254cm Maili Veludo;2025-01-15;;active;;Classico;Por conta do comprador;0;variation;1;;;182774560302;Cor: Rose
MLB3952733973;104663;;Sofá Retrátil Reclinável 4 Lugares 254cm Maili Veludo;2025-01-15;;active;;Classico;Por conta do comprador;0;variation;1;;;182774560304;Cor: Terra
MLB3952733973;104663;;Sofá Retrátil Reclinável 4 Lugares 254cm Maili Veludo;2025-01-15;;active;;Classico;Por conta do comprador;1000;variation;1;;;182774560306;Cor: Verde
MLB3952733973;104663;;Sofá Retrátil Reclinável 4 Lugares 254cm Maili Veludo;2025-01-15;;active;;Classico;Por conta do comprador;1000;variation;1;;;182774560308;Cor: Vermelho
MLB5320338272;106303;;Rack Bancada Para Sala Tv 85 Pol 220cm Alissa H01 - D'rossi;2025-03-17;;active;;Premium;Por conta do comprador;998;variation;1;;;187241559835;Cor: Off White e Cinamomo
MLB5320338272;106303;;Rack Bancada Para Sala Tv 85 Pol 220cm Alissa H01 - D'rossi;2025-03-17;;active;;Premium;Por conta do comprador;998;variation;1;;;187241559837;Cor: Off white e Castanho
MLB4009663763;102897;;Sofá 4 Lugares Orgânico 220 Cm Morgan Sala Veludo - D'rossi;2025-03-21;;active;;Premium;Por conta do comprador;168;variation;1;;;187285840593;Cor: Bege
MLB4009663763;102897;;Sofá 4 Lugares Orgânico 220 Cm Morgan Sala Veludo - D'rossi;2025-03-21;;active;;Premium;Por conta do comprador;168;variation;1;;;187285840595;Cor: Cinza
MLB4009663763;102897;;Sofá 4 Lugares Orgânico 220 Cm Morgan Sala Veludo - D'rossi;2025-03-21;;active;;Premium;Por conta do comprador;168;variation;1;;;187285840597;Cor: Preto
MLB4009663763;102897;;Sofá 4 Lugares Orgânico 220 Cm Morgan Sala Veludo - D'rossi;2025-03-21;;active;;Premium;Por conta do comprador;168;variation;1;;;187285840599;Cor: Rose
MLB4009663763;102897;;Sofá 4 Lugares Orgânico 220 Cm Morgan Sala Veludo - D'rossi;2025-03-21;;active;;Premium;Por conta do comprador;168;variation;1;;;187285840601;Cor: Verde
MLB4009663763;102897;;Sofá 4 Lugares Orgânico 220 Cm Morgan Sala Veludo - D'rossi;2025-03-21;;active;;Premium;Por conta do comprador;168;variation;1;;;187285840603;Cor: Mostarda
MLB4009663763;102897;;Sofá 4 Lugares Orgânico 220 Cm Morgan Sala Veludo - D'rossi;2025-03-21;;active;;Premium;Por conta do comprador;168;variation;1;;;187285840605;Cor: Marsala
MLB3973570199;95825;;Prateleira Para Microondas E Forno Nicho Suspenso Thai 60cm;2025-02-11;;active;;Classico;Por conta do comprador;5;variation;1;;;182880085166;Cor: Branco
MLB3973570199;95825;;Prateleira Para Microondas E Forno Nicho Suspenso Thai 60cm;2025-02-11;;active;;Classico;Por conta do comprador;5;variation;1;;;182880085168;Cor: Marrom
MLB3973570199;95825;;Prateleira Para Microondas E Forno Nicho Suspenso Thai 60cm;2025-02-11;;active;;Classico;Por conta do comprador;4;variation;1;;;182880085170;Cor: Grafite
MLB3973570199;95825;;Prateleira Para Microondas E Forno Nicho Suspenso Thai 60cm;2025-02-11;;active;;Classico;Por conta do comprador;13;variation;1;;;182880085172;Cor: Preto
MLB3973671377;104883;;Sofá 2 Lugares Namoradeira Industrial Preto Marisa Bouclê;2025-02-11;;active;;Premium;Por conta do comprador;1000;variation;1;;;186906412531;Cor: Bege
MLB3973671377;104883;;Sofá 2 Lugares Namoradeira Industrial Preto Marisa Bouclê;2025-02-11;;active;;Premium;Por conta do comprador;0;variation;1;;;186906412529;Cor: Azul
MLB3973671377;104883;;Sofá 2 Lugares Namoradeira Industrial Preto Marisa Bouclê;2025-02-11;;active;;Premium;Por conta do comprador;1000;variation;1;;;186906412533;Cor: Cinza
MLB3973671377;104883;;Sofá 2 Lugares Namoradeira Industrial Preto Marisa Bouclê;2025-02-11;;active;;Premium;Por conta do comprador;1000;variation;1;;;186906412535;Cor: Grafite
MLB3973671377;104883;;Sofá 2 Lugares Namoradeira Industrial Preto Marisa Bouclê;2025-02-11;;active;;Premium;Por conta do comprador;0;variation;1;;;186906412527;Cor: Menta
MLB3973671377;104883;;Sofá 2 Lugares Namoradeira Industrial Preto Marisa Bouclê;2025-02-11;;active;;Premium;Por conta do comprador;1000;variation;1;;;186906412539;Cor: Mostarda
MLB3973671377;104883;;Sofá 2 Lugares Namoradeira Industrial Preto Marisa Bouclê;2025-02-11;;active;;Premium;Por conta do comprador;1000;variation;1;;;186906412541;Cor: Off white
MLB3973671377;104883;;Sofá 2 Lugares Namoradeira Industrial Preto Marisa Bouclê;2025-02-11;;active;;Premium;Por conta do comprador;1000;variation;1;;;186906412537;Cor: Pistache
MLB3973671377;104883;;Sofá 2 Lugares Namoradeira Industrial Preto Marisa Bouclê;2025-02-11;;active;;Premium;Por conta do comprador;1000;variation;1;;;186906412543;Cor: Rose
MLB3973671377;104883;;Sofá 2 Lugares Namoradeira Industrial Preto Marisa Bouclê;2025-02-11;;active;;Premium;Por conta do comprador;1000;variation;1;;;186906412545;Cor: Terra
MLB3973671377;104883;;Sofá 2 Lugares Namoradeira Industrial Preto Marisa Bouclê;2025-02-11;;active;;Premium;Por conta do comprador;1000;variation;1;;;186906412547;Cor: Verde
MLB5300210432;81585;7908748102945;Sofá Namoradeira Elisa Suede Rosa Bebê Pés Palito Natural;2025-02-26;;active;;Classico;Por conta do comprador;328;item;0;;;;
MLB5301536996;53794;7908477223805;Armário Aéreo Mdp Moderno 70cm Lumil Móveis Branco E Castanho;2025-02-27;;active;;Premium;Frete gratis;9;item;0;;;;
MLB5292867396;58770;7908477262361;Poltrona Giratória Elisa Linho Grafite A26 Base Madeira Mm30 Liso;2025-02-19;;active;;Premium;Por conta do comprador;1000;item;0;;;;
MLB3998650135;102629;;Poltrona Decorativa Orgânica Giratória Kit 2 Lua Veludo;2025-03-10;;active;;Premium;Por conta do comprador;500;variation;1;;;183095676590;Cor: Bege
MLB3998650135;102629;;Poltrona Decorativa Orgânica Giratória Kit 2 Lua Veludo;2025-03-10;;active;;Premium;Por conta do comprador;500;variation;1;;;183095676592;Cor: Cinza
MLB3998650135;102629;;Poltrona Decorativa Orgânica Giratória Kit 2 Lua Veludo;2025-03-10;;active;;Premium;Por conta do comprador;500;variation;1;;;183095676594;Cor: Preto
MLB3998650135;102629;;Poltrona Decorativa Orgânica Giratória Kit 2 Lua Veludo;2025-03-10;;active;;Premium;Por conta do comprador;500;variation;1;;;183095676596;Cor: Rose
MLB3998650135;102629;;Poltrona Decorativa Orgânica Giratória Kit 2 Lua Veludo;2025-03-10;;active;;Premium;Por conta do comprador;500;variation;1;;;183095676598;Cor: Verde
MLB4006390785;106315;;Balcão Aparador Buffet Anabelle Off;2025-03-18;;active;;Premium;Por conta do comprador;1000;variation;1;;;183155724602;Cor: Off white
MLB4006390785;106315;;Balcão Aparador Buffet Anabelle Off;2025-03-18;;active;;Premium;Por conta do comprador;999;variation;1;;;183155724604;Cor: Off White e Cinamomo
MLB3998419973;103333;;Sofá 4 Lugares Orgânico 220cm Morgan 2 Poltronas Lua Bouclê;2025-03-10;;active;;Premium;Por conta do comprador;168;variation;1;;;187171456181;Cor: Bege
MLB3998419973;103333;;Sofá 4 Lugares Orgânico 220cm Morgan 2 Poltronas Lua Bouclê;2025-03-10;;active;;Premium;Por conta do comprador;168;variation;1;;;187171456183;Cor: Cinza
MLB3998419973;103333;;Sofá 4 Lugares Orgânico 220cm Morgan 2 Poltronas Lua Bouclê;2025-03-10;;active;;Premium;Por conta do comprador;168;variation;1;;;187171456185;Cor: Grafite
MLB3998419973;103333;;Sofá 4 Lugares Orgânico 220cm Morgan 2 Poltronas Lua Bouclê;2025-03-10;;active;;Premium;Por conta do comprador;168;variation;1;;;187171456187;Cor: Mostarda
MLB3998419973;103333;;Sofá 4 Lugares Orgânico 220cm Morgan 2 Poltronas Lua Bouclê;2025-03-10;;active;;Premium;Por conta do comprador;168;variation;1;;;187171456189;Cor: Off white
MLB3998419973;103333;;Sofá 4 Lugares Orgânico 220cm Morgan 2 Poltronas Lua Bouclê;2025-03-10;;active;;Premium;Por conta do comprador;168;variation;1;;;187171456191;Cor: Rose
MLB3998419973;103333;;Sofá 4 Lugares Orgânico 220cm Morgan 2 Poltronas Lua Bouclê;2025-03-10;;active;;Premium;Por conta do comprador;168;variation;1;;;187171456193;Cor: Terracota
MLB3998419973;103333;;Sofá 4 Lugares Orgânico 220cm Morgan 2 Poltronas Lua Bouclê;2025-03-10;;active;;Premium;Por conta do comprador;168;variation;1;;;187171456195;Cor: Pistache
MLB3998419973;103333;;Sofá 4 Lugares Orgânico 220cm Morgan 2 Poltronas Lua Bouclê;2025-03-10;;active;;Premium;Por conta do comprador;168;variation;1;;;187171456197;Cor: Verde
MLB5308455380;105403;;Poltrona Para Sala Decorativa Orgânica Lua Bouclê - D'rossi;2025-03-06;;active;;Premium;Por conta do comprador;236;variation;1;;;187135666737;Cor: Bege
MLB5308455380;105403;;Poltrona Para Sala Decorativa Orgânica Lua Bouclê - D'rossi;2025-03-06;;active;;Premium;Por conta do comprador;236;variation;1;;;187135666739;Cor: Cinza
MLB5308455380;105403;;Poltrona Para Sala Decorativa Orgânica Lua Bouclê - D'rossi;2025-03-06;;active;;Premium;Por conta do comprador;236;variation;1;;;187135666741;Cor: Grafite
MLB5308455380;105403;;Poltrona Para Sala Decorativa Orgânica Lua Bouclê - D'rossi;2025-03-06;;active;;Premium;Por conta do comprador;236;variation;1;;;187135666743;Cor: Verde Pistache
MLB5308455380;105403;;Poltrona Para Sala Decorativa Orgânica Lua Bouclê - D'rossi;2025-03-06;;active;;Premium;Por conta do comprador;236;variation;1;;;187135666745;Cor: Mostarda
MLB5308455380;105403;;Poltrona Para Sala Decorativa Orgânica Lua Bouclê - D'rossi;2025-03-06;;active;;Premium;Por conta do comprador;236;variation;1;;;187135666747;Cor: Off white
MLB5308455380;105403;;Poltrona Para Sala Decorativa Orgânica Lua Bouclê - D'rossi;2025-03-06;;active;;Premium;Por conta do comprador;236;variation;1;;;187135666749;Cor: Rose
MLB5308455380;105403;;Poltrona Para Sala Decorativa Orgânica Lua Bouclê - D'rossi;2025-03-06;;active;;Premium;Por conta do comprador;236;variation;1;;;187135666751;Cor: Terra
MLB5308455380;105403;;Poltrona Para Sala Decorativa Orgânica Lua Bouclê - D'rossi;2025-03-06;;active;;Premium;Por conta do comprador;236;variation;1;;;187135666753;Cor: Verde
MLB5308455380;105403;;Poltrona Para Sala Decorativa Orgânica Lua Bouclê - D'rossi;2025-03-06;;active;;Premium;Por conta do comprador;236;variation;1;;;187135666755;Cor: Azul
MLB3999136403;105335;;Poltrona Sala Decorativa Orgânica Lua Veludo;2025-03-11;;active;;Premium;Por conta do comprador;1000;variation;1;;;183104260464;Cor: Bege
MLB3999136403;105335;;Poltrona Sala Decorativa Orgânica Lua Veludo;2025-03-11;;active;;Premium;Por conta do comprador;1000;variation;1;;;183104260466;Cor: Cinza
MLB3999136403;105335;;Poltrona Sala Decorativa Orgânica Lua Veludo;2025-03-11;;active;;Premium;Por conta do comprador;1000;variation;1;;;183104260468;Cor: Preto
MLB3999136403;105335;;Poltrona Sala Decorativa Orgânica Lua Veludo;2025-03-11;;active;;Premium;Por conta do comprador;1000;variation;1;;;183104260470;Cor: Rose
MLB3999136403;105335;;Poltrona Sala Decorativa Orgânica Lua Veludo;2025-03-11;;active;;Premium;Por conta do comprador;1000;variation;1;;;183104260472;Cor: Verde
MLB5309062188;105899;;Sofá 2 Lugares Orgânico 135cm Maraú Bouclê;2025-03-06;;active;;Premium;Por conta do comprador;13;variation;1;;;187241164421;Cor: Bege D
MLB5309062188;105899;;Sofá 2 Lugares Orgânico 135cm Maraú Bouclê;2025-03-06;;active;;Premium;Por conta do comprador;0;variation;1;;;187241164419;Cor: Creme D
MLB5309062188;105899;;Sofá 2 Lugares Orgânico 135cm Maraú Bouclê;2025-03-06;;active;;Premium;Por conta do comprador;3;variation;1;;;187241164423;Cor: Creme P
MLB5309062188;105899;;Sofá 2 Lugares Orgânico 135cm Maraú Bouclê;2025-03-06;;active;;Premium;Por conta do comprador;5;variation;1;;;187241164425;Cor: Bege P
MLB5301453770;82091;7908748104680;Poltrona Elisa Linho Bege A19 Pés Palito Natural - D'rossi Liso;2025-02-27;;active;;Premium;Por conta do comprador;328;item;0;;;;
MLB5310309892;103215;;Sofá 2 Lugares Orgânico 140cm Morgan E Poltrona Lua Bouclê;2025-03-07;;active;;Premium;Por conta do comprador;236;variation;1;;;187147672187;Cor: Bege
MLB5310309892;103215;;Sofá 2 Lugares Orgânico 140cm Morgan E Poltrona Lua Bouclê;2025-03-07;;active;;Premium;Por conta do comprador;236;variation;1;;;187147672189;Cor: Cinza
MLB5310309892;103215;;Sofá 2 Lugares Orgânico 140cm Morgan E Poltrona Lua Bouclê;2025-03-07;;active;;Premium;Por conta do comprador;236;variation;1;;;187147672191;Cor: Grafite
MLB5310309892;103215;;Sofá 2 Lugares Orgânico 140cm Morgan E Poltrona Lua Bouclê;2025-03-07;;active;;Premium;Por conta do comprador;236;variation;1;;;187147672193;Cor: Mostarda
MLB5310309892;103215;;Sofá 2 Lugares Orgânico 140cm Morgan E Poltrona Lua Bouclê;2025-03-07;;active;;Premium;Por conta do comprador;236;variation;1;;;187147672195;Cor: Off white
MLB5310309892;103215;;Sofá 2 Lugares Orgânico 140cm Morgan E Poltrona Lua Bouclê;2025-03-07;;active;;Premium;Por conta do comprador;236;variation;1;;;187147672197;Cor: Rose
MLB5310309892;103215;;Sofá 2 Lugares Orgânico 140cm Morgan E Poltrona Lua Bouclê;2025-03-07;;active;;Premium;Por conta do comprador;236;variation;1;;;187147672199;Cor: Terracota
MLB5310309892;103215;;Sofá 2 Lugares Orgânico 140cm Morgan E Poltrona Lua Bouclê;2025-03-07;;active;;Premium;Por conta do comprador;236;variation;1;;;187147672201;Cor: Pistache
MLB5310309892;103215;;Sofá 2 Lugares Orgânico 140cm Morgan E Poltrona Lua Bouclê;2025-03-07;;active;;Premium;Por conta do comprador;236;variation;1;;;187147672203;Cor: Verde
MLB3952446821;103735;;Poltrona Sala Decorativa Orgânica Kit 2 Stella Max Bouclê;2025-01-15;;active;;Premium;Por conta do comprador;147;variation;1;;;186745028633;Cor: Bege
MLB3952446821;103735;;Poltrona Sala Decorativa Orgânica Kit 2 Stella Max Bouclê;2025-01-15;;active;;Premium;Por conta do comprador;147;variation;1;;;186745028637;Cor: Cinza
MLB3952446821;103735;;Poltrona Sala Decorativa Orgânica Kit 2 Stella Max Bouclê;2025-01-15;;active;;Premium;Por conta do comprador;147;variation;1;;;186745028639;Cor: Grafite
MLB3952446821;103735;;Poltrona Sala Decorativa Orgânica Kit 2 Stella Max Bouclê;2025-01-15;;active;;Premium;Por conta do comprador;147;variation;1;;;186745028641;Cor: Menta
MLB3952446821;103735;;Poltrona Sala Decorativa Orgânica Kit 2 Stella Max Bouclê;2025-01-15;;active;;Premium;Por conta do comprador;147;variation;1;;;186745028643;Cor: Mostarda
MLB3952446821;103735;;Poltrona Sala Decorativa Orgânica Kit 2 Stella Max Bouclê;2025-01-15;;active;;Premium;Por conta do comprador;147;variation;1;;;186745028645;Cor: Off white
MLB3952446821;103735;;Poltrona Sala Decorativa Orgânica Kit 2 Stella Max Bouclê;2025-01-15;;active;;Premium;Por conta do comprador;147;variation;1;;;186745028647;Cor: Rose
MLB3952446821;103735;;Poltrona Sala Decorativa Orgânica Kit 2 Stella Max Bouclê;2025-01-15;;active;;Premium;Por conta do comprador;147;variation;1;;;186745028649;Cor: Terracota
MLB3952446821;103735;;Poltrona Sala Decorativa Orgânica Kit 2 Stella Max Bouclê;2025-01-15;;active;;Premium;Por conta do comprador;147;variation;1;;;186745028653;Cor: Verde
MLB4169466508;;;Paneleiro Torre Quente Para Cozinha 02 Portas Ruth 56cm;2025-03-20;;active;MLB4169466508;Premium;Por conta do comprador;11;variation;1;;;189882798929;Cor: Branco
MLB4169466508;;;Paneleiro Torre Quente Para Cozinha 02 Portas Ruth 56cm;2025-03-20;;active;MLB4169466508;Premium;Por conta do comprador;5;variation;1;;;189882798931;Cor: Branco e Preto
MLB4169466508;;;Paneleiro Torre Quente Para Cozinha 02 Portas Ruth 56cm;2025-03-20;;active;MLB4169466508;Premium;Por conta do comprador;4;variation;1;;;189882798933;Cor: Castanho/Cinza
MLB4169466508;;;Paneleiro Torre Quente Para Cozinha 02 Portas Ruth 56cm;2025-03-20;;active;MLB4169466508;Premium;Por conta do comprador;0;variation;1;;;189882798935;Cor: Castanho/Preto
MLB4169466508;;;Paneleiro Torre Quente Para Cozinha 02 Portas Ruth 56cm;2025-03-20;;active;MLB4169466508;Premium;Por conta do comprador;7;variation;1;;;189882798937;Cor: Preto
MLB4169466508;;;Paneleiro Torre Quente Para Cozinha 02 Portas Ruth 56cm;2025-03-20;;active;MLB4169466508;Premium;Por conta do comprador;12;variation;1;;;189882798939;Cor: Preto/Cinza
MLB5317632820;106213;7908940070639;Poltrona Sala Pé Ferro Preto Stella Veludo Text Marsala Vermelho Liso;2025-03-14;;active;;Premium;Por conta do comprador;267;item;0;;;;
MLB5302716092;90043;7908847638970;Cabeceira Opala Para Cama Box Queen 160 Cm Suede Cinza;2025-02-28;;active;;Premium;Por conta do comprador;1000;item;0;;;;
MLB5323875222;106431;7908940072176;Sofá 2 Lugares Orgânico 140 Cm Morgan Veludo Mostarda Amarelo Liso;2025-03-20;;active;;Premium;Por conta do comprador;236;item;0;;;;
MLB3870491767;101049;;Cadeira Sala De Jantar Pé Ferro Dourado Kit 2 Stella Bouclê;2024-10-07;;active;;Classico;Frete gratis;137;variation;1;;;181857890552;Cor: Azul
MLB3870491767;101049;;Cadeira Sala De Jantar Pé Ferro Dourado Kit 2 Stella Bouclê;2024-10-07;;active;;Classico;Frete gratis;136;variation;1;;;181857890554;Cor: Bege
MLB3870491767;101049;;Cadeira Sala De Jantar Pé Ferro Dourado Kit 2 Stella Bouclê;2024-10-07;;active;;Classico;Frete gratis;137;variation;1;;;181857890556;Cor: Cinza
MLB3870491767;101049;;Cadeira Sala De Jantar Pé Ferro Dourado Kit 2 Stella Bouclê;2024-10-07;;active;;Classico;Frete gratis;137;variation;1;;;181857890558;Cor: Grafite
MLB3870491767;101049;;Cadeira Sala De Jantar Pé Ferro Dourado Kit 2 Stella Bouclê;2024-10-07;;active;;Classico;Frete gratis;137;variation;1;;;181857890560;Cor: Verde Pistache
MLB3870491767;101049;;Cadeira Sala De Jantar Pé Ferro Dourado Kit 2 Stella Bouclê;2024-10-07;;active;;Classico;Frete gratis;137;variation;1;;;181857890562;Cor: Mostarda
MLB3870491767;101049;;Cadeira Sala De Jantar Pé Ferro Dourado Kit 2 Stella Bouclê;2024-10-07;;active;;Classico;Frete gratis;137;variation;1;;;181857890564;Cor: Off White
MLB3870491767;101049;;Cadeira Sala De Jantar Pé Ferro Dourado Kit 2 Stella Bouclê;2024-10-07;;active;;Classico;Frete gratis;137;variation;1;;;181857890566;Cor: Rose
MLB3870491767;101049;;Cadeira Sala De Jantar Pé Ferro Dourado Kit 2 Stella Bouclê;2024-10-07;;active;;Classico;Frete gratis;137;variation;1;;;181857890568;Cor: Terra
MLB3870491767;101049;;Cadeira Sala De Jantar Pé Ferro Dourado Kit 2 Stella Bouclê;2024-10-07;;active;;Classico;Frete gratis;137;variation;1;;;181857890570;Cor: Verde
MLB3870491767;101049;;Cadeira Sala De Jantar Pé Ferro Dourado Kit 2 Stella Bouclê;2024-10-07;;active;;Classico;Frete gratis;0;variation;1;;;181857890572;Cor: Verde Menta
MLB5144141404;102333;;Poltrona Sala Industrial Dourado Anitta Sintético Pu;2024-10-28;;active;;Classico;Por conta do comprador;1000;variation;1;;;182049781662;Cor: Nozes
MLB5144141404;102333;;Poltrona Sala Industrial Dourado Anitta Sintético Pu;2024-10-28;;active;;Classico;Por conta do comprador;1000;variation;1;;;182049781664;Cor: Preto
MLB5144141404;102333;;Poltrona Sala Industrial Dourado Anitta Sintético Pu;2024-10-28;;active;;Classico;Por conta do comprador;1000;variation;1;;;182049781666;Cor: Branco
MLB5144627272;102389;;Sofá Namoradeira 2 Lug Industrial Pto Anitta Sintético Pu;2024-10-28;;active;;Premium;Por conta do comprador;1000;variation;1;;;182050846220;Cor: Nozes
MLB5144627272;102389;;Sofá Namoradeira 2 Lug Industrial Pto Anitta Sintético Pu;2024-10-28;;active;;Premium;Por conta do comprador;1000;variation;1;;;182050846222;Cor: Preto
MLB5144627272;102389;;Sofá Namoradeira 2 Lug Industrial Pto Anitta Sintético Pu;2024-10-28;;active;;Premium;Por conta do comprador;1000;variation;1;;;182050846224;Cor: Branco
MLB3498234691;6336;7908439208567;Poltrona Sala Stella Suede Bege Pés Palito Madeira- D'rossi;2023-11-01;;active;;Premium;Por conta do comprador;296;item;0;;;;
MLB5133284520;101689;;Cadeira Sala De Jantar Industrial Dourado Kit 8 Liz Linho;2024-10-22;;active;;Premium;Por conta do comprador;124;variation;1;;;181992974442;Cor: Bege
MLB5133284520;101689;;Cadeira Sala De Jantar Industrial Dourado Kit 8 Liz Linho;2024-10-22;;active;;Premium;Por conta do comprador;124;variation;1;;;181992974444;Cor: Cinza
MLB5133284520;101689;;Cadeira Sala De Jantar Industrial Dourado Kit 8 Liz Linho;2024-10-22;;active;;Premium;Por conta do comprador;2;variation;1;;;181992974446;Cor: Grafite
MLB5133284520;101689;;Cadeira Sala De Jantar Industrial Dourado Kit 8 Liz Linho;2024-10-22;;active;;Premium;Por conta do comprador;124;variation;1;;;181992974448;Cor: Preto
MLB3886602417;101853;;Cadeira Sala De Jantar Em Madeira Yara Suede;2024-10-23;;active;;Premium;Frete gratis;1000;variation;1;;;185662153003;Cor: Bege
MLB3886602417;101853;;Cadeira Sala De Jantar Em Madeira Yara Suede;2024-10-23;;active;;Premium;Frete gratis;1000;variation;1;;;185662153001;Cor: Azul Marinho
MLB3886602417;101853;;Cadeira Sala De Jantar Em Madeira Yara Suede;2024-10-23;;active;;Premium;Frete gratis;1000;variation;1;;;185662153005;Cor: Cinza
MLB3886602417;101853;;Cadeira Sala De Jantar Em Madeira Yara Suede;2024-10-23;;active;;Premium;Frete gratis;1000;variation;1;;;185662153007;Cor: Grafite
MLB3886602417;101853;;Cadeira Sala De Jantar Em Madeira Yara Suede;2024-10-23;;active;;Premium;Frete gratis;1000;variation;1;;;185662153009;Cor: Marrom
MLB3886602417;101853;;Cadeira Sala De Jantar Em Madeira Yara Suede;2024-10-23;;active;;Premium;Frete gratis;1000;variation;1;;;185662153011;Cor: Marrom Rato
MLB3886602417;101853;;Cadeira Sala De Jantar Em Madeira Yara Suede;2024-10-23;;active;;Premium;Frete gratis;1000;variation;1;;;185662153013;Cor: Preto
MLB3886602417;101853;;Cadeira Sala De Jantar Em Madeira Yara Suede;2024-10-23;;active;;Premium;Frete gratis;1000;variation;1;;;185662153015;Cor: Rosa Bebê
MLB3886602417;101853;;Cadeira Sala De Jantar Em Madeira Yara Suede;2024-10-23;;active;;Premium;Frete gratis;1000;variation;1;;;185662153017;Cor: Rose
MLB3886602417;101853;;Cadeira Sala De Jantar Em Madeira Yara Suede;2024-10-23;;active;;Premium;Frete gratis;1000;variation;1;;;185662153019;Cor: Verde
MLB5134802432;101327;;Cadeira Sala De Jantar Industrial Dour Kit 10 Liz Suede;2024-10-23;;active;;Premium;Por conta do comprador;99;variation;1;;;182002808796;Cor: Azul Marinho
MLB5134802432;101327;;Cadeira Sala De Jantar Industrial Dour Kit 10 Liz Suede;2024-10-23;;active;;Premium;Por conta do comprador;99;variation;1;;;182002808798;Cor: Bege
MLB5134802432;101327;;Cadeira Sala De Jantar Industrial Dour Kit 10 Liz Suede;2024-10-23;;active;;Premium;Por conta do comprador;99;variation;1;;;182002808800;Cor: Cinza
MLB5134802432;101327;;Cadeira Sala De Jantar Industrial Dour Kit 10 Liz Suede;2024-10-23;;active;;Premium;Por conta do comprador;99;variation;1;;;182002808802;Cor: Grafite
MLB5134802432;101327;;Cadeira Sala De Jantar Industrial Dour Kit 10 Liz Suede;2024-10-23;;active;;Premium;Por conta do comprador;99;variation;1;;;182002808804;Cor: Marrom
MLB5134802432;101327;;Cadeira Sala De Jantar Industrial Dour Kit 10 Liz Suede;2024-10-23;;active;;Premium;Por conta do comprador;99;variation;1;;;182002808806;Cor: Marrom Rato
MLB5134802432;101327;;Cadeira Sala De Jantar Industrial Dour Kit 10 Liz Suede;2024-10-23;;active;;Premium;Por conta do comprador;99;variation;1;;;182002808808;Cor: Preto
MLB5134802432;101327;;Cadeira Sala De Jantar Industrial Dour Kit 10 Liz Suede;2024-10-23;;active;;Premium;Por conta do comprador;99;variation;1;;;182002808810;Cor: Rosa Bebê
MLB5134802432;101327;;Cadeira Sala De Jantar Industrial Dour Kit 10 Liz Suede;2024-10-23;;active;;Premium;Por conta do comprador;99;variation;1;;;182002808812;Cor: Rose
MLB5134802432;101327;;Cadeira Sala De Jantar Industrial Dour Kit 10 Liz Suede;2024-10-23;;active;;Premium;Por conta do comprador;99;variation;1;;;182002808814;Cor: Verde
MLB5135647034;101261;;Cadeira Sala De Jantar Industrial Dour Kit 4 Liz Suede;2024-10-23;;active;;Classico;Por conta do comprador;249;variation;1;;;185662311497;Cor: Azul Marinho
MLB5135647034;101261;;Cadeira Sala De Jantar Industrial Dour Kit 4 Liz Suede;2024-10-23;;active;;Classico;Por conta do comprador;248;variation;1;;;185662311499;Cor: Bege
MLB5135647034;101261;;Cadeira Sala De Jantar Industrial Dour Kit 4 Liz Suede;2024-10-23;;active;;Classico;Por conta do comprador;249;variation;1;;;185662311501;Cor: Cinza
MLB5135647034;101261;;Cadeira Sala De Jantar Industrial Dour Kit 4 Liz Suede;2024-10-23;;active;;Classico;Por conta do comprador;249;variation;1;;;185662311503;Cor: Grafite
MLB5135647034;101261;;Cadeira Sala De Jantar Industrial Dour Kit 4 Liz Suede;2024-10-23;;active;;Classico;Por conta do comprador;249;variation;1;;;185662311505;Cor: Marrom
MLB5135647034;101261;;Cadeira Sala De Jantar Industrial Dour Kit 4 Liz Suede;2024-10-23;;active;;Classico;Por conta do comprador;249;variation;1;;;185662311507;Cor: Marrom Rato
MLB5135647034;101261;;Cadeira Sala De Jantar Industrial Dour Kit 4 Liz Suede;2024-10-23;;active;;Classico;Por conta do comprador;249;variation;1;;;185662311509;Cor: Preto
MLB5135647034;101261;;Cadeira Sala De Jantar Industrial Dour Kit 4 Liz Suede;2024-10-23;;active;;Classico;Por conta do comprador;249;variation;1;;;185662311511;Cor: Rosa Bebê
MLB5135647034;101261;;Cadeira Sala De Jantar Industrial Dour Kit 4 Liz Suede;2024-10-23;;active;;Classico;Por conta do comprador;249;variation;1;;;185662311513;Cor: Rose
MLB5135647034;101261;;Cadeira Sala De Jantar Industrial Dour Kit 4 Liz Suede;2024-10-23;;active;;Classico;Por conta do comprador;249;variation;1;;;185662311515;Cor: Verde
MLB3870502971;101089;;Cadeira Sala De Jantar Pé De Ferro Dourado Stella Bouclê;2024-10-07;;active;;Premium;Frete gratis;272;variation;1;;;185318943659;Cor: Bege
MLB3870502971;101089;;Cadeira Sala De Jantar Pé De Ferro Dourado Stella Bouclê;2024-10-07;;active;;Premium;Frete gratis;274;variation;1;;;185318943657;Cor: Azul
MLB3870502971;101089;;Cadeira Sala De Jantar Pé De Ferro Dourado Stella Bouclê;2024-10-07;;active;;Premium;Frete gratis;274;variation;1;;;185318943661;Cor: Cinza
MLB3870502971;101089;;Cadeira Sala De Jantar Pé De Ferro Dourado Stella Bouclê;2024-10-07;;active;;Premium;Frete gratis;274;variation;1;;;185318943663;Cor: Grafite
MLB3870502971;101089;;Cadeira Sala De Jantar Pé De Ferro Dourado Stella Bouclê;2024-10-07;;active;;Premium;Frete gratis;274;variation;1;;;185318943667;Cor: Mostarda
MLB3870502971;101089;;Cadeira Sala De Jantar Pé De Ferro Dourado Stella Bouclê;2024-10-07;;active;;Premium;Frete gratis;274;variation;1;;;185318943669;Cor: Off White
MLB3870502971;101089;;Cadeira Sala De Jantar Pé De Ferro Dourado Stella Bouclê;2024-10-07;;active;;Premium;Frete gratis;274;variation;1;;;185318943671;Cor: Rose
MLB3870502971;101089;;Cadeira Sala De Jantar Pé De Ferro Dourado Stella Bouclê;2024-10-07;;active;;Premium;Frete gratis;274;variation;1;;;185318943673;Cor: Terra
MLB3870502971;101089;;Cadeira Sala De Jantar Pé De Ferro Dourado Stella Bouclê;2024-10-07;;active;;Premium;Frete gratis;274;variation;1;;;185318943675;Cor: Verde
MLB3870502971;101089;;Cadeira Sala De Jantar Pé De Ferro Dourado Stella Bouclê;2024-10-07;;active;;Premium;Frete gratis;0;variation;1;;;185318943677;Cor: Verde Menta
MLB3870502971;101089;;Cadeira Sala De Jantar Pé De Ferro Dourado Stella Bouclê;2024-10-07;;active;;Premium;Frete gratis;274;variation;1;;;185318943665;Cor: Verde Pistache
MLB3886504295;102197;;Cadeira Sala De Jantar Industrial Preto Kit 2 Liz Sintético;2024-10-23;;active;;Classico;Por conta do comprador;500;variation;1;;;185662259219;Cor: Bege
MLB3886504295;102197;;Cadeira Sala De Jantar Industrial Preto Kit 2 Liz Sintético;2024-10-23;;active;;Classico;Por conta do comprador;500;variation;1;;;185662259221;Cor: Branco
MLB3886504295;102197;;Cadeira Sala De Jantar Industrial Preto Kit 2 Liz Sintético;2024-10-23;;active;;Classico;Por conta do comprador;500;variation;1;;;185662259223;Cor: Preto
MLB3870452481;101049;;Cadeira Sala De Jantar Pé Ferro Dourado Kit 2 Stella Bouclê;2024-10-07;;active;;Premium;Frete gratis;137;variation;1;;;185318906715;Cor: Azul
MLB3870452481;101049;;Cadeira Sala De Jantar Pé Ferro Dourado Kit 2 Stella Bouclê;2024-10-07;;active;;Premium;Frete gratis;136;variation;1;;;185318906717;Cor: Bege
MLB3870452481;101049;;Cadeira Sala De Jantar Pé Ferro Dourado Kit 2 Stella Bouclê;2024-10-07;;active;;Premium;Frete gratis;137;variation;1;;;185318906719;Cor: Cinza
MLB3870452481;101049;;Cadeira Sala De Jantar Pé Ferro Dourado Kit 2 Stella Bouclê;2024-10-07;;active;;Premium;Frete gratis;137;variation;1;;;185318906721;Cor: Grafite
MLB3870452481;101049;;Cadeira Sala De Jantar Pé Ferro Dourado Kit 2 Stella Bouclê;2024-10-07;;active;;Premium;Frete gratis;137;variation;1;;;185318906723;Cor: Verde Pistache
MLB3870452481;101049;;Cadeira Sala De Jantar Pé Ferro Dourado Kit 2 Stella Bouclê;2024-10-07;;active;;Premium;Frete gratis;137;variation;1;;;185318906725;Cor: Mostarda
MLB3870452481;101049;;Cadeira Sala De Jantar Pé Ferro Dourado Kit 2 Stella Bouclê;2024-10-07;;active;;Premium;Frete gratis;137;variation;1;;;185318906727;Cor: Off White
MLB3870452481;101049;;Cadeira Sala De Jantar Pé Ferro Dourado Kit 2 Stella Bouclê;2024-10-07;;active;;Premium;Frete gratis;137;variation;1;;;185318906729;Cor: Rose
MLB3870452481;101049;;Cadeira Sala De Jantar Pé Ferro Dourado Kit 2 Stella Bouclê;2024-10-07;;active;;Premium;Frete gratis;137;variation;1;;;185318906731;Cor: Terra
MLB3870452481;101049;;Cadeira Sala De Jantar Pé Ferro Dourado Kit 2 Stella Bouclê;2024-10-07;;active;;Premium;Frete gratis;137;variation;1;;;185318906733;Cor: Verde
MLB3870452481;101049;;Cadeira Sala De Jantar Pé Ferro Dourado Kit 2 Stella Bouclê;2024-10-07;;active;;Premium;Frete gratis;0;variation;1;;;185318906735;Cor: Verde Menta
MLB3870473479;100961;;Cadeira Sala  Jantar Base Industrial Pto Kit 2 Stella Linho;2024-10-07;;active;;Premium;Frete gratis;127;variation;1;;;185318264611;Cor: Bege
MLB3870473479;100961;;Cadeira Sala  Jantar Base Industrial Pto Kit 2 Stella Linho;2024-10-07;;active;;Premium;Frete gratis;499;variation;1;;;185318264613;Cor: Cinza
MLB3870473479;100961;;Cadeira Sala  Jantar Base Industrial Pto Kit 2 Stella Linho;2024-10-07;;active;;Premium;Frete gratis;508;variation;1;;;185318264615;Cor: Grafite
MLB3870473479;100961;;Cadeira Sala  Jantar Base Industrial Pto Kit 2 Stella Linho;2024-10-07;;active;;Premium;Frete gratis;499;variation;1;;;185318264617;Cor: Preto
MLB3870448681;101031;;Cadeira Sala Jantar Pé Ferro Dourado Kit 2 Stella Sintético;2024-10-07;;active;;Premium;Por conta do comprador;136;variation;1;;;181857769956;Cor: Bege
MLB3870448681;101031;;Cadeira Sala Jantar Pé Ferro Dourado Kit 2 Stella Sintético;2024-10-07;;active;;Premium;Por conta do comprador;137;variation;1;;;181857769958;Cor: Branco
MLB3870448681;101031;;Cadeira Sala Jantar Pé Ferro Dourado Kit 2 Stella Sintético;2024-10-07;;active;;Premium;Por conta do comprador;136;variation;1;;;181857769960;Cor: Preto
MLB5133641284;101543;;Cadeira Sala De Jantar Industrial Dourado Kit 10 Liz Veludo;2024-10-22;;active;;Premium;Por conta do comprador;99;variation;1;;;181993582910;Cor: Bege
MLB5133641284;101543;;Cadeira Sala De Jantar Industrial Dourado Kit 10 Liz Veludo;2024-10-22;;active;;Premium;Por conta do comprador;99;variation;1;;;181993582912;Cor: Cinza
MLB5133641284;101543;;Cadeira Sala De Jantar Industrial Dourado Kit 10 Liz Veludo;2024-10-22;;active;;Premium;Por conta do comprador;99;variation;1;;;181993582914;Cor: Preto
MLB5133641284;101543;;Cadeira Sala De Jantar Industrial Dourado Kit 10 Liz Veludo;2024-10-22;;active;;Premium;Por conta do comprador;99;variation;1;;;181993582916;Cor: Rose
MLB5133641284;101543;;Cadeira Sala De Jantar Industrial Dourado Kit 10 Liz Veludo;2024-10-22;;active;;Premium;Por conta do comprador;99;variation;1;;;181993582918;Cor: Verde
MLB3871689441;59709;7908477270496;Cabeceira Opala Para Cama Box King D'rossi 195 Cm Cor Preto;2024-10-08;;active;;Premium;Frete gratis;1000;item;0;;;;
MLB3870401775;101023;;Cadeira Sala De Jantar Pé Ferro Dourado Kit 2 Stella Linho;2024-10-07;;active;;Premium;Frete gratis;136;variation;1;;;181857087322;Cor: Bege
MLB3870401775;101023;;Cadeira Sala De Jantar Pé Ferro Dourado Kit 2 Stella Linho;2024-10-07;;active;;Premium;Frete gratis;137;variation;1;;;181857087324;Cor: Cinza
MLB3870401775;101023;;Cadeira Sala De Jantar Pé Ferro Dourado Kit 2 Stella Linho;2024-10-07;;active;;Premium;Frete gratis;136;variation;1;;;181857087326;Cor: Grafite
MLB3870401775;101023;;Cadeira Sala De Jantar Pé Ferro Dourado Kit 2 Stella Linho;2024-10-07;;active;;Premium;Frete gratis;137;variation;1;;;181857087328;Cor: Preto
MLB3887588691;67255;7908477270465;Cabeceira King Casal Opala Para Cama Box 195 Cm Suede Bege;2024-10-24;;active;;Premium;Frete gratis;1000;item;0;;;;
MLB3886590463;101897;;Cadeira Sala De Jantar Em Madeira Kit 4 Yara Suede;2024-10-23;;active;;Classico;Por conta do comprador;250;variation;1;;;182006342544;Cor: Azul Marinho
MLB3886590463;101897;;Cadeira Sala De Jantar Em Madeira Kit 4 Yara Suede;2024-10-23;;active;;Classico;Por conta do comprador;250;variation;1;;;182006342546;Cor: Bege
MLB3886590463;101897;;Cadeira Sala De Jantar Em Madeira Kit 4 Yara Suede;2024-10-23;;active;;Classico;Por conta do comprador;250;variation;1;;;182006342548;Cor: Cinza
MLB3886590463;101897;;Cadeira Sala De Jantar Em Madeira Kit 4 Yara Suede;2024-10-23;;active;;Classico;Por conta do comprador;250;variation;1;;;182006342550;Cor: Grafite
MLB3886590463;101897;;Cadeira Sala De Jantar Em Madeira Kit 4 Yara Suede;2024-10-23;;active;;Classico;Por conta do comprador;250;variation;1;;;182006342552;Cor: Marrom
MLB3886590463;101897;;Cadeira Sala De Jantar Em Madeira Kit 4 Yara Suede;2024-10-23;;active;;Classico;Por conta do comprador;250;variation;1;;;182006342554;Cor: Marrom Rato
MLB3886590463;101897;;Cadeira Sala De Jantar Em Madeira Kit 4 Yara Suede;2024-10-23;;active;;Classico;Por conta do comprador;250;variation;1;;;182006342556;Cor: Preto
MLB3886590463;101897;;Cadeira Sala De Jantar Em Madeira Kit 4 Yara Suede;2024-10-23;;active;;Classico;Por conta do comprador;250;variation;1;;;182006342558;Cor: Rosa Bebê
MLB3886590463;101897;;Cadeira Sala De Jantar Em Madeira Kit 4 Yara Suede;2024-10-23;;active;;Classico;Por conta do comprador;250;variation;1;;;182006342560;Cor: Rose
MLB3886590463;101897;;Cadeira Sala De Jantar Em Madeira Kit 4 Yara Suede;2024-10-23;;active;;Classico;Por conta do comprador;250;variation;1;;;182006342562;Cor: Verde
MLB5137906170;63443;7908575904262;Gancho Decorativo D'rossi De Madeira Branco Preto De Parede 6x6x5cm Branco;2024-10-24;;active;;Classico;Por conta do comprador;3;item;0;;;;
MLB3870423913;101027;;Cadeira Sala De Jantar Pé De Ferro Dourado Stella Sintético;2024-10-07;;active;;Classico;Frete gratis;272;variation;1;;;185318216151;Cor: Bege
MLB3870423913;101027;;Cadeira Sala De Jantar Pé De Ferro Dourado Stella Sintético;2024-10-07;;active;;Classico;Frete gratis;274;variation;1;;;185318216153;Cor: Branco
MLB3870423913;101027;;Cadeira Sala De Jantar Pé De Ferro Dourado Stella Sintético;2024-10-07;;active;;Classico;Frete gratis;272;variation;1;;;185318216155;Cor: Preto
MLB5350906126;62785;7908477298148;Enfeite Decorativo D'rossi Rosto Mulher Metal Preto 30x20cm Parede;2025-04-14;;active;;Premium;Por conta do comprador;23;item;0;;;;
MLB4012640079;100765;;Sofá 3 Lugares Orgânico 180cm Pé Dourado Morgan Veludo;2025-03-25;;active;;Premium;Por conta do comprador;259;variation;1;;;183207545454;Cor: Bege
MLB4012640079;100765;;Sofá 3 Lugares Orgânico 180cm Pé Dourado Morgan Veludo;2025-03-25;;active;;Premium;Por conta do comprador;259;variation;1;;;183207545450;Cor: Marsala
MLB4012640079;100765;;Sofá 3 Lugares Orgânico 180cm Pé Dourado Morgan Veludo;2025-03-25;;active;;Premium;Por conta do comprador;259;variation;1;;;183207545452;Cor: Mostarda
MLB4012640079;100765;;Sofá 3 Lugares Orgânico 180cm Pé Dourado Morgan Veludo;2025-03-25;;active;;Premium;Por conta do comprador;259;variation;1;;;183207545456;Cor: Cinza
MLB4012640079;100765;;Sofá 3 Lugares Orgânico 180cm Pé Dourado Morgan Veludo;2025-03-25;;active;;Premium;Por conta do comprador;259;variation;1;;;183207545458;Cor: Preto
MLB4012640079;100765;;Sofá 3 Lugares Orgânico 180cm Pé Dourado Morgan Veludo;2025-03-25;;active;;Premium;Por conta do comprador;259;variation;1;;;183207545460;Cor: Rose
MLB4012640079;100765;;Sofá 3 Lugares Orgânico 180cm Pé Dourado Morgan Veludo;2025-03-25;;active;;Premium;Por conta do comprador;259;variation;1;;;183207545462;Cor: Verde
MLB3367115859;76889;7908670834488;Poltrona Decorativa Industrial Dourado Kit 2 Stella Sintético Bege D'rossi Liso;2025-03-26;;active;MLB3367115859;Premium;Por conta do comprador;509;item;0;;;;
MLB5347148318;82903;;Poltrona Sala Giratória Base De Madeira Stella Bouclê;2025-04-10;;active;;Classico;Frete gratis;997;variation;1;;;183331260406;Cor: Bege
MLB5347148318;82903;;Poltrona Sala Giratória Base De Madeira Stella Bouclê;2025-04-10;;active;;Classico;Frete gratis;1000;variation;1;;;183331260398;Cor: Azul
MLB5347148318;82903;;Poltrona Sala Giratória Base De Madeira Stella Bouclê;2025-04-10;;active;;Classico;Frete gratis;1000;variation;1;;;183331260388;Cor: Cinza
MLB5347148318;82903;;Poltrona Sala Giratória Base De Madeira Stella Bouclê;2025-04-10;;active;;Classico;Frete gratis;1000;variation;1;;;183331260390;Cor: Verde
MLB5347148318;82903;;Poltrona Sala Giratória Base De Madeira Stella Bouclê;2025-04-10;;active;;Classico;Frete gratis;1000;variation;1;;;183331260404;Cor: Grafite
MLB5347148318;82903;;Poltrona Sala Giratória Base De Madeira Stella Bouclê;2025-04-10;;active;;Classico;Frete gratis;1000;variation;1;;;183331260392;Cor: Rose
MLB5347148318;82903;;Poltrona Sala Giratória Base De Madeira Stella Bouclê;2025-04-10;;active;;Classico;Frete gratis;999;variation;1;;;183331260394;Cor: Mostarda
MLB5347148318;82903;;Poltrona Sala Giratória Base De Madeira Stella Bouclê;2025-04-10;;active;;Classico;Frete gratis;998;variation;1;;;183331260396;Cor: Pistache
MLB5347148318;82903;;Poltrona Sala Giratória Base De Madeira Stella Bouclê;2025-04-10;;active;;Classico;Frete gratis;996;variation;1;;;183331260400;Cor: Off white
MLB5347148318;82903;;Poltrona Sala Giratória Base De Madeira Stella Bouclê;2025-04-10;;active;;Classico;Frete gratis;1000;variation;1;;;183331260402;Cor: Terra
MLB5398557716;107843;;Balcão Aparador Buffet 4 Portas Naelly C04 - D'rossi;2025-05-21;;active;;Premium;Por conta do comprador;45;variation;1;;;188060745253;Cor: Noce Milano e Preto Fosco
MLB5398557716;107843;;Balcão Aparador Buffet 4 Portas Naelly C04 - D'rossi;2025-05-21;;active;;Premium;Por conta do comprador;172;variation;1;;;188060745255;Cor: Freijó e Off White
MLB3779273489;95847-94901;;Suporte Microondas Forno Cozinha 60cm Com Nicho Adega Emma;2024-07-15;;active;;Premium;Por conta do comprador;2;variation;1;;;183692338657;Cor: Branco
MLB3779273489;95847-94905;;Suporte Microondas Forno Cozinha 60cm Com Nicho Adega Emma;2024-07-15;;active;;Premium;Por conta do comprador;13;variation;1;;;183692338659;Cor: Freijó
MLB3779273489;95847-94909;;Suporte Microondas Forno Cozinha 60cm Com Nicho Adega Emma;2024-07-15;;active;;Premium;Por conta do comprador;2;variation;1;;;183692338661;Cor: Grafite
MLB3779273489;95847-94913;;Suporte Microondas Forno Cozinha 60cm Com Nicho Adega Emma;2024-07-15;;active;;Premium;Por conta do comprador;0;variation;1;;;183692338663;Cor: Preto
MLB4071845201;108003-107885;;Tábua De Passar Dobrável De Madeira Layla 2 Níveis Estampada;2025-05-22;;active;;Premium;Frete gratis;1;variation;1;;;183697637190;Cor: Rosa
MLB4071845201;108003-107883;;Tábua De Passar Dobrável De Madeira Layla 2 Níveis Estampada;2025-05-22;;active;;Premium;Frete gratis;2;variation;1;;;183697637192;Cor: Azul
MLB5177153384;59601;7908477269445;Aparador Para Sala Industrial 138cm Brooklyn Preto - D'rossi Preto;2024-11-14;;active;;Classico;Por conta do comprador;6;item;0;;;;
MLB2124736844;59601;7908477269445;Aparador Sala Industrial Brooklyn Base Metal Preto - D'rossi Preto;2021-12-27;;active;;Premium;Por conta do comprador;6;item;0;;;;
MLB5328699240;100787;;Sofá 2 Lugares Orgânico 140cm Pé Dourado Morgan Linho;2025-03-25;;active;;Classico;Por conta do comprador;259;variation;1;;;187320507549;Cor: Bege
MLB5328699240;100787;;Sofá 2 Lugares Orgânico 140cm Pé Dourado Morgan Linho;2025-03-25;;active;;Classico;Por conta do comprador;259;variation;1;;;187320507551;Cor: Cinza
MLB5328699240;100787;;Sofá 2 Lugares Orgânico 140cm Pé Dourado Morgan Linho;2025-03-25;;active;;Classico;Por conta do comprador;259;variation;1;;;187320507553;Cor: Grafite
MLB5328699240;100787;;Sofá 2 Lugares Orgânico 140cm Pé Dourado Morgan Linho;2025-03-25;;active;;Classico;Por conta do comprador;259;variation;1;;;187320507555;Cor: Preto
MLB5328622592;100797;;Sofá 3 Lugares Orgânico 180cm Pé Dourado Morgan Linho;2025-03-25;;active;;Classico;Por conta do comprador;259;variation;1;;;183208055504;Cor: Bege
MLB5328622592;100797;;Sofá 3 Lugares Orgânico 180cm Pé Dourado Morgan Linho;2025-03-25;;active;;Classico;Por conta do comprador;259;variation;1;;;183208055506;Cor: Cinza
MLB5328622592;100797;;Sofá 3 Lugares Orgânico 180cm Pé Dourado Morgan Linho;2025-03-25;;active;;Classico;Por conta do comprador;259;variation;1;;;183208055508;Cor: Grafite
MLB5328622592;100797;;Sofá 3 Lugares Orgânico 180cm Pé Dourado Morgan Linho;2025-03-25;;active;;Classico;Por conta do comprador;207;variation;1;;;183208055510;Cor: Preto
MLB4027129857;107095;;Cadeira Sala De Jantar Pé Palito Natural Kit 2 Liz Bouclê;2025-04-09;;active;;Premium;Por conta do comprador;145;variation;1;;;187476794327;Cor: Bege
MLB4027129857;107095;;Cadeira Sala De Jantar Pé Palito Natural Kit 2 Liz Bouclê;2025-04-09;;active;;Premium;Por conta do comprador;0;variation;1;;;187476794325;Cor: Azul
MLB4027129857;107095;;Cadeira Sala De Jantar Pé Palito Natural Kit 2 Liz Bouclê;2025-04-09;;active;;Premium;Por conta do comprador;145;variation;1;;;187476794329;Cor: Cinza
MLB4027129857;107095;;Cadeira Sala De Jantar Pé Palito Natural Kit 2 Liz Bouclê;2025-04-09;;active;;Premium;Por conta do comprador;145;variation;1;;;187476794331;Cor: Grafite
MLB4027129857;107095;;Cadeira Sala De Jantar Pé Palito Natural Kit 2 Liz Bouclê;2025-04-09;;active;;Premium;Por conta do comprador;145;variation;1;;;187476794333;Cor: Mostarda
MLB4027129857;107095;;Cadeira Sala De Jantar Pé Palito Natural Kit 2 Liz Bouclê;2025-04-09;;active;;Premium;Por conta do comprador;145;variation;1;;;187476794335;Cor: Off White
MLB4027129857;107095;;Cadeira Sala De Jantar Pé Palito Natural Kit 2 Liz Bouclê;2025-04-09;;active;;Premium;Por conta do comprador;145;variation;1;;;187476794337;Cor: Rose
MLB4027129857;107095;;Cadeira Sala De Jantar Pé Palito Natural Kit 2 Liz Bouclê;2025-04-09;;active;;Premium;Por conta do comprador;145;variation;1;;;187476794339;Cor: Terra
MLB4027129857;107095;;Cadeira Sala De Jantar Pé Palito Natural Kit 2 Liz Bouclê;2025-04-09;;active;;Premium;Por conta do comprador;145;variation;1;;;187476794341;Cor: Pistache
MLB4027129857;107095;;Cadeira Sala De Jantar Pé Palito Natural Kit 2 Liz Bouclê;2025-04-09;;active;;Premium;Por conta do comprador;145;variation;1;;;187476794343;Cor: Verde
MLB4034110265;83631;7908748131440;Poltrona Decorativa Elisa Corano Base Metálica Industrial Preto - D'rossi;2025-04-16;;active;;Premium;Por conta do comprador;1009;item;0;;;;
MLB4012539477;100777;;Sofá 4 Lugares Orgânico 220cm Pé Dourado Morgan Veludo;2025-03-25;;active;;Classico;Por conta do comprador;207;variation;1;;;183207572922;Cor: Bege
MLB4012539477;100777;;Sofá 4 Lugares Orgânico 220cm Pé Dourado Morgan Veludo;2025-03-25;;active;;Classico;Por conta do comprador;259;variation;1;;;183207572924;Cor: Marsala
MLB4012539477;100777;;Sofá 4 Lugares Orgânico 220cm Pé Dourado Morgan Veludo;2025-03-25;;active;;Classico;Por conta do comprador;259;variation;1;;;183207572926;Cor: Mostarda
MLB4012539477;100777;;Sofá 4 Lugares Orgânico 220cm Pé Dourado Morgan Veludo;2025-03-25;;active;;Classico;Por conta do comprador;259;variation;1;;;183207572928;Cor: Cinza
MLB4012539477;100777;;Sofá 4 Lugares Orgânico 220cm Pé Dourado Morgan Veludo;2025-03-25;;active;;Classico;Por conta do comprador;259;variation;1;;;183207572930;Cor: Preto
MLB4012539477;100777;;Sofá 4 Lugares Orgânico 220cm Pé Dourado Morgan Veludo;2025-03-25;;active;;Classico;Por conta do comprador;259;variation;1;;;183207572932;Cor: Rose
MLB4012539477;100777;;Sofá 4 Lugares Orgânico 220cm Pé Dourado Morgan Veludo;2025-03-25;;active;;Classico;Por conta do comprador;259;variation;1;;;183207572934;Cor: Verde
MLB5434458850;107539;;Poltrona Cama Retrátil Solteiro Rodízio Cloe Bouclê Drossi;2025-06-13;;active;;Premium;Por conta do comprador;1000;variation;1;;;183897248284;Cor: Bege
MLB5434458850;107539;;Poltrona Cama Retrátil Solteiro Rodízio Cloe Bouclê Drossi;2025-06-13;;active;;Premium;Por conta do comprador;1;variation;1;;;183897248286;Cor: Azul-marinho
MLB5434458850;107539;;Poltrona Cama Retrátil Solteiro Rodízio Cloe Bouclê Drossi;2025-06-13;;active;;Premium;Por conta do comprador;1000;variation;1;;;183897248290;Cor: Cinza-escuro
MLB5434458850;107539;;Poltrona Cama Retrátil Solteiro Rodízio Cloe Bouclê Drossi;2025-06-13;;active;;Premium;Por conta do comprador;1000;variation;1;;;183897248288;Cor: Azul-turquesa
MLB5434458850;107539;;Poltrona Cama Retrátil Solteiro Rodízio Cloe Bouclê Drossi;2025-06-13;;active;;Premium;Por conta do comprador;1000;variation;1;;;183897248292;Cor: Cinza claro
MLB5434458850;107539;;Poltrona Cama Retrátil Solteiro Rodízio Cloe Bouclê Drossi;2025-06-13;;active;;Premium;Por conta do comprador;1000;variation;1;;;183897248294;Cor: Marrom
MLB5434458850;107539;;Poltrona Cama Retrátil Solteiro Rodízio Cloe Bouclê Drossi;2025-06-13;;active;;Premium;Por conta do comprador;0;variation;1;;;183897248296;Cor: Rose
MLB5434458850;107539;;Poltrona Cama Retrátil Solteiro Rodízio Cloe Bouclê Drossi;2025-06-13;;active;;Premium;Por conta do comprador;1000;variation;1;;;183897248298;Cor: Verde
MLB4012640081;100777;;Sofá 4 Lugares Orgânico 220cm Pé Dourado Morgan Veludo;2025-03-25;;active;;Premium;Por conta do comprador;207;variation;1;;;183207545468;Cor: Bege
MLB4012640081;100777;;Sofá 4 Lugares Orgânico 220cm Pé Dourado Morgan Veludo;2025-03-25;;active;;Premium;Por conta do comprador;259;variation;1;;;183207545464;Cor: Marsala
MLB4012640081;100777;;Sofá 4 Lugares Orgânico 220cm Pé Dourado Morgan Veludo;2025-03-25;;active;;Premium;Por conta do comprador;259;variation;1;;;183207545466;Cor: Mostarda
MLB4012640081;100777;;Sofá 4 Lugares Orgânico 220cm Pé Dourado Morgan Veludo;2025-03-25;;active;;Premium;Por conta do comprador;259;variation;1;;;183207545470;Cor: Cinza
MLB4012640081;100777;;Sofá 4 Lugares Orgânico 220cm Pé Dourado Morgan Veludo;2025-03-25;;active;;Premium;Por conta do comprador;259;variation;1;;;183207545472;Cor: Preto
MLB4012640081;100777;;Sofá 4 Lugares Orgânico 220cm Pé Dourado Morgan Veludo;2025-03-25;;active;;Premium;Por conta do comprador;259;variation;1;;;183207545474;Cor: Rose
MLB4012640081;100777;;Sofá 4 Lugares Orgânico 220cm Pé Dourado Morgan Veludo;2025-03-25;;active;;Premium;Por conta do comprador;259;variation;1;;;183207545476;Cor: Verde
MLB4012563531;100753;;Sofá 2 Lugares Orgânico 140cm Pé Dourado Morgan Veludo;2025-03-25;;active;;Premium;Por conta do comprador;259;variation;1;;;187319654683;Cor: Bege
MLB4012563531;100753;;Sofá 2 Lugares Orgânico 140cm Pé Dourado Morgan Veludo;2025-03-25;;active;;Premium;Por conta do comprador;259;variation;1;;;187319654685;Cor: Cinza
MLB4012563531;100753;;Sofá 2 Lugares Orgânico 140cm Pé Dourado Morgan Veludo;2025-03-25;;active;;Premium;Por conta do comprador;259;variation;1;;;187319654679;Cor: Marsala
MLB4012563531;100753;;Sofá 2 Lugares Orgânico 140cm Pé Dourado Morgan Veludo;2025-03-25;;active;;Premium;Por conta do comprador;259;variation;1;;;187319654681;Cor: Mostarda
MLB4012563531;100753;;Sofá 2 Lugares Orgânico 140cm Pé Dourado Morgan Veludo;2025-03-25;;active;;Premium;Por conta do comprador;259;variation;1;;;187319654687;Cor: Preto
MLB4012563531;100753;;Sofá 2 Lugares Orgânico 140cm Pé Dourado Morgan Veludo;2025-03-25;;active;;Premium;Por conta do comprador;259;variation;1;;;187319654689;Cor: Rose
MLB4012563531;100753;;Sofá 2 Lugares Orgânico 140cm Pé Dourado Morgan Veludo;2025-03-25;;active;;Premium;Por conta do comprador;259;variation;1;;;187319654691;Cor: Verde
MLB4011809751;100555;;Sofá 4 Lugares Orgânico 220cm Pé Ferro Preto Morgan Linho;2025-03-24;;active;;Premium;Por conta do comprador;281;variation;1;;;183197561072;Cor: Bege
MLB4011809751;100555;;Sofá 4 Lugares Orgânico 220cm Pé Ferro Preto Morgan Linho;2025-03-24;;active;;Premium;Por conta do comprador;281;variation;1;;;183197561074;Cor: Cinza
MLB4011809751;100555;;Sofá 4 Lugares Orgânico 220cm Pé Ferro Preto Morgan Linho;2025-03-24;;active;;Premium;Por conta do comprador;281;variation;1;;;183197561076;Cor: Grafite
MLB4011809751;100555;;Sofá 4 Lugares Orgânico 220cm Pé Ferro Preto Morgan Linho;2025-03-24;;active;;Premium;Por conta do comprador;224;variation;1;;;183197561078;Cor: Preto
MLB5387737956;107539;;Poltrona Cama Retrátil Solteiro Com Rodízio Cloe Bouclê;2025-05-14;;active;;Premium;Por conta do comprador;1000;variation;1;;;187940549769;Cor: Bege
MLB5387737956;107539;;Poltrona Cama Retrátil Solteiro Com Rodízio Cloe Bouclê;2025-05-14;;active;;Premium;Por conta do comprador;1000;variation;1;;;187940549775;Cor: Cinza-escuro
MLB5387737956;107539;;Poltrona Cama Retrátil Solteiro Com Rodízio Cloe Bouclê;2025-05-14;;active;;Premium;Por conta do comprador;1000;variation;1;;;187940549773;Cor: Azul-turquesa
MLB5387737956;107539;;Poltrona Cama Retrátil Solteiro Com Rodízio Cloe Bouclê;2025-05-14;;active;;Premium;Por conta do comprador;1000;variation;1;;;187940549777;Cor: Cinza claro
MLB5387737956;107539;;Poltrona Cama Retrátil Solteiro Com Rodízio Cloe Bouclê;2025-05-14;;active;;Premium;Por conta do comprador;1000;variation;1;;;187940549779;Cor: Marrom
MLB4019450009;106809;;Poltrona E Puff Sala Base Madeira Stella Pu Nozes/bouclê;2025-04-01;;active;;Premium;Por conta do comprador;273;variation;1;;;183259592488;Cor: Bege
MLB4019450009;106809;;Poltrona E Puff Sala Base Madeira Stella Pu Nozes/bouclê;2025-04-01;;active;;Premium;Por conta do comprador;273;variation;1;;;183259592490;Cor: Cinza
MLB4019450009;106809;;Poltrona E Puff Sala Base Madeira Stella Pu Nozes/bouclê;2025-04-01;;active;;Premium;Por conta do comprador;273;variation;1;;;183259592492;Cor: Grafite
MLB4019450009;106809;;Poltrona E Puff Sala Base Madeira Stella Pu Nozes/bouclê;2025-04-01;;active;;Premium;Por conta do comprador;273;variation;1;;;183259592494;Cor: Pistache
MLB4019450009;106809;;Poltrona E Puff Sala Base Madeira Stella Pu Nozes/bouclê;2025-04-01;;active;;Premium;Por conta do comprador;273;variation;1;;;183259592496;Cor: Off white
MLB5503848016;92223;7908748124831;Cadeira Jantar D'rossi Base Madeira Preta Suede Rosa Bebê 90cm Liso Preto Rosa-pálido;2025-07-17;;active;;Classico;Frete gratis;1000;item;0;;;;
MLB5503919868;100971-101043;7908847698455;Cadeira Sala Jantar Base Industrial Pto Stella Sintético Pu Preto Branco;2025-07-17;;active;;Classico;Frete gratis;1012;item;0;;;;
MLB5510498210;100953-100943;7908847697984;Cadeira Sala De Jantar Base Industrial Preto Stella Suede;2025-07-20;;active;;Classico;Frete gratis;1000;item;0;;;;
MLB4105012777;108849;;Poltrona Decorativa Orgânica Fixa Malu Sintético Pu Drossi;2025-06-25;;active;;Premium;Por conta do comprador;1000;variation;1;;;184028670558;Cor: Nozes
MLB4105012777;108849;;Poltrona Decorativa Orgânica Fixa Malu Sintético Pu Drossi;2025-06-25;;active;;Premium;Por conta do comprador;1000;variation;1;;;184028670556;Cor: Branco
MLB4105012777;108849;;Poltrona Decorativa Orgânica Fixa Malu Sintético Pu Drossi;2025-06-25;;active;;Premium;Por conta do comprador;1000;variation;1;;;184028670560;Cor: Preto
MLB5509998434;100925-100807;7908847696161;Cadeira De Jantar D'rossi Base Industrial Dourada Estofada Linho Dourado Cinza;2025-07-20;;active;;Premium;Frete gratis;1018;item;0;;;;
MLB5455335404;108811-108565;;Sofá 2 Lugares Namoradeira Orgânica Sala Malu Linho D'rossi;2025-06-25;;active;;Premium;Por conta do comprador;1000;variation;1;;;184029496700;Cor: Bege
MLB5455335404;108811-108567;;Sofá 2 Lugares Namoradeira Orgânica Sala Malu Linho D'rossi;2025-06-25;;active;;Premium;Por conta do comprador;1000;variation;1;;;184029496702;Cor: Cinza
MLB5455335404;108811-108569;;Sofá 2 Lugares Namoradeira Orgânica Sala Malu Linho D'rossi;2025-06-25;;active;;Premium;Por conta do comprador;1000;variation;1;;;184029496704;Cor: Grafite
MLB5455335404;108811-108571;;Sofá 2 Lugares Namoradeira Orgânica Sala Malu Linho D'rossi;2025-06-25;;active;;Premium;Por conta do comprador;1000;variation;1;;;184029496706;Cor: Preto
MLB5510498226;100953-100943;7908847697984;Cadeira Sala De Jantar Base Industrial Preto Stella Suede;2025-07-20;;active;;Premium;Frete gratis;1000;item;0;;;;
MLB5541195530;112669-110533;;Sofá 3 Lugares Orgânico 210cm Com Almofadas Benin Veludo;2025-08-05;;active;;Premium;Por conta do comprador;1000;variation;1;;;189458908803;Cor: Bege
MLB5541195530;112669-110531;;Sofá 3 Lugares Orgânico 210cm Com Almofadas Benin Veludo;2025-08-05;;active;;Premium;Por conta do comprador;1000;variation;1;;;189458908805;Cor: Cinza
MLB5541195530;112669-110529;;Sofá 3 Lugares Orgânico 210cm Com Almofadas Benin Veludo;2025-08-05;;active;;Premium;Por conta do comprador;1000;variation;1;;;189458908807;Cor: Menta
MLB4129610479;92941-91021;;Cabeceira Cama Box Queen 160 Cm Vicenza Veludo S04 - D'rossi;2025-07-18;;active;;Premium;Frete gratis;1000;variation;1;;;184325158152;Cor: Bege
MLB4129610479;92941-91017;;Cabeceira Cama Box Queen 160 Cm Vicenza Veludo S04 - D'rossi;2025-07-18;;active;;Premium;Frete gratis;1000;variation;1;;;184325158148;Cor: Azul-marinho
MLB4129610479;92941-91019;;Cabeceira Cama Box Queen 160 Cm Vicenza Veludo S04 - D'rossi;2025-07-18;;active;;Premium;Frete gratis;1000;variation;1;;;184325158150;Cor: Cinza
MLB4129610479;92941-91023;;Cabeceira Cama Box Queen 160 Cm Vicenza Veludo S04 - D'rossi;2025-07-18;;active;;Premium;Frete gratis;1000;variation;1;;;184325158154;Cor: Cobre
MLB4129610479;92941-91025;;Cabeceira Cama Box Queen 160 Cm Vicenza Veludo S04 - D'rossi;2025-07-18;;active;;Premium;Frete gratis;1000;variation;1;;;184325158156;Cor: Marrom
MLB4129610479;92941-91027;;Cabeceira Cama Box Queen 160 Cm Vicenza Veludo S04 - D'rossi;2025-07-18;;active;;Premium;Frete gratis;1000;variation;1;;;184325158158;Cor: Prata
MLB4129610479;92941-91029;;Cabeceira Cama Box Queen 160 Cm Vicenza Veludo S04 - D'rossi;2025-07-18;;active;;Premium;Frete gratis;1000;variation;1;;;184325158160;Cor: Preto
MLB4129610479;92941-91031;;Cabeceira Cama Box Queen 160 Cm Vicenza Veludo S04 - D'rossi;2025-07-18;;active;;Premium;Frete gratis;1000;variation;1;;;184325158162;Cor: Rosa
MLB4129610479;92941-91033;;Cabeceira Cama Box Queen 160 Cm Vicenza Veludo S04 - D'rossi;2025-07-18;;active;;Premium;Frete gratis;1000;variation;1;;;184325158164;Cor: Uva
MLB4129610479;92941-91035;;Cabeceira Cama Box Queen 160 Cm Vicenza Veludo S04 - D'rossi;2025-07-18;;active;;Premium;Frete gratis;1000;variation;1;;;184325158166;Cor: Verde
MLB4129610479;92941-91037;;Cabeceira Cama Box Queen 160 Cm Vicenza Veludo S04 - D'rossi;2025-07-18;;active;;Premium;Frete gratis;1000;variation;1;;;184325158168;Cor: Vinho
MLB4129610479;92941-91039;;Cabeceira Cama Box Queen 160 Cm Vicenza Veludo S04 - D'rossi;2025-07-18;;active;;Premium;Frete gratis;1000;variation;1;;;184325158170;Cor: Lilás
MLB5538537842;45744;7908439238441;Bandeja Preta Com Gravura Impermeável Granilite - D'rossi;2025-08-04;;active;;Premium;Por conta do comprador;1;item;0;;;;
MLB4609008076;89465;7908748195107;Poltrona Sala Stella Kit 2 Linho Grafite Pés Em Aço Preto Cinza Liso;2024-04-16;;active;;Premium;Por conta do comprador;123;item;0;;;;
MLB5503830170;100971-101043;7908847698455;Cadeira Sala Jantar Base Industrial Pto Stella Sintético Pu Preto Branco;2025-07-17;;active;;Premium;Frete gratis;1012;item;0;;;;
MLB5537804652;73745;7908575981669;Kit 06 Cadeiras Jantar Liz Linho Grafite Base Madeira Preto Preto Grafite;2025-08-04;;active;;Premium;Por conta do comprador;2;item;0;;;;
MLB5538331266;111943-110257;;Rack Bancada Tv Para Sala De Estar 136cm Visari C01 D'rossi;2025-08-04;;active;;Premium;Frete gratis;39;variation;1;;;184527709182;Cor: Off white/Freijó
MLB5538331266;111943-110259;;Rack Bancada Tv Para Sala De Estar 136cm Visari C01 D'rossi;2025-08-04;;active;;Premium;Frete gratis;15;variation;1;;;184527709184;Cor: Marrom/Freijó
MLB5497848502;77855-67183;;Tábua De Passar Com Balcão 01 Porta Alice 119 Cm - D'rossi;2025-07-15;;active;;Premium;Por conta do comprador;13;variation;1;;;184281755218;Cor: Branco
MLB5497848502;77855-67185;;Tábua De Passar Com Balcão 01 Porta Alice 119 Cm - D'rossi;2025-07-15;;active;;Premium;Por conta do comprador;4;variation;1;;;184281755220;Cor: Castanho
MLB5497848502;77855-67187;;Tábua De Passar Com Balcão 01 Porta Alice 119 Cm - D'rossi;2025-07-15;;active;;Premium;Por conta do comprador;5;variation;1;;;184281755222;Cor: Preto
MLB5496631068;77849;7908670854554;Tábua De Passar Mesa Alice Com Balcao D'rossi Branco;2025-07-14;;active;;Premium;Por conta do comprador;12;item;0;;;;
MLB5512031142;107723-107635;;Sofá 2 Lugares Orgânico Para Sala Cloud Bouclê E03 - D'rossi;2025-07-21;;active;;Premium;Por conta do comprador;1000;variation;1;;;184355383450;Cor: Bege
MLB5512031142;107723-107631;;Sofá 2 Lugares Orgânico Para Sala Cloud Bouclê E03 - D'rossi;2025-07-21;;active;;Premium;Por conta do comprador;0;variation;1;;;184355383452;Cor: Azul-marinho
MLB5512031142;107723-107633;;Sofá 2 Lugares Orgânico Para Sala Cloud Bouclê E03 - D'rossi;2025-07-21;;active;;Premium;Por conta do comprador;1000;variation;1;;;184355383454;Cor: Azul-turquesa
MLB5512031142;107723-107637;;Sofá 2 Lugares Orgânico Para Sala Cloud Bouclê E03 - D'rossi;2025-07-21;;active;;Premium;Por conta do comprador;1000;variation;1;;;184355383456;Cor: Cinza-escuro
MLB5512031142;107723-107639;;Sofá 2 Lugares Orgânico Para Sala Cloud Bouclê E03 - D'rossi;2025-07-21;;active;;Premium;Por conta do comprador;999;variation;1;;;184355383458;Cor: Cinza claro
MLB5512031142;107723-107641;;Sofá 2 Lugares Orgânico Para Sala Cloud Bouclê E03 - D'rossi;2025-07-21;;active;;Premium;Por conta do comprador;1000;variation;1;;;184355383460;Cor: Marrom
MLB5512031142;107723-107643;;Sofá 2 Lugares Orgânico Para Sala Cloud Bouclê E03 - D'rossi;2025-07-21;;active;;Premium;Por conta do comprador;1000;variation;1;;;184355383462;Cor: Rose
MLB5512031142;107723-107645;;Sofá 2 Lugares Orgânico Para Sala Cloud Bouclê E03 - D'rossi;2025-07-21;;active;;Premium;Por conta do comprador;1000;variation;1;;;184355383464;Cor: Verde
MLB4104960935;108481-108269;;Poltrona Sala Decorativa Orgânica Fixa Malu Suede D'rossi;2025-06-25;;active;;Premium;Por conta do comprador;1;variation;1;;;184028503554;Cor: Bege
MLB4104960935;108481-108267;;Poltrona Sala Decorativa Orgânica Fixa Malu Suede D'rossi;2025-06-25;;active;;Premium;Por conta do comprador;1000;variation;1;;;184028503552;Cor: Azul-marinho
MLB4104960935;108481-108271;;Poltrona Sala Decorativa Orgânica Fixa Malu Suede D'rossi;2025-06-25;;active;;Premium;Por conta do comprador;1000;variation;1;;;184028503556;Cor: Cinza
MLB4104960935;108481-108273;;Poltrona Sala Decorativa Orgânica Fixa Malu Suede D'rossi;2025-06-25;;active;;Premium;Por conta do comprador;1;variation;1;;;184028503558;Cor: Grafite
MLB4104960935;108481-108275;;Poltrona Sala Decorativa Orgânica Fixa Malu Suede D'rossi;2025-06-25;;active;;Premium;Por conta do comprador;1000;variation;1;;;184028503560;Cor: Marrom
MLB4104960935;108481-108277;;Poltrona Sala Decorativa Orgânica Fixa Malu Suede D'rossi;2025-06-25;;active;;Premium;Por conta do comprador;1;variation;1;;;184028503562;Cor: Marrom rato
MLB4104960935;108481-108279;;Poltrona Sala Decorativa Orgânica Fixa Malu Suede D'rossi;2025-06-25;;active;;Premium;Por conta do comprador;1000;variation;1;;;184028503564;Cor: Preto
MLB4104960935;108481-108281;;Poltrona Sala Decorativa Orgânica Fixa Malu Suede D'rossi;2025-06-25;;active;;Premium;Por conta do comprador;1000;variation;1;;;184028503566;Cor: Rosa bebê
MLB4104960935;108481-108283;;Poltrona Sala Decorativa Orgânica Fixa Malu Suede D'rossi;2025-06-25;;active;;Premium;Por conta do comprador;1000;variation;1;;;184028503568;Cor: Rose
MLB4104960935;108481-108285;;Poltrona Sala Decorativa Orgânica Fixa Malu Suede D'rossi;2025-06-25;;active;;Premium;Por conta do comprador;1000;variation;1;;;184028503570;Cor: Verde
MLB5538355626;111935-110241;;Aparador Buffet Sala De Estar 4 Portas 180cm Visari C01;2025-08-04;;active;;Premium;Frete gratis;210;variation;1;;;184527670834;Cor: Off white/Freijó
MLB5538355626;111935-110243;;Aparador Buffet Sala De Estar 4 Portas 180cm Visari C01;2025-08-04;;active;;Premium;Frete gratis;80;variation;1;;;184527670836;Cor: Marrom/Freijó
MLB4120492846;83631;7908748131440;Poltrona Sala Corano Base Industrial Metal Preto D'rossi Preto Liso;2023-10-13;;active;;Premium;Frete gratis;1009;item;0;;;;
MLB5556439400;112587-110423;;Sofá Sala 259cm Com Puff Console Usb Luminária Brumma Bouclê;2025-08-08;;active;;Premium;Por conta do comprador;1000;variation;1;;;184624401690;Cor: Azul
MLB5556439400;112587-110431;;Sofá Sala 259cm Com Puff Console Usb Luminária Brumma Bouclê;2025-08-08;;active;;Premium;Por conta do comprador;0;variation;1;;;184624401688;Cor: Bege
MLB5556439400;112587-110427;;Sofá Sala 259cm Com Puff Console Usb Luminária Brumma Bouclê;2025-08-08;;active;;Premium;Por conta do comprador;1000;variation;1;;;184624401692;Cor: Cinza
MLB5556439400;112587-110429;;Sofá Sala 259cm Com Puff Console Usb Luminária Brumma Bouclê;2025-08-08;;active;;Premium;Por conta do comprador;1000;variation;1;;;184624401694;Cor: Cinza claro
MLB5556439400;112587-110425;;Sofá Sala 259cm Com Puff Console Usb Luminária Brumma Bouclê;2025-08-08;;active;;Premium;Por conta do comprador;0;variation;1;;;184624401696;Cor: Off white
MLB5556439400;112587-110433;;Sofá Sala 259cm Com Puff Console Usb Luminária Brumma Bouclê;2025-08-08;;active;;Premium;Por conta do comprador;1000;variation;1;;;184624401698;Cor: Terracota
MLB5556439400;112587-110435;;Sofá Sala 259cm Com Puff Console Usb Luminária Brumma Bouclê;2025-08-08;;active;;Premium;Por conta do comprador;1000;variation;1;;;184624401700;Cor: Verde
MLB4154476207;112583-110395;;Sofá Sala Modulado 251cm Console Usb Luminária Brumma Bouclê;2025-08-08;;active;;Premium;Por conta do comprador;1000;variation;1;;;184624228720;Cor: Azul
MLB4154476207;112583-110403;;Sofá Sala Modulado 251cm Console Usb Luminária Brumma Bouclê;2025-08-08;;active;;Premium;Por conta do comprador;0;variation;1;;;184624228718;Cor: Bege
MLB4154476207;112583-110399;;Sofá Sala Modulado 251cm Console Usb Luminária Brumma Bouclê;2025-08-08;;active;;Premium;Por conta do comprador;1000;variation;1;;;184624228722;Cor: Cinza
MLB4154476207;112583-110401;;Sofá Sala Modulado 251cm Console Usb Luminária Brumma Bouclê;2025-08-08;;active;;Premium;Por conta do comprador;1000;variation;1;;;184624228724;Cor: Cinza claro
MLB4154476207;112583-110397;;Sofá Sala Modulado 251cm Console Usb Luminária Brumma Bouclê;2025-08-08;;active;;Premium;Por conta do comprador;0;variation;1;;;184624228726;Cor: Off white
MLB4154476207;112583-110405;;Sofá Sala Modulado 251cm Console Usb Luminária Brumma Bouclê;2025-08-08;;active;;Premium;Por conta do comprador;1000;variation;1;;;184624228728;Cor: Terracota
MLB4154476207;112583-110407;;Sofá Sala Modulado 251cm Console Usb Luminária Brumma Bouclê;2025-08-08;;active;;Premium;Por conta do comprador;1000;variation;1;;;184624228730;Cor: Verde
MLB4154711951;112591-110451;;Sofá Sala 299cm Com Puff Console Usb Luminária Brumma Bouclê;2025-08-08;;active;;Premium;Por conta do comprador;1000;variation;1;;;184624388684;Cor: Azul
MLB4154711951;112591-110459;;Sofá Sala 299cm Com Puff Console Usb Luminária Brumma Bouclê;2025-08-08;;active;;Premium;Por conta do comprador;0;variation;1;;;184624388682;Cor: Bege
MLB4154711951;112591-110455;;Sofá Sala 299cm Com Puff Console Usb Luminária Brumma Bouclê;2025-08-08;;active;;Premium;Por conta do comprador;1000;variation;1;;;184624388686;Cor: Cinza
MLB4154711951;112591-110457;;Sofá Sala 299cm Com Puff Console Usb Luminária Brumma Bouclê;2025-08-08;;active;;Premium;Por conta do comprador;1000;variation;1;;;184624388688;Cor: Cinza claro
MLB4154711951;112591-110453;;Sofá Sala 299cm Com Puff Console Usb Luminária Brumma Bouclê;2025-08-08;;active;;Premium;Por conta do comprador;0;variation;1;;;184624388690;Cor: Off white
MLB4154711951;112591-110461;;Sofá Sala 299cm Com Puff Console Usb Luminária Brumma Bouclê;2025-08-08;;active;;Premium;Por conta do comprador;1000;variation;1;;;184624388692;Cor: Terracota
MLB4154711951;112591-110463;;Sofá Sala 299cm Com Puff Console Usb Luminária Brumma Bouclê;2025-08-08;;active;;Premium;Por conta do comprador;1000;variation;1;;;184624388694;Cor: Verde
MLB5556426678;112577-110353;;Sofá 2 Lugares Orgânico 234cm Modulado Sala Brumma Bouclê;2025-08-08;;active;;Premium;Por conta do comprador;1000;variation;1;;;184624217356;Cor: Azul
MLB5556426678;112577-110361;;Sofá 2 Lugares Orgânico 234cm Modulado Sala Brumma Bouclê;2025-08-08;;active;;Premium;Por conta do comprador;0;variation;1;;;184624217354;Cor: Bege
MLB5556426678;112577-110357;;Sofá 2 Lugares Orgânico 234cm Modulado Sala Brumma Bouclê;2025-08-08;;active;;Premium;Por conta do comprador;1000;variation;1;;;184624217358;Cor: Cinza
MLB5556426678;112577-110359;;Sofá 2 Lugares Orgânico 234cm Modulado Sala Brumma Bouclê;2025-08-08;;active;;Premium;Por conta do comprador;1000;variation;1;;;184624217360;Cor: Cinza claro
MLB5556426678;112577-110355;;Sofá 2 Lugares Orgânico 234cm Modulado Sala Brumma Bouclê;2025-08-08;;active;;Premium;Por conta do comprador;0;variation;1;;;184624217362;Cor: Off white
MLB5556426678;112577-110363;;Sofá 2 Lugares Orgânico 234cm Modulado Sala Brumma Bouclê;2025-08-08;;active;;Premium;Por conta do comprador;1000;variation;1;;;184624217364;Cor: Terracota
MLB5556426678;112577-110365;;Sofá 2 Lugares Orgânico 234cm Modulado Sala Brumma Bouclê;2025-08-08;;active;;Premium;Por conta do comprador;1000;variation;1;;;184624217366;Cor: Verde
MLB5541182504;112671-110537;;Sofá 3 Lugares Orgânico 210cm Com Almofadas Benin Linho;2025-08-05;;active;;Premium;Por conta do comprador;1000;variation;1;;;189458896139;Cor: Bege
MLB5541182504;112671-110535;;Sofá 3 Lugares Orgânico 210cm Com Almofadas Benin Linho;2025-08-05;;active;;Premium;Por conta do comprador;1000;variation;1;;;189458896141;Cor: Terra
MLB5541156408;112661-110501;;Sofá 2 Lugares Orgânico 160cm Com Almofadas Benin Veludo;2025-08-05;;active;;Premium;Por conta do comprador;1000;variation;1;;;189458711473;Cor: Bege
MLB5541156408;112661-110499;;Sofá 2 Lugares Orgânico 160cm Com Almofadas Benin Veludo;2025-08-05;;active;;Premium;Por conta do comprador;1000;variation;1;;;189458711475;Cor: Cinza
MLB5541156408;112661-110497;;Sofá 2 Lugares Orgânico 160cm Com Almofadas Benin Veludo;2025-08-05;;active;;Premium;Por conta do comprador;1000;variation;1;;;189458711477;Cor: Menta
MLB5539942786;72213;7908575977747;Sofá 2 Lugares 1 Poltrona Stella Pés Palito Castanho Sintético Preto - D'rossi Liso;2025-08-05;;active;;Premium;Por conta do comprador;148;item;0;;;;
MLB5556439372;112579-110367;;Sofá Sala Modulado 211cm Console Usb Luminária Brumma Bouclê;2025-08-08;;active;;Premium;Por conta do comprador;1000;variation;1;;;189568509545;Cor: Azul
MLB5556439372;112579-110375;;Sofá Sala Modulado 211cm Console Usb Luminária Brumma Bouclê;2025-08-08;;active;;Premium;Por conta do comprador;0;variation;1;;;189568509543;Cor: Bege
MLB5556439372;112579-110371;;Sofá Sala Modulado 211cm Console Usb Luminária Brumma Bouclê;2025-08-08;;active;;Premium;Por conta do comprador;1000;variation;1;;;189568509547;Cor: Cinza
MLB5556439372;112579-110373;;Sofá Sala Modulado 211cm Console Usb Luminária Brumma Bouclê;2025-08-08;;active;;Premium;Por conta do comprador;1000;variation;1;;;189568509549;Cor: Cinza claro
MLB5556439372;112579-110369;;Sofá Sala Modulado 211cm Console Usb Luminária Brumma Bouclê;2025-08-08;;active;;Premium;Por conta do comprador;0;variation;1;;;189568509551;Cor: Off white
MLB5556439372;112579-110377;;Sofá Sala Modulado 211cm Console Usb Luminária Brumma Bouclê;2025-08-08;;active;;Premium;Por conta do comprador;1000;variation;1;;;189568509553;Cor: Terracota
MLB5556439372;112579-110379;;Sofá Sala Modulado 211cm Console Usb Luminária Brumma Bouclê;2025-08-08;;active;;Premium;Por conta do comprador;1000;variation;1;;;189568509555;Cor: Verde
MLB4148969321;111335-109717;;Banqueta Cozinha Alta Com Encosto Industrial Preto Lirina Pu;2025-08-05;;active;;Premium;Frete gratis;13;variation;1;;;189459409817;Cor do assento: Nozes
MLB4148969321;111335-109719;;Banqueta Cozinha Alta Com Encosto Industrial Preto Lirina Pu;2025-08-05;;active;;Premium;Frete gratis;15;variation;1;;;189459409819;Cor do assento: Verde
MLB4148969321;111335-109721;;Banqueta Cozinha Alta Com Encosto Industrial Preto Lirina Pu;2025-08-05;;active;;Premium;Frete gratis;3;variation;1;;;189459409821;Cor do assento: Whisky
MLB4148969321;111335-109723;;Banqueta Cozinha Alta Com Encosto Industrial Preto Lirina Pu;2025-08-05;;active;;Premium;Frete gratis;25;variation;1;;;189459409823;Cor do assento: Preto
MLB4148969321;111335-109725;;Banqueta Cozinha Alta Com Encosto Industrial Preto Lirina Pu;2025-08-05;;active;;Premium;Frete gratis;0;variation;1;;;189459409825;Cor do assento: Branco
MLB4148883579;112659-110489;;Sofá 2 Lugares Orgânico 160cm Com Almofadas Benin Bouclê;2025-08-05;;active;;Premium;Por conta do comprador;1000;variation;1;;;184551750694;Cor: Bege
MLB4148883579;112659-110495;;Sofá 2 Lugares Orgânico 160cm Com Almofadas Benin Bouclê;2025-08-05;;active;;Premium;Por conta do comprador;1000;variation;1;;;184551750696;Cor: Cinza
MLB4148883579;112659-110493;;Sofá 2 Lugares Orgânico 160cm Com Almofadas Benin Bouclê;2025-08-05;;active;;Premium;Por conta do comprador;1000;variation;1;;;184551750698;Cor: Menta
MLB4154724891;112589-110437;;Sofá Sala 279cm Com Puff Console Usb Luminária Brumma Bouclê;2025-08-08;;active;;Premium;Por conta do comprador;1000;variation;1;;;184624255164;Cor: Azul
MLB4154724891;112589-110445;;Sofá Sala 279cm Com Puff Console Usb Luminária Brumma Bouclê;2025-08-08;;active;;Premium;Por conta do comprador;0;variation;1;;;184624255162;Cor: Bege
MLB4154724891;112589-110441;;Sofá Sala 279cm Com Puff Console Usb Luminária Brumma Bouclê;2025-08-08;;active;;Premium;Por conta do comprador;1000;variation;1;;;184624255166;Cor: Cinza
MLB4154724891;112589-110443;;Sofá Sala 279cm Com Puff Console Usb Luminária Brumma Bouclê;2025-08-08;;active;;Premium;Por conta do comprador;1000;variation;1;;;184624255168;Cor: Cinza claro
MLB4154724891;112589-110439;;Sofá Sala 279cm Com Puff Console Usb Luminária Brumma Bouclê;2025-08-08;;active;;Premium;Por conta do comprador;0;variation;1;;;184624255170;Cor: Off white
MLB4154724891;112589-110447;;Sofá Sala 279cm Com Puff Console Usb Luminária Brumma Bouclê;2025-08-08;;active;;Premium;Por conta do comprador;1000;variation;1;;;184624255172;Cor: Terracota
MLB4154724891;112589-110449;;Sofá Sala 279cm Com Puff Console Usb Luminária Brumma Bouclê;2025-08-08;;active;;Premium;Por conta do comprador;1000;variation;1;;;184624255174;Cor: Verde
MLB4148834281;112665-110511;;Sofá 2 Lugares Orgânico 160cm Benin Sintético Pu Drossi;2025-08-05;;active;;Premium;Por conta do comprador;999;variation;1;;;184551786466;Cor: Bege
MLB4148834281;112665-110507;;Sofá 2 Lugares Orgânico 160cm Benin Sintético Pu Drossi;2025-08-05;;active;;Premium;Por conta do comprador;1000;variation;1;;;184551786468;Cor: Caramelo
MLB4148834281;112665-110517;;Sofá 2 Lugares Orgânico 160cm Benin Sintético Pu Drossi;2025-08-05;;active;;Premium;Por conta do comprador;1000;variation;1;;;184551786470;Cor: Castanho
MLB4148834281;112665-110513;;Sofá 2 Lugares Orgânico 160cm Benin Sintético Pu Drossi;2025-08-05;;active;;Premium;Por conta do comprador;1000;variation;1;;;184551786472;Cor: Cinza
MLB4148834281;112665-110519;;Sofá 2 Lugares Orgânico 160cm Benin Sintético Pu Drossi;2025-08-05;;active;;Premium;Por conta do comprador;1000;variation;1;;;184551786474;Cor: Marrom
MLB4148834281;112665-110509;;Sofá 2 Lugares Orgânico 160cm Benin Sintético Pu Drossi;2025-08-05;;active;;Premium;Por conta do comprador;1000;variation;1;;;184551786476;Cor: Musgo
MLB4148834281;112665-110515;;Sofá 2 Lugares Orgânico 160cm Benin Sintético Pu Drossi;2025-08-05;;active;;Premium;Por conta do comprador;1000;variation;1;;;184551786478;Cor: Preto
MLB4148847385;112673-110543;;Sofá 3 Lugares Orgânico 210cm Almofadas Benin Sintético Pu;2025-08-05;;active;;Premium;Por conta do comprador;1000;variation;1;;;184551761018;Cor: Bege
MLB4148847385;112673-110539;;Sofá 3 Lugares Orgânico 210cm Almofadas Benin Sintético Pu;2025-08-05;;active;;Premium;Por conta do comprador;1000;variation;1;;;184551761020;Cor: Caramelo
MLB4148847385;112673-110549;;Sofá 3 Lugares Orgânico 210cm Almofadas Benin Sintético Pu;2025-08-05;;active;;Premium;Por conta do comprador;1000;variation;1;;;184551761022;Cor: Castanho
MLB4148847385;112673-110545;;Sofá 3 Lugares Orgânico 210cm Almofadas Benin Sintético Pu;2025-08-05;;active;;Premium;Por conta do comprador;1000;variation;1;;;184551761024;Cor: Cinza
MLB4148847385;112673-110551;;Sofá 3 Lugares Orgânico 210cm Almofadas Benin Sintético Pu;2025-08-05;;active;;Premium;Por conta do comprador;1000;variation;1;;;184551761026;Cor: Marrom
MLB4148847385;112673-110541;;Sofá 3 Lugares Orgânico 210cm Almofadas Benin Sintético Pu;2025-08-05;;active;;Premium;Por conta do comprador;1000;variation;1;;;184551761028;Cor: Musgo
MLB4148847385;112673-110547;;Sofá 3 Lugares Orgânico 210cm Almofadas Benin Sintético Pu;2025-08-05;;active;;Premium;Por conta do comprador;1000;variation;1;;;184551761030;Cor: Preto
MLB4154622417;112571-110311;;Sofá 2 Lugares Orgânico 174cm Modulado Sala Brumma Bouclê;2025-08-08;;active;;Premium;Por conta do comprador;1000;variation;1;;;189568710223;Cor: Azul
MLB4154622417;112571-110319;;Sofá 2 Lugares Orgânico 174cm Modulado Sala Brumma Bouclê;2025-08-08;;active;;Premium;Por conta do comprador;0;variation;1;;;189568710221;Cor: Bege
MLB4154622417;112571-110315;;Sofá 2 Lugares Orgânico 174cm Modulado Sala Brumma Bouclê;2025-08-08;;active;;Premium;Por conta do comprador;1000;variation;1;;;189568710225;Cor: Cinza
MLB4154622417;112571-110317;;Sofá 2 Lugares Orgânico 174cm Modulado Sala Brumma Bouclê;2025-08-08;;active;;Premium;Por conta do comprador;1000;variation;1;;;189568710227;Cor: Cinza claro
MLB4154622417;112571-110313;;Sofá 2 Lugares Orgânico 174cm Modulado Sala Brumma Bouclê;2025-08-08;;active;;Premium;Por conta do comprador;0;variation;1;;;189568710229;Cor: Off white
MLB4154622417;112571-110321;;Sofá 2 Lugares Orgânico 174cm Modulado Sala Brumma Bouclê;2025-08-08;;active;;Premium;Por conta do comprador;1000;variation;1;;;189568710231;Cor: Terracota
MLB4154622417;112571-110323;;Sofá 2 Lugares Orgânico 174cm Modulado Sala Brumma Bouclê;2025-08-08;;active;;Premium;Por conta do comprador;1000;variation;1;;;189568710233;Cor: Verde
MLB4148460901;111923-110213;;Estante Tv 70 Pol 210cm Sala De Estar Mirel C01 - D'rossi;2025-08-05;;active;;Premium;Por conta do comprador;268;variation;1;;;184545203718;Cor: Freijó/Off white
MLB4148460901;111923-110215;;Estante Tv 70 Pol 210cm Sala De Estar Mirel C01 - D'rossi;2025-08-05;;active;;Premium;Por conta do comprador;19;variation;1;;;184545203720;Cor: Bege Amarelado/Cinza
MLB4148460901;111923-110217;;Estante Tv 70 Pol 210cm Sala De Estar Mirel C01 - D'rossi;2025-08-05;;active;;Premium;Por conta do comprador;213;variation;1;;;184545203722;Cor: Nogueira Off White
MLB4154488911;112573-110325;;Sofá 2 Lugares Orgânico 194cm Modulado Sala Brumma Bouclê;2025-08-08;;active;;Premium;Por conta do comprador;1000;variation;1;;;184624179530;Cor: Azul
MLB4154488911;112573-110327;;Sofá 2 Lugares Orgânico 194cm Modulado Sala Brumma Bouclê;2025-08-08;;active;;Premium;Por conta do comprador;0;variation;1;;;184624179528;Cor: Bege
MLB4154488911;112573-110331;;Sofá 2 Lugares Orgânico 194cm Modulado Sala Brumma Bouclê;2025-08-08;;active;;Premium;Por conta do comprador;0;variation;1;;;184624179532;Cor: Cinza
MLB4154488911;112573-110333;;Sofá 2 Lugares Orgânico 194cm Modulado Sala Brumma Bouclê;2025-08-08;;active;;Premium;Por conta do comprador;0;variation;1;;;184624179534;Cor: Cinza claro
MLB4154488911;112573-110329;;Sofá 2 Lugares Orgânico 194cm Modulado Sala Brumma Bouclê;2025-08-08;;active;;Premium;Por conta do comprador;0;variation;1;;;184624179536;Cor: Off white
MLB4154488911;112573-110335;;Sofá 2 Lugares Orgânico 194cm Modulado Sala Brumma Bouclê;2025-08-08;;active;;Premium;Por conta do comprador;1000;variation;1;;;184624179538;Cor: Terracota
MLB4154488911;112573-110337;;Sofá 2 Lugares Orgânico 194cm Modulado Sala Brumma Bouclê;2025-08-08;;active;;Premium;Por conta do comprador;1000;variation;1;;;184624179540;Cor: Verde
MLB4154515085;112585-110409;;Sofá Modulado 271cm Com Console Usb Luminária Brumma Bouclê;2025-08-08;;active;;Premium;Por conta do comprador;1000;variation;1;;;184624279868;Cor: Azul
MLB4154515085;112585-110417;;Sofá Modulado 271cm Com Console Usb Luminária Brumma Bouclê;2025-08-08;;active;;Premium;Por conta do comprador;0;variation;1;;;184624279866;Cor: Bege
MLB4154515085;112585-110413;;Sofá Modulado 271cm Com Console Usb Luminária Brumma Bouclê;2025-08-08;;active;;Premium;Por conta do comprador;1000;variation;1;;;184624279870;Cor: Cinza
MLB4154515085;112585-110415;;Sofá Modulado 271cm Com Console Usb Luminária Brumma Bouclê;2025-08-08;;active;;Premium;Por conta do comprador;1000;variation;1;;;184624279872;Cor: Cinza claro
MLB4154515085;112585-110411;;Sofá Modulado 271cm Com Console Usb Luminária Brumma Bouclê;2025-08-08;;active;;Premium;Por conta do comprador;0;variation;1;;;184624279874;Cor: Off white
MLB4154515085;112585-110419;;Sofá Modulado 271cm Com Console Usb Luminária Brumma Bouclê;2025-08-08;;active;;Premium;Por conta do comprador;1000;variation;1;;;184624279876;Cor: Terracota
MLB4154515085;112585-110421;;Sofá Modulado 271cm Com Console Usb Luminária Brumma Bouclê;2025-08-08;;active;;Premium;Por conta do comprador;1000;variation;1;;;184624279878;Cor: Verde
MLB5541156478;112663-110505;;Sofá 2 Lugares Orgânico 160cm Com Almofadas Benin Linho;2025-08-05;;active;;Premium;Por conta do comprador;1000;variation;1;;;184551809912;Cor: Bege
MLB5541156478;112663-110503;;Sofá 2 Lugares Orgânico 160cm Com Almofadas Benin Linho;2025-08-05;;active;;Premium;Por conta do comprador;1000;variation;1;;;184551809914;Cor: Terra
MLB4154609755;112575-110339;;Sofá 2 Lugares Orgânico 214cm Modulado Sala Brumma Bouclê;2025-08-08;;active;;Premium;Por conta do comprador;1000;variation;1;;;189568696809;Cor: Azul
MLB4154609755;112575-110347;;Sofá 2 Lugares Orgânico 214cm Modulado Sala Brumma Bouclê;2025-08-08;;active;;Premium;Por conta do comprador;0;variation;1;;;189568696807;Cor: Bege
MLB4154609755;112575-110343;;Sofá 2 Lugares Orgânico 214cm Modulado Sala Brumma Bouclê;2025-08-08;;active;;Premium;Por conta do comprador;1000;variation;1;;;189568696811;Cor: Cinza
MLB4154609755;112575-110345;;Sofá 2 Lugares Orgânico 214cm Modulado Sala Brumma Bouclê;2025-08-08;;active;;Premium;Por conta do comprador;1000;variation;1;;;189568696813;Cor: Cinza claro
MLB4154609755;112575-110341;;Sofá 2 Lugares Orgânico 214cm Modulado Sala Brumma Bouclê;2025-08-08;;active;;Premium;Por conta do comprador;0;variation;1;;;189568696815;Cor: Off white
MLB4154609755;112575-110349;;Sofá 2 Lugares Orgânico 214cm Modulado Sala Brumma Bouclê;2025-08-08;;active;;Premium;Por conta do comprador;1000;variation;1;;;189568696817;Cor: Terracota
MLB4154609755;112575-110351;;Sofá 2 Lugares Orgânico 214cm Modulado Sala Brumma Bouclê;2025-08-08;;active;;Premium;Por conta do comprador;1000;variation;1;;;189568696819;Cor: Verde
MLB4154622441;112593-110465;;Sofá Modulado 319cm Puff Console Usb Luminária Brumma Bouclê;2025-08-08;;active;;Premium;Por conta do comprador;1000;variation;1;;;189568710461;Cor: Azul
MLB4154622441;112593-110473;;Sofá Modulado 319cm Puff Console Usb Luminária Brumma Bouclê;2025-08-08;;active;;Premium;Por conta do comprador;0;variation;1;;;189568710459;Cor: Bege
MLB4154622441;112593-110469;;Sofá Modulado 319cm Puff Console Usb Luminária Brumma Bouclê;2025-08-08;;active;;Premium;Por conta do comprador;1000;variation;1;;;189568710463;Cor: Cinza
MLB4154622441;112593-110471;;Sofá Modulado 319cm Puff Console Usb Luminária Brumma Bouclê;2025-08-08;;active;;Premium;Por conta do comprador;1000;variation;1;;;189568710465;Cor: Cinza claro
MLB4154622441;112593-110467;;Sofá Modulado 319cm Puff Console Usb Luminária Brumma Bouclê;2025-08-08;;active;;Premium;Por conta do comprador;0;variation;1;;;189568710467;Cor: Off white
MLB4154622441;112593-110475;;Sofá Modulado 319cm Puff Console Usb Luminária Brumma Bouclê;2025-08-08;;active;;Premium;Por conta do comprador;1000;variation;1;;;189568710469;Cor: Terracota
MLB4154622441;112593-110477;;Sofá Modulado 319cm Puff Console Usb Luminária Brumma Bouclê;2025-08-08;;active;;Premium;Por conta do comprador;1000;variation;1;;;189568710471;Cor: Verde
MLB5736091874;76022;7908670828487;Cabeceira California Para Cama Box Casal 140 Cm Suede Cor Bege;2025-09-23;;active;;Classico;Por conta do comprador;1;item;0;;;;
MLB4218957293;59753;7908477271042;Cabeceira Casal Queen Cama Box 160cm Para Quarto Malibu Suede Marrom M11 - D'rossi Marrom;2025-09-23;;active;;Classico;Por conta do comprador;1000;item;0;;;;
MLB5735806326;60841;7908477275682;Cabeceira Dubai Para Cama Box Casal 140 Cm Suede - D'rossi Cor Caramelo;2025-09-23;;active;;Premium;Por conta do comprador;1000;item;0;;;;
MLB5735806162;62523;7908477294553;Kit Namoradeira E Poltronas Giratória Giovana Suede Marrom Liso;2025-09-23;;active;;Premium;Por conta do comprador;318;item;0;;;;
MLB4219431503;66231;7908575928879;Kit 2 Mesas De Cabeceira Organizadora Ellie 3 Gavetas Branco Pintura Uv;2025-09-24;;active;;Premium;Por conta do comprador;500;item;0;;;;
MLB4219202467;60383;7908477288965;Escultura Decorativa De Pelicano Em Poliresina Dourado 20 Cm;2025-09-23;;active;;Classico;Frete gratis;4;item;0;;;;
MLB4219442077;66989;7908575931169;Kit 08 Cadeiras De Jantar Liz Suede Marrom Base Giratória Liso Castanho Marrom Rato;2025-09-23;;active;;Classico;Por conta do comprador;2;item;0;;;;
MLB4219170903;61029;7908477277167;Cabeceira Gênova Para Cama Box Queen 160 Cm Corino Preto - D'rossi;2025-09-23;;active;;Premium;Por conta do comprador;1000;item;0;;;;
MLB4219170859;61985;7908477279819;Cabeceira Painel La Italiana Cama Casal 140 Cm Suede Azul;2025-09-23;;active;;Classico;Frete gratis;1000;item;0;;;;
MLB4219417517;67153;7908575934276;Kit 08 Cadeiras De Jantar Liz Corino Branco Base Giratória Liso;2025-09-23;;active;;Premium;Por conta do comprador;2;item;0;;;;
MLB4219196965;61271;7908477284851;Cabeceira Tania Para Cama Box King 195 Cm Suede - D'rossi Cor Bege;2025-09-23;;active;;Classico;Por conta do comprador;1000;item;0;;;;
MLB4219417347;66667;7908575934658;Cadeira De Jantar Liz Corano Nozes Pés Palito Castanho Liso;2025-09-23;;active;;Premium;Frete gratis;306;item;0;;;;
MLB4219465187;66611;7908575931701;Kit 8 Cadeiras Jantar D'rossi Liz Veludo Bege Pés Madeira Natural Liso;2025-09-23;;active;;Classico;Por conta do comprador;36;item;0;;;;
MLB4219158951;62797;7908477298483;Bandeja De Palha Redonda 5x30x30 Cm - D'rossi;2025-09-23;;active;;Premium;Por conta do comprador;13;item;0;;;;
MLB4219204143;58253;7908477258203;Porta Talher De Natal Bota Seja Luz Vermelho D'rossi Em Tecido;2025-09-23;;active;;Premium;Por conta do comprador;34;item;0;;;;
MLB4219158535;59729;7908477270977;Cabeceira Malibu Para Cama Box Casal 140 Cm Suede Preto;2025-09-23;;active;;Premium;Por conta do comprador;1000;item;0;;;;
MLB4219427763;58253;7908477258203;Porta Talher De Natal Bota Seja Luz Vermelho D'rossi Em Tecido;2025-09-23;;active;;Classico;Por conta do comprador;34;item;0;;;;
MLB4219158475;61659;7908477285766;Cabeceira Garden Para Cama Box Solteiro 90 Cm Corino Branco;2025-09-23;;active;;Classico;Por conta do comprador;1000;item;0;;;;
MLB5735806190;61705;7908477278379;Cabeceira Painel Aquilla Cama Box Queen 160 Cm Suede Cinza;2025-09-23;;active;;Classico;Por conta do comprador;1000;item;0;;;;
MLB4219426535;79677;7908670890330;Kit 3 Porta Temperos Vidro Tampa Metálica Prata 170ml D'rossi;2025-09-23;;active;;Premium;Por conta do comprador;1;item;0;;;;
MLB5737630894;66967;7908575931046;Kit 08 Cadeiras De Jantar Liz Suede Marrom Base Giratória Liso Castanho;2025-09-24;;active;;Classico;Por conta do comprador;2;item;0;;;;
MLB4220329499;59601;7908477269445;Aparador Para Sala Industrial 138cm Brooklyn Preto - D'rossi;2025-09-24;;active;;Premium;Por conta do comprador;6;item;0;;;;
MLB5738418232;76758;7908670834037;Poltrona Stella Suede Verde Base Industrial Dourada Liso Verde Liso;2025-09-24;;active;;Premium;Por conta do comprador;1000;item;0;;;;
MLB4218864149;61237;7908477284899;Cabeceira Tania Para Cama Box King 195 Cm Suede - D'rossi Cor Preto;2025-09-23;;active;;Premium;Por conta do comprador;1000;item;0;;;;
MLB4218863961;61663;7908477278249;Cabeceira Painel Aquilla Para Cama Box Casal 140 Cm Suede Cor Caramelo Caramelo;2025-09-23;;active;;Premium;Por conta do comprador;1000;item;0;;;;
MLB4218852707;77241;7908670840731;Cabeceira Para Cama Queen D'rossi Luna De Corino Bege 160 Cm;2025-09-23;;active;;Classico;Por conta do comprador;1000;item;0;;;;
MLB4218929181;61137;7908477292443;Cabeceira La Italiana Para Cama Box Casal 140 Cm Suede Café Marrom;2025-09-23;;active;;Premium;Por conta do comprador;1000;item;0;;;;
MLB4218941975;61025;7908477277136;Cabeceira Gênova Para Cama Box Queen 160 Cm Corino Branco;2025-09-23;;active;;Classico;Por conta do comprador;1000;item;0;;;;
MLB4218890115;60839;7908477275675;Cabeceira Dubai Para Cama Box Casal 140 Cm Suede Café Marrom;2025-09-23;;active;;Classico;Por conta do comprador;1000;item;0;;;;
MLB4218838929;62529;7908477294584;Kit Namoradeira E Poltronas Giratória Giovana Suede Rose Rosa Liso;2025-09-23;;active;;Classico;Por conta do comprador;318;item;0;;;;
MLB4218903335;61769;7908477278829;Cabeceira Painel Aquilla Para Cama Box King 195 Cm Corino Cor Bege;2025-09-23;;active;;Classico;Por conta do comprador;1000;item;0;;;;
MLB5738482308;76788;7908670834075;Kit 2 Poltrona Sala Industrial Dourado Stella Suede Cinza Cinza;2025-09-24;;active;;Classico;Por conta do comprador;499;item;0;;;;
MLB4218851803;60691;7908477274739;Cabeceira Aquilla Para Cama Box 90 Cm Suede Azul Marinho;2025-09-23;;active;;Classico;Por conta do comprador;1000;item;0;;;;
MLB5740141982;60957;7908477275941;Cabeceira Dubai Para Cama Box King 195 Cm Suede Preto;2025-09-25;;active;;Premium;Por conta do comprador;1000;item;0;;;;
MLB4218877477;61043;7908477276726;Cabeceira Gênova Para Cama Box Queen 160 Cm Suede Caramelo;2025-09-23;;active;;Classico;Por conta do comprador;1000;item;0;;;;
MLB4218866317;59741;7908477270892;Cabeceira Malibu Para Cama Box Solteiro 90 Cm Suede Preto Preto;2025-09-23;;active;;Premium;Por conta do comprador;1000;item;0;;;;
MLB4218903171;61211;7908477284646;Cabeceira Tania Para Cama Box Casal 140 Cm Suede - D'rossi Cor Cinza;2025-09-23;;active;;Classico;Por conta do comprador;1000;item;0;;;;
MLB4218916199;61427;7908477286091;Cabeceira Verona Para Cama Box Solteiro 90 Cm Suede Bege Bege;2025-09-23;;active;;Premium;Por conta do comprador;1000;item;0;;;;
MLB5737592080;67129;7908575934146;Kit 06 Cadeiras De Jantar Liz Corano Branco Base Giratória Liso;2025-09-24;;active;;Classico;Por conta do comprador;3;item;0;;;;
MLB4218877407;62525;7908477294560;Kit Namoradeira E Poltronas Giratória Giovana Suede Preto Liso;2025-09-23;;active;;Premium;Por conta do comprador;318;item;0;;;;
MLB5736116066;61433;7908477286121;Cabeceira Verona Para Cama Box Solteiro 90 Cm Suede Cinza D'rossi;2025-09-23;;active;;Premium;Frete gratis;1000;item;0;;;;
MLB5736740072;66495;7908575932241;Kit 8 Cadeiras De Jantar Liz Veludo Bege Pés Palito Castanho Liso;2025-09-23;;active;;Premium;Por conta do comprador;38;item;0;;;;
MLB5736748324;60199;7908477288156;Escultura Decorativa Onça Deitada Preta 17,5x51x13 Cm Preto;2025-09-23;;active;;Classico;Frete gratis;9;item;0;;;;
MLB5736723172;60307;7908477288651;Escultura Decorativa Touro Dourado Em Cerâmica 20x30x9 Cm;2025-09-23;;active;;Classico;Frete gratis;3;item;0;;;;
MLB5736616778;60789;7908477275101;Cabeceira Aquilla Para Cama Box King 195 Cm Suede - D'rossi Cor Bege;2025-09-23;;active;;Premium;Por conta do comprador;1000;item;0;;;;
MLB5736603778;61635;7908477285872;Cabeceira Garden Para Cama Box Casal 140 Cm Corino - D'rossi Cor Preto;2025-09-23;;active;;Classico;Por conta do comprador;1000;item;0;;;;
MLB5736343576;61733;7908477278584;Cabeceira Painel Aquilla Cama Box Solteiro 90 Cm Corino Bege;2025-09-23;;active;;Classico;Por conta do comprador;1000;item;0;;;;
MLB5736673802;52736;7908103714073;Bandeja Decorativa Redonda Em Metal Prata Com Espelho Preto;2025-09-23;;active;;Classico;Frete gratis;9;item;0;;;;
MLB5736140510;61667;7908477278263;Cabeceira Painel Aquilla Cama Box Casal 140 Cm Suede Preto;2025-09-23;;active;;Premium;Por conta do comprador;1000;item;0;;;;
MLB5736727290;72713;7908575979888;Sofá 2 Lugares 1 Poltrona Stella Base Giratória Ma30 Sintético Pu Nozes D03 - D'rossi Marrom Liso;2025-09-23;;active;;Classico;Por conta do comprador;296;item;0;;;;
MLB5736145684;60371;7908477288903;Escultura Decorativa Face Em Cerâmica 29x11 Cm - D'rossi Dourado;2025-09-23;;active;;Premium;Frete gratis;7;item;0;;;;
MLB5736447550;60999;7908477277082;Cabeceira Gênova Para Cama Box Casal 140 Cm Corino Preto;2025-09-23;;active;;Classico;Por conta do comprador;1000;item;0;;;;
MLB5736140594;60709;7908477275231;Cabeceira Aquilla Para Cama Box Solteiro 90 Cm Corino Marrom;2025-09-23;;active;;Classico;Por conta do comprador;1000;item;0;;;;
MLB5736140468;61543;7908477284417;Cabeceira De Cama Box D'rossi Arizona King 195cm X 125cm Corino Bege;2025-09-23;;active;;Classico;Por conta do comprador;1000;item;0;;;;
MLB5736675416;66621;7908575931749;Conjunto 6 Cadeiras D'rossi Liz Veludo Preto Moderno Pés Madeira Liso;2025-09-23;;active;;Premium;Por conta do comprador;48;item;0;;;;
MLB5736663000;80643;7908748106141;Painel Ripado Para Tv 75  D'rossi Marisa Nature Fosco Mdp Cor Natural;2025-09-24;;active;;Classico;Por conta do comprador;24;item;0;;;;
MLB5736118764;60191;7908477288118;Escultura Decorativa Rosto Silêncio Em Cerâmica Nude;2025-09-23;;active;;Classico;Frete gratis;2;item;0;;;;
MLB5736603538;63851;7908575901445;Kit Namoradeira E 01 Poltrona Giratória Giovana Veludo Rosê Rosa Liso;2025-09-23;;active;;Classico;Por conta do comprador;318;item;0;;;;
MLB5736525594;60807;7908477275569;Cabeceira Dubai Para Cama Box Solteiro 90 Cm Suede - D'rossi Cor Caramelo;2025-09-23;;active;;Classico;Por conta do comprador;1000;item;0;;;;
MLB5736616712;61107;7908477292955;Cabeceira La Italiana Para Cama Box Queen 160 Cm Corino Bege;2025-09-23;;active;;Classico;Por conta do comprador;1000;item;0;;;;
MLB4157809457;60707;7908477275217;Cabeceira Aquilla Para Cama Box Solteiro 90 Cm Corino Branco;2025-08-11;;active;;Premium;Por conta do comprador;1000;item;0;;;;
MLB4154476185;112581-110381;;Sofá Sala Modulado 231cm Console Usb Luminária Brumma Bouclê;2025-08-08;;active;;Premium;Por conta do comprador;1000;variation;1;;;184624228524;Cor: Azul
MLB4154476185;112581-110389;;Sofá Sala Modulado 231cm Console Usb Luminária Brumma Bouclê;2025-08-08;;active;;Premium;Por conta do comprador;0;variation;1;;;184624228522;Cor: Bege
MLB4154476185;112581-110385;;Sofá Sala Modulado 231cm Console Usb Luminária Brumma Bouclê;2025-08-08;;active;;Premium;Por conta do comprador;1000;variation;1;;;184624228526;Cor: Cinza
MLB4154476185;112581-110387;;Sofá Sala Modulado 231cm Console Usb Luminária Brumma Bouclê;2025-08-08;;active;;Premium;Por conta do comprador;1000;variation;1;;;184624228528;Cor: Cinza claro
MLB4154476185;112581-110383;;Sofá Sala Modulado 231cm Console Usb Luminária Brumma Bouclê;2025-08-08;;active;;Premium;Por conta do comprador;0;variation;1;;;184624228530;Cor: Off white
MLB4154476185;112581-110391;;Sofá Sala Modulado 231cm Console Usb Luminária Brumma Bouclê;2025-08-08;;active;;Premium;Por conta do comprador;1000;variation;1;;;184624228532;Cor: Terracota
MLB4154476185;112581-110393;;Sofá Sala Modulado 231cm Console Usb Luminária Brumma Bouclê;2025-08-08;;active;;Premium;Por conta do comprador;1000;variation;1;;;184624228534;Cor: Verde
MLB5736752688;61641;7908477278133;Cabeceira Painel Aquilla Para Cama Box Solteiro De Suede Cinza D'rossi;2025-09-23;;active;;Premium;Frete gratis;1000;item;0;;;;
MLB5561428314;58095;7908477240475;Escultura Equilíbrio Em Metal Preto 17x14 Cm Moderno Para Decoração;2025-08-09;;active;;Classico;Frete gratis;2;item;0;;;;
MLB5736775166;67039;7908575932685;Kit 02 Cadeiras De Jantar Liz Linho Bege A19 Base Giratória Liso;2025-09-24;;active;;Premium;Por conta do comprador;11;item;0;;;;
MLB4217179149;36693;7908439208918;Poltrona Sala Decorativa Stella Pé Palito Natural Sintético Pu Nozes/linho Bege D'rossi Liso;2025-09-22;;active;;Premium;Frete gratis;317;item;0;;;;
MLB3721797873;;;Armário Aéreo De Cozinha Lavanderia Eva 80cm D'rossi;2025-08-19;;active;MLB3721797873;Premium;Frete gratis;15;variation;1;;;189937865953;Cor: Branco
MLB3721797873;;;Armário Aéreo De Cozinha Lavanderia Eva 80cm D'rossi;2025-08-19;;active;MLB3721797873;Premium;Frete gratis;6;variation;1;;;189937865955;Cor: Branco e Preto
MLB3721797873;;;Armário Aéreo De Cozinha Lavanderia Eva 80cm D'rossi;2025-08-19;;active;MLB3721797873;Premium;Frete gratis;7;variation;1;;;189937865957;Cor: Cinza
MLB3721797873;;;Armário Aéreo De Cozinha Lavanderia Eva 80cm D'rossi;2025-08-19;;active;MLB3721797873;Premium;Frete gratis;0;variation;1;;;189937865959;Cor: Castanho e Preto
MLB3721797873;;;Armário Aéreo De Cozinha Lavanderia Eva 80cm D'rossi;2025-08-19;;active;MLB3721797873;Premium;Frete gratis;1;variation;1;;;189937865961;Cor: Preto
MLB3721797873;;;Armário Aéreo De Cozinha Lavanderia Eva 80cm D'rossi;2025-08-19;;active;MLB3721797873;Premium;Frete gratis;0;variation;1;;;189937865963;Cor: Preto e Cinza
MLB5600946918;92225;7908748124855;Cadeira Sala De Jantar Base Madeira Preto Sofia Suede Rosê;2025-08-19;;active;;Classico;Frete gratis;1000;item;0;;;;
MLB5719263452;62727;7908477297936;Bandeja Decorativa De Madeira Folha Rose 2x35x13 Cm;2025-09-18;;active;;Classico;Por conta do comprador;25;item;0;;;;
MLB3359912561;41009-30551;7908748133031;Poltrona Sala Jantar Elisa Corano Nozes Base Industrial Preta D'rossi Laranja Liso;2025-08-19;;active;MLB3359912561;Premium;Por conta do comprador;1006;item;0;;;;
MLB5631613840;111949-110271;;Painel Tv 45 Pol 136cm Rack Bancada Para Sala Visari D'rossi;2025-08-25;;active;;Premium;Por conta do comprador;15;variation;1;;;184965144500;Cor: Marrom/Freijó
MLB5631613840;111949-110269;;Painel Tv 45 Pol 136cm Rack Bancada Para Sala Visari D'rossi;2025-08-25;;active;;Premium;Por conta do comprador;0;variation;1;;;184965144498;Cor: Off white/Freijó
MLB5631772178;111917-110197;;Painel Tv 65 Pol 180cm Bancada Suspensa Ripado Luana D'rossi;2025-08-25;;active;;Premium;Por conta do comprador;253;variation;1;;;184965415086;Cor: Freijó/Off white
MLB5631772178;111917-110199;;Painel Tv 65 Pol 180cm Bancada Suspensa Ripado Luana D'rossi;2025-08-25;;active;;Premium;Por conta do comprador;257;variation;1;;;184965415088;Cor: Fendi Buriti
MLB5631772178;111917-110201;;Painel Tv 65 Pol 180cm Bancada Suspensa Ripado Luana D'rossi;2025-08-25;;active;;Premium;Por conta do comprador;1000;variation;1;;;184965415090;Cor: Fendi/Havana
MLB5573670304;26973;7908274453696;Puff Decorativo Opala Suede Cinza - D'rossi;2025-08-11;;active;;Classico;Por conta do comprador;318;item;0;;;;
MLB5736772626;59078;7908477264181;Painel Cristal Cama Box Casal 140 Cm Suede Vinho Com Strass;2025-09-23;;active;;Classico;Por conta do comprador;1;item;0;;;;
MLB5658020332;61291;7908477293181;Cabeceira Vicenza Para Cama Box Casal 140 Cm Corino Branco;2025-09-02;;active;;Premium;Por conta do comprador;1000;item;0;;;;
MLB5713689932;55212;7908477233798;Poltrona Arezzo Linho Areia A27 Pés Chanfrado Castanho Bege Liso;2025-09-17;;active;;Premium;Por conta do comprador;1000;item;0;;;;
MLB5673116340;74234;7908575992726;Kit 2 Poltronas Sher Tipo Costela Facto Dourado Pés De Ferro Liso;2025-09-06;;active;;Classico;Por conta do comprador;262;item;0;;;;
MLB5713148214;114487;;Poltrona Amamentação Orgânica Balanço E Puff Jhessy Bouclê;2025-09-17;;active;;Premium;Por conta do comprador;29;variation;1;;;190850553537;Cor: Bege | Desenho do tecido: Liso
MLB5713148214;114487;;Poltrona Amamentação Orgânica Balanço E Puff Jhessy Bouclê;2025-09-17;;active;;Premium;Por conta do comprador;2;variation;1;;;190850553539;Cor: Pistache | Desenho do tecido: Liso
MLB5713148214;114487;;Poltrona Amamentação Orgânica Balanço E Puff Jhessy Bouclê;2025-09-17;;active;;Premium;Por conta do comprador;2;variation;1;;;190850553541;Cor: Grafite | Desenho do tecido: Liso
MLB5736752858;66623;7908575931756;Conjunto 8 Cadeiras Jantar D'rossi Liz Veludo Preto Pés Madeira Natural Liso Liso Natural Preto;2025-09-23;;active;;Classico;Por conta do comprador;36;item;0;;;;
MLB5736773814;66507;7908575932180;Kit 08 Cadeiras De Jantar Liz Veludo Preto Pés Palito Liso Castanho;2025-09-23;;active;;Premium;Por conta do comprador;38;item;0;;;;
MLB5768728312;60765;7908477291958,7908575935662;Jarro Vaso Bacia Decorativo Redondo D'rossi Branco De 40 Cm;2025-10-05;;active;;Premium;Frete gratis;5;item;0;;;;
MLB5767299304;59174;7908477265409;Poltrona Paola Corano Nozes Com Linho Bege A19 Base Metálica Liso;2025-10-04;;active;;Classico;Por conta do comprador;1000;item;0;;;;
MLB5774921032;72721;7908575979901;Sofá 2 Lugares 2 Poltronas Stella Base Giratória Ma30 Sintético Pu Nozes D03 - D'rossi Marrom Liso;2025-10-08;;active;;Classico;Por conta do comprador;296;item;0;;;;
MLB5765125598;59170;7908477265386;Poltrona Paola D'rossi De Linho Azul-celeste Com Base Metálica Dourada Cinza Liso;2025-10-03;;active;;Premium;Por conta do comprador;1000;item;0;;;;
MLB4241119357;63849;7908575901438;Conjunto Namoradeira E Poltrona Giratória Giovana De Veludo Preto Liso;2025-10-08;;active;;Premium;Por conta do comprador;318;item;0;;;;
MLB5770386142;115029-111733;7901017037979;Mesa Lateral Redonda Para Sala Pé De Madeira Retrô Camila Preto;2025-10-06;;active;;Premium;Por conta do comprador;11;item;0;;;;
MLB5774950220;81457;7908748105731;Kit 1 Sofá E 2 Poltronas Elisa Linho Bege Pés Palito Liso;2025-10-08;;active;;Classico;Por conta do comprador;106;item;0;;;;
MLB4235441761;59184;7908477265393;Poltrona Paola Corano Nozes Com Linho Grafite Base Metálica Grafite A26 Liso;2025-10-04;;active;;Premium;Por conta do comprador;1000;item;0;;;;
MLB4238788919;60263;7908477288491;Cachepot Coruja Em Cimento Terracota 11,5x13,5 Cm - D'rossi;2025-10-07;;active;;Classico;Por conta do comprador;4;item;0;;;;
MLB4233814723;45320;7908439211345;Poltrona D'rossi Paola Em Suede Verde Com Base Dourada Liso Verde Liso;2025-10-03;;active;;Classico;Por conta do comprador;1000;item;0;;;;
MLB5764971050;45286;7908439211178;Poltrona D'rossi Paola Moderna Em Suede Azul Com Base Dourada Liso;2025-10-03;;active;;Classico;Por conta do comprador;1000;item;0;;;;
MLB4241156383;54362;7908477226813;Poltrona Giratória Costela Suede Azul Marinho Base Madeira Liso;2025-10-08;;active;;Premium;Por conta do comprador;28;item;0;;;;
MLB5774896234;60351;7908477288811;Vaso Decorativo Bob Robert Plant Poliresina Rosa 14,5x11x12 Liso;2025-10-08;;active;;Classico;Por conta do comprador;6;item;0;;;;
MLB4233775823;45324;7908439211369;Poltrona D'rossi Paola Moderna Em Suede Marrom Com Base Dourada Liso;2025-10-03;;active;;Classico;Por conta do comprador;1000;item;0;;;;
MLB4233924863;45296;7908439211208;Poltrona D'rossi Paola Em Suede Preto Com Base Dourada Liso;2025-10-03;;active;;Classico;Por conta do comprador;1000;item;0;;;;
MLB4241182567;58107;7908477257169;Kit 01 Namoradeira E 01 Poltrona Giovana Suede Bege Liso;2025-10-08;;active;;Classico;Por conta do comprador;145;item;0;;;;
MLB4233801611;45300;7908439211239;Poltrona Paola Suede Cinza Base Metálica Dourado - D'rossi Liso;2025-10-03;;active;;Classico;Por conta do comprador;1000;item;0;;;;
MLB5774573946;60417;7908477289078;Vaso Decorativo Cilíndrico Em Poliresina 33x16x16 Cm Branco Liso;2025-10-08;;active;;Premium;Frete gratis;9;item;0;;;;
MLB4233828009;53574;7908477207072;Poltrona Paola Linho Grafite A26 Base Metálica Dourado Liso;2025-10-03;;active;;Classico;Por conta do comprador;1000;item;0;;;;
MLB4241188935;58113;7908477257190;Kit Namoradeira E Poltrona Giovana Em Suede Marrom Liso;2025-10-08;;active;;Premium;Por conta do comprador;145;item;0;;;;
MLB5759631520;66997;7908575931206;Kit 04 Cadeiras De Jantar Liz Suede Rosa Bebê Base Giratória Liso Liso Rosa Bebê;2025-10-01;;active;;Classico;Por conta do comprador;5;item;0;;;;
MLB4220215371;53918;7908477224567;Puff Love Suede Rose Base Industrial Cobre - D'rossi Rosa;2025-09-24;;active;;Premium;Por conta do comprador;1000;item;0;;;;
MLB4219604819;60791;7908477275118;Cabeceira Aquilla Para Cama Box King 195 Cm Suede Café Marrom;2025-09-24;;active;;Classico;Por conta do comprador;1000;item;0;;;;
MLB4219565871;60939;7908477276276;Cabeceira Dubai Para Cama Box King 195 Cm Corino Marrom;2025-09-24;;active;;Premium;Por conta do comprador;1000;item;0;;;;
MLB4231838571;57917;7908477243742;Cachepot Em Cerâmica Dourado Com Base De Metal Preto 21cm Liso;2025-10-02;;active;;Premium;Frete gratis;5;item;0;;;;
MLB4231377043;66973;7908575931084;Cadeiras De Jantar Kit 4 Liz Suede Preto Base Madeira Giratória Mm35 D03 - D'rossi Liso Liso Preto;2025-10-01;;active;;Premium;Por conta do comprador;5;item;0;;;;
MLB5759683472;66983;7908575931138;Kit 02 Cadeiras De Jantar Liz Suede Marrom Base Giratória Liso Marrom Rato Marrom Rato;2025-10-01;;active;;Classico;Por conta do comprador;11;item;0;;;;
MLB4231377007;66913;7908575930773;Cadeiras De Jantar Kit 2 Liz Suede Azul Marinho Base Madeira Mm35 D03 - D'rossi Liso Liso Azul-marinho;2025-10-01;;active;;Classico;Por conta do comprador;11;item;0;;;;
MLB4231351801;66939;7908575930896;Kit 02 Cadeiras De Jantar Liz Suede Cinza Base Giratória;2025-10-01;;active;;Premium;Por conta do comprador;11;item;0;;;;
MLB4221985799;69633;7908575953093;Poltrona Giratória Costela Kit 2 Veludo Rosê Base De Madeira Liso;2025-09-25;;active;;Classico;Por conta do comprador;14;item;0;;;;
MLB5761579496;60349;7908477288828;Vaso Decorativo Bob Robert Sentando Poliresina Rosa 18x10x10 Liso;2025-10-02;;active;;Classico;Por conta do comprador;8;item;0;;;;
MLB5742172118;69679;7908575953260;Kit 02 Poltronas Giratória Costela Base Madeira Ma30 Sintético Bege D03 - D'rossi Liso;2025-09-25;;active;;Classico;Por conta do comprador;14;item;0;;;;
MLB3387582271;52966;7908477201551;Poltrona Sala Madeira Orgânica Shell Corano Nozes - D'rossi Liso;2023-07-24;;active;;Premium;Por conta do comprador;1000;item;0;;;;
MLB5762851852;66961;7908575931015;Cadeiras De Jantar Kit 2 Liz Suede Marrom Rato Base Madeira Mm35 D03 - D'rossi Liso Liso Marrom;2025-10-02;;active;;Classico;Por conta do comprador;11;item;0;;;;
MLB5756473752;60227;7908477288309;Jogo Americano Redondo De Plástico Preto 38 Cm - D'rossi Liso;2025-09-30;;active;;Classico;Por conta do comprador;24;item;0;;;;
MLB5756528270;77499;7908670854349;Pés Palito Sofá E Poltrona Kit 04 Castanho 25 Cm - D'rossi;2025-09-30;;active;;Classico;Por conta do comprador;301;item;0;;;;
MLB5762791640;111155-109663;7901017015236;Banqueta De Cozinha Alta Industrial Em Aço Kit 2 Londres Pu Verde;2025-10-02;;active;;Premium;Frete gratis;7;item;0;;;;
MLB5761249848;60329;7908477288736;Vaso Decorativo Bob Robert Perna Cruzada Preto 14,5x11x10 Liso;2025-10-02;;active;;Premium;Por conta do comprador;5;item;0;;;;
MLB4232894795;111155-109655;7901017015199;Banqueta De Cozinha Alta Industrial Em Aço Kit 2 Londres Pu Laranja;2025-10-02;;active;;Premium;Frete gratis;28;item;0;;;;
MLB5759760026;66951;7908575930964;Cadeiras De Jantar Kit 4 Liz Suede Grafite Base Madeira Mm35 D03 - D'rossi Liso Preto Liso Grafite Preto;2025-10-01;;active;;Classico;Por conta do comprador;5;item;0;;;;
MLB5791399010;78211;7908670849499;Kit 1 Namoradeira E 2 Poltronas Mari Corano Preto Pés Palito Liso;2025-10-13;;active;;Classico;Por conta do comprador;106;item;0;;;;
MLB4258946295;82117;7908748104987;Kit 1 Sofá E 1 Poltrona Elisa Linho Preto Pés Palito Liso;2025-10-17;;active;;Classico;Por conta do comprador;164;item;0;;;;
MLB4258849297;78319;7908670849925;Kit 1 Namoradeira E 1 Poltrona Mari Linho Preto Pés De Ferro Liso;2025-10-17;;active;;Premium;Por conta do comprador;145;item;0;;;;
MLB5832038790;56803;7908477246200;Banqueta Ipê Veludo Cinza Base Metálica Preto - D'rossi;2025-10-21;;active;;Premium;Frete gratis;1;item;0;;;;
MLB5805530868;78503;7908670852994;Kit Namoradeira E 2 Poltronas Mari Suede Marrom Base Madeira Liso;2025-10-15;;active;;Classico;Por conta do comprador;318;item;0;;;;
MLB4258862221;78331;7908670849970;Kit Namoradeira E 2 Poltronas Mari Linho Preto Pés De Ferro Preto Liso;2025-10-17;;active;;Classico;Por conta do comprador;97;item;0;;;;
MLB5804871848;61089;7908477292788;Cabeceira La Italiana Cama Box Solteiro 90 Cm Corino Branco Branco;2025-10-15;;active;;Classico;Por conta do comprador;1000;item;0;;;;
MLB4258849303;78523;7908670850648;1 Namoradeira E 1 Poltrona Mari Linho Preto Base De Madeira Liso Preto Liso;2025-10-17;;active;;Classico;Por conta do comprador;318;item;0;;;;
MLB5779555832;114423;7901017034138;Armário Cozinha Paneleiro 61cm Microondas Joseane Branco Branco;2025-10-09;;active;;Premium;Por conta do comprador;1000;item;0;;;;
MLB5826825534;53362;7908477203630;Kit Namoradeira E 02 Poltronas Giratória Anitta Corino Bege Liso;2025-10-20;;active;;Classico;Por conta do comprador;318;item;0;;;;
MLB5832039020;81953;7908748114078;Sofá 3 Lugares Viena D07 230cm Base De Madeira Corano Palha;2025-10-21;;active;;Premium;Por conta do comprador;1000;item;0;;;;
MLB4258849215;78103;7908670828265;Kit 01 Namoradeira E 01 Poltrona Mari Linho Preto Pés Palito Liso;2025-10-17;;active;;Classico;Por conta do comprador;159;item;0;;;;
MLB5791681836;4609;7908439229050;Cabeceira Solteiro Slim Cama Box De 1,00 Mt Suede Vermelho;2025-10-13;;active;;Premium;Por conta do comprador;1;item;0;;;;
MLB5832078074;83073;7908748136414;Kit 1 Poltrona E 1 Puff Bouclê Bege Base Madeira Castanho Liso;2025-10-22;;active;;Premium;Por conta do comprador;256;item;0;;;;
MLB5812656218;41009-30551;7908748133031;Poltrona Sala Decorativa Elisa Industrial Preto Sintético Pu - D'rossi Marrom Liso;2025-10-16;;active;;Premium;Por conta do comprador;1006;item;0;;;;
MLB5832045746;30683;7908274450374;Kit 02 Poltronas Gran Opala Giratória Madeira Suede Bege;2025-10-21;;active;;Premium;Por conta do comprador;500;item;0;;;;
MLB4258959463;81727;7908748112876;Poltrona D'rossi Mildred De Linho Preto Com Pés De Madeira;2025-10-17;;active;;Classico;Por conta do comprador;1000;item;0;;;;
MLB5832044590;45120;7899949716751;Lustre D'rossi Pendente De Mdf Tabaco Para Teto 22.4x13.26cm;2025-10-21;;active;;Premium;Frete gratis;8;item;0;;;;
MLB5832044646;60311;7908477288668;Escultura Decorativa Pássaro Cerâmica Dourado 8x23x6cm Decoração Moderna;2025-10-21;;active;;Premium;Frete gratis;12;item;0;;;;
MLB5832045584;54524;7908477229470;Poltrona Sala Kit 2 Marisa Aço Industrial X Preto Suede Marrom Liso;2025-10-21;;active;;Premium;Por conta do comprador;500;item;0;;;;
MLB5831910324;83745;7908748139798;Poltrona De Amamentação Com Balanço Suede Cinza Base Madeira Liso;2025-10-21;;active;;Premium;Por conta do comprador;1;item;0;;;;
MLB5831880212;54010;7908477225090;Kit 01 Poltrona E 01 Puff Costela Suede Marrom Base Metal Liso;2025-10-21;;active;;Classico;Por conta do comprador;1;item;0;;;;
MLB5831929692;63825;7908575901230;Kit Namoradeira E Poltronas Giratória Giovana Veludo Preto Liso;2025-10-21;;active;;Premium;Por conta do comprador;318;item;0;;;;
MLB5831929732;83733;7908748139699;Poltrona Redonda Serena Suede Marrom Base Fixa C05 - D'rossi Liso;2025-10-21;;active;;Classico;Por conta do comprador;1000;item;0;;;;
MLB5831915156;50810;7908439278959;Kit Namoradeira E 2 Poltrona Marisa Suede Grafite Base Preto Liso;2025-10-21;;active;;Premium;Por conta do comprador;500;item;0;;;;
MLB5831956882;59763;7908477271400;Cabeceira Stambul Para Cama Box Casal 140 Cm Suede Marrom;2025-10-21;;active;;Classico;Por conta do comprador;3;item;0;;;;
MLB5831971940;24487;7908439215008;Kit Sofá Retrô E Poltrona Decorativa Julia Suede Rose Rosa Liso;2025-10-21;;active;;Premium;Por conta do comprador;1000;item;0;;;;
MLB5831918640;83115;7908748108282;Kit 2 Poltronas Elisa Veludo Cinza Base Industrial Dourado Liso;2025-10-21;;active;;Classico;Por conta do comprador;500;item;0;;;;
MLB5831950562;83751;7908748139859;Poltrona De Amamentação Com Balanço Suede Preto Base Madeira Liso;2025-10-21;;active;;Classico;Por conta do comprador;1;item;0;;;;
MLB5831955698;83793;7908748140213;Poltrona Mirella Suede Verde Com Rodízios - D'rossi Liso;2025-10-21;;active;;Classico;Por conta do comprador;1000;item;0;;;;
MLB5831931896;52000;7908439296328;Sofá 2 Lugares Pés Palito Castanho Marisa Suede Grafite;2025-10-21;;active;;Classico;Por conta do comprador;318;item;0;;;;
MLB5831946038;53980;7908477223935;Nicho De Parede Preto Mdp 62x22x26cm Com Cabideiro Dakar D'rossi;2025-10-21;;active;;Premium;Por conta do comprador;2;item;0;;;;
MLB5831948316;17552;7899250175520;Kit 02 Cadeira Poltrona Decorativa Liz Corino Grafite;2025-10-21;;active;;Premium;Por conta do comprador;153;item;0;;;;
MLB5831904932;83821;7908748140459;Poltrona Bianca Com Tressê Suede Marrom Pés Palito Castanho Liso;2025-10-21;;active;;Premium;Por conta do comprador;1000;item;0;;;;
MLB5831902060;50574;7908439278034;Sofá Namoradeira E 1 Poltrona Marisa Aço Industrial Dourado Suede Verde - D'rossi Liso;2025-10-21;;active;;Premium;Por conta do comprador;1000;item;0;;;;
MLB5831892340;78265;7908670862856;Kit Namoradeira E Poltrona Mari De Suede Grafite Com Pés Palito Liso;2025-10-21;;active;;Classico;Por conta do comprador;145;item;0;;;;
MLB5831940942;83717;7908748139279;Kit 2 Poltronas Lorem Suede Marrom Pés Chanfrado Tabaco C05 Liso;2025-10-21;;active;;Classico;Por conta do comprador;500;item;0;;;;
MLB5831897502;73489;7908575983724;Sofá Cama 02 Lugares Lisboa Corano Preto - D'rossi;2025-10-21;;active;;Premium;Por conta do comprador;277;item;0;;;;
MLB5831898564;33395;7908274408160;Conjunto 4 Cadeiras Gruvyer Sala De Jantar Cozinha Varanda Preto Preto;2025-10-21;;active;;Premium;Por conta do comprador;1;item;0;;;;
MLB5831894580;66985;7908575931145;Cadeiras De Jantar Kit 4 Liz Suede Marrom Rato Base Madeira Mm35 D03 - D'rossi Liso Liso Marrom Rato;2025-10-21;;active;;Classico;Por conta do comprador;5;item;0;;;;
MLB5831849680;76905;7908670834549;Poltrona Decorativa Industrial Dourado Kit 2 Stella Sintético Pu Branco D03 - D'rossi Liso;2025-10-21;;active;;Premium;Por conta do comprador;504;item;0;;;;
MLB5831774734;53984;7908477223973;Kit 02 Sapateiras Multiuso Barcelona Branco - D'rossi;2025-10-21;;active;;Classico;Por conta do comprador;1;item;0;;;;
MLB5831860174;83791;7908748140190;Poltrona Mirella Suede Preto Com Rodízios - D'rossi Liso;2025-10-21;;active;;Classico;Por conta do comprador;1000;item;0;;;;
MLB5831818462;45094;7899949711206;Porta-copos Mdf Redondo Placas De Trânsito D'rossi Kit 6 Multicolorido;2025-10-21;;active;;Premium;Por conta do comprador;14;item;0;;;;
MLB5831835472;69651;7908575953161;Kit 01 Poltrona E 01 Puff Giratório Costela Base Madeira Ma30 Veludo Bege D03 - D'rossi Liso;2025-10-21;;active;;Classico;Por conta do comprador;1;item;0;;;;
MLB5831825166;82905;7908748134977;Kit 2 Poltronas Giratória Bouclê Bege Base Madeira Ma30 Liso;2025-10-21;;active;;Premium;Por conta do comprador;498;item;0;;;;
MLB5831835076;83711;7908748139217;Kit 2 Poltronas Lorem Suede Bege Pés Chanfrado Tabaco C05 Liso;2025-10-21;;active;;Classico;Por conta do comprador;500;item;0;;;;
MLB5831878134;54772;7908477229128;Sofá Retrátil Bali 02 Lugares Couro Branco B105 175 Cm;2025-10-21;;active;;Premium;Por conta do comprador;1000;item;0;;;;
MLB5831805224;52724;7899525663813;Espelho Adnet D'rossi Redondo Dourado Com Alça De Couro Decorativo 75,5x45,5cm;2025-10-21;;active;;Premium;Frete gratis;1;item;0;;;;
MLB5831848320;78843;7908670860456;Sofá Namoradeira Lana Corano Nozes Base De Madeira - D'rossi Liso;2025-10-21;;active;;Classico;Por conta do comprador;273;item;0;;;;
MLB5831879572;83095;7908748108220;Poltrona Elisa Veludo Rosê Base Metálica Industrial Dourado Liso;2025-10-21;;active;;Premium;Por conta do comprador;998;item;0;;;;
MLB5831823794;83799;7908748140251;Cadeira De Jantar Bahia Suede Bege Pés Chanfrado Tabaco;2025-10-21;;active;;Premium;Por conta do comprador;1000;item;0;;;;
MLB5831860426;63817;7908575901193;Kit Namoradeira E Poltronas Giratória Giovana Veludo Cinza Liso;2025-10-21;;active;;Premium;Por conta do comprador;318;item;0;;;;
MLB5831820754;58143;7908477241175;Tábua Decorativa Mármore Branco E Madeira 20 Cm - D'rossi Geométrico Branco/marrom;2025-10-21;;active;;Premium;Por conta do comprador;11;item;0;;;;
MLB5831861186;58049;7908477256896;Namoradeira Giovana Para 2 Lugares, Suede Cinza Com Pés Palito De Ferro Liso;2025-10-21;;active;;Classico;Por conta do comprador;291;item;0;;;;
MLB5831868932;81711;7908748112791;Poltrona Decorativa Mildred Pés Madeira Linho Mescla Bege;2025-10-21;;active;;Premium;Por conta do comprador;1000;item;0;;;;
MLB5831875994;53984;7908477223973;Kit 02 Sapateiras Multiuso Barcelona Branco - D'rossi;2025-10-21;;active;;Premium;Por conta do comprador;1;item;0;;;;
MLB5831862454;6702;7890000196284;Sofá Namoradeira Julia Para 2 Lugares Em Suede Marrom Com Strass Sem Estampa;2025-10-21;;active;;Premium;Por conta do comprador;1000;item;0;;;;
MLB5831820632;57729;7908575999329;Namoradeira Giovana 02 Lugares Suede Azul Marinho Pés Palito Liso;2025-10-21;;active;;Premium;Por conta do comprador;318;item;0;;;;
MLB5831853810;57405;7908670802869;Kit 02 Poltronas Giovana Corino Bege Pés Palito Castanho Liso;2025-10-21;;active;;Classico;Por conta do comprador;159;item;0;;;;
MLB5832007664;81833;7908748113279;Sofá 2 Lugares Odeon D07 140cm Base Madeira Veludo Bordô;2025-10-21;;active;;Classico;Por conta do comprador;1000;item;0;;;;
MLB5831993730;41459;7908274486557;Poltrona Giratória Giovana Suede Verde Base Madeira D'rossi Liso;2025-10-21;;active;;Premium;Por conta do comprador;1000;item;0;;;;
MLB5832032724;83715;7908748139255;Kit 2 Poltronas Lorem De Suede Grafite Com Pés Chanfrados Tabaco Liso;2025-10-21;;active;;Classico;Por conta do comprador;500;item;0;;;;
MLB5832006786;77821;7908670855919;Paneleiro Torre Quente Para Cozinha Ruth Branco E Preto;2025-10-21;;active;;Premium;Por conta do comprador;5;item;0;;;;
MLB5831977148;54318;7908477226301;Mesa De Centro Estilo Industrial Vermont Base Metálica Preto;2025-10-21;;active;;Classico;Por conta do comprador;1000;item;0;;;;
MLB5831982252;81299;7908748106561;Mesa De Cabeceira D'rossi Keila Branca Com 1 Gaveta Em Mdp E Mdf Branco;2025-10-21;;active;;Classico;Por conta do comprador;25;item;0;;;;
MLB5831990088;83801;7908748140275;Cadeira De Jantar Bahia Suede Cinza Pés Chanfrado Tabaco;2025-10-21;;active;;Premium;Frete gratis;1000;item;0;;;;
MLB5832010906;83789;7908748140176;Poltrona Mirella Suede Marrom Com Rodízios - D'rossi Liso;2025-10-21;;active;;Premium;Por conta do comprador;1000;item;0;;;;
MLB5831986152;83799;7908748140251;Cadeira De Jantar Bahia Suede Bege Pés Chanfrado Tabaco;2025-10-21;;active;;Classico;Por conta do comprador;1000;item;0;;;;
MLB5831973668;76300;7908670831654;Poltrona Stella Suede Grafite Base Madeira Castanho Liso;2025-10-21;;active;;Premium;Por conta do comprador;995;item;0;;;;
MLB5831976502;56803;7908477246200;Banqueta Ipê Veludo Cinza Base Metálica Preto - D'rossi;2025-10-21;;active;;Premium;Por conta do comprador;1;item;0;;;;
MLB5831988218;41003-30547;7908748109876;D'rossi Base Industrial Elisa Branco Liso;2025-10-21;;active;;Premium;Por conta do comprador;1000;item;0;;;;
MLB5831997876;82397;7908748114771;Colar Decorativo Árvore D'rossi Pompom Colorido 180cm Natal;2025-10-21;;active;;Premium;Por conta do comprador;4;item;0;;;;
MLB5831995660;53616;7908477207508;Kit De 2 Estantes Porto Com 5 Prateleiras Em Mdp Preto;2025-10-21;;active;;Classico;Por conta do comprador;8;item;0;;;;
MLB5832003270;81577;7908748102860;Sofá Namoradeira Elisa Suede Grafite Pés Palito Natural;2025-10-21;;active;;Classico;Por conta do comprador;328;item;0;;;;
MLB5831988878;83749;7908748139835;Poltrona De Amamentação Com Balanço De Suede Marrom D'rossi Liso;2025-10-21;;active;;Classico;Por conta do comprador;1;item;0;;;;
MLB5832030802;81917;7908748113897;Sofá 4 Lugares Porto 230cm Para Sala Living Suede Vermelho Bordô;2025-10-21;;active;;Classico;Por conta do comprador;1000;item;0;;;;
MLB5831994492;77777;7908670855483;Armário Aéreo E Balcão De Cozinha D'rossi Diana Branco 80,5cm 4 Portas;2025-10-21;;active;;Premium;Por conta do comprador;3;item;0;;;;
MLB5831990490;83737;7908748139736;Poltrona Redonda Serena Suede Verde Base Fixa C05 - D'rossi Liso;2025-10-21;;active;;Premium;Por conta do comprador;1000;item;0;;;;
MLB5832011868;76768;7908670833962;Poltrona Stella Suede Cinza Base Industrial Dourada D'rossi Liso;2025-10-21;;active;;Premium;Por conta do comprador;998;item;0;;;;
MLB5831203504;83105;7908748108404;Sofá Elisa Veludo Preto Base Metálica Industrial Dourado Liso;2025-10-21;;active;;Premium;Por conta do comprador;1000;item;0;;;;
MLB5829758252;59300;7908477267151;Cabeceira Ametista Para Cama Box King 195 Cm Suede Marrom;2025-10-21;;active;;Premium;Por conta do comprador;1000;item;0;;;;
MLB5830614656;61693;7908477285445;Cabeceira Garden Para Cama Box Casal 140 Cm Suede Cinza;2025-10-21;;active;;Premium;Frete gratis;1000;item;0;;;;
MLB5831774412;83823;7908748140473;Poltrona Bianca Com Tressê Suede Preto Pés Palito Castanho Liso;2025-10-21;;active;;Premium;Por conta do comprador;1000;item;0;;;;
MLB5830606492;61727;7908477285681;Cabeceira Garden Para Cama Box Casal 140 Cm Suede Cinza;2025-10-21;;active;;Premium;Por conta do comprador;1000;item;0;;;;
MLB5831767466;54034;7908477225007;Prateleira Industrial Boreal 135 Cm Demolição Para Parede;2025-10-21;;active;;Premium;Por conta do comprador;2;item;0;;;;
MLB5830541150;52724;7899525663813;Espelho Adnet D'rossi Redondo Dourado Com Alça De Couro Decorativo 75,5x45,5cm Dourado;2025-10-21;;active;;Classico;Frete gratis;1;item;0;;;;
MLB5831767080;67515;7908575935884;Kit 02 Poltronas Stella Corano Nozes Com Linho Cinza A05 Bege/marrom Liso;2025-10-21;;active;;Premium;Por conta do comprador;164;item;0;;;;
MLB5831373642;19914;7908477227810;Poltrona De Amamentação Balanço Sabrina Corino Branco K-1031;2025-10-21;;active;;Premium;Por conta do comprador;1000;item;0;;;;
MLB5831179758;47970;7908439255028;Kit 02 Poltronas Marisa Suede Rosa Bebê Base Dourado Liso;2025-10-21;;active;;Premium;Por conta do comprador;500;item;0;;;;
MLB5829820844;57683;7908477247788;Quadro Decorativo Abstrato Preto: Mulher Sentada, Com Armação Preta;2025-10-21;;active;;Classico;Frete gratis;7;item;0;;;;
MLB5829767116;40675;7890000384070;Espelho Redondo Adnet D'rossi 50cm Preto Com Alça De Couro Decorativo;2025-10-21;;active;;Premium;Frete gratis;1;item;0;;;;
MLB5831761874;83753;7908748139873;Poltrona Amamentação C/ Balanço Suede Verde Base De Madeira Liso;2025-10-21;;active;;Premium;Por conta do comprador;1;item;0;;;;
MLB5831205882;36245;7890880294476;Quadro Decorativo Em Madeira 30x40 Cm - D'rossi Colorido;2025-10-21;;active;;Premium;Por conta do comprador;1;item;0;;;;
MLB5831758578;82943;7908748135318;1 Sofá Namoradeira 1 Poltrona Bouclê Grafite Base Madeira Liso;2025-10-21;;active;;Premium;Por conta do comprador;318;item;0;;;;
MLB5829774526;75716;7908670824779;Kit 02 Poltronas Giratória Mari Corano Preto Base De Madeira Liso;2025-10-21;;active;;Premium;Por conta do comprador;500;item;0;;;;
MLB5829828810;62649;7908477296144;Enfeite De Metal Love Com Base Em Madeira 20x36x5,5 Cm;2025-10-21;;active;;Classico;Por conta do comprador;31;item;0;;;;
MLB5831197108;67439;7908575941274;Cadeira Eiffel D'rossi Charles Eames Cinza Base Madeira Liso Castanho;2025-10-21;;active;;Premium;Frete gratis;3;item;0;;;;
MLB5831202098;53792;7908477223812;Armário Aéreo 01 Porta Milão Branco E Preto - D'rossi;2025-10-21;;active;;Premium;Frete gratis;2;item;0;;;;
MLB5831759452;56593;7908477244879;Divã Chaise Chloe 160 Cm Veludo Preto Pés Chanfrado Castanho;2025-10-21;;active;;Classico;Por conta do comprador;999;item;0;;;;
MLB5829655130;28469;7908274451432;Poltrona Giratória Gran Opala Base Madeira Suede Marrom Liso;2025-10-21;;active;;Premium;Por conta do comprador;1000;item;0;;;;
MLB5829641962;77721;7908670855797;Balcão De Cozinha Lavanderia C/tampo Vick Branco E Preto;2025-10-21;;active;;Classico;Por conta do comprador;5;item;0;;;;
MLB5829594208;61459;7908477286497;Cabeceira Verona Para Cama Box King 195 Cm Suede Preto;2025-10-21;;active;;Premium;Por conta do comprador;1000;item;0;;;;
MLB5829677990;77625;7908670854929;Armário E Balcão Cozinha Lavanderia D'rossi Aurora Preto Mdp 100cm;2025-10-21;;active;;Classico;Por conta do comprador;3;item;0;;;;
MLB5829749690;40435;7890000385992;Espelho Redondo Decorativo Preto Alça Couro Caramelo 35 Cm;2025-10-21;;active;;Premium;Frete gratis;4;item;0;;;;
MLB5829593718;61267;7908477285155;Cabeceira Tania Para Cama Box Queen 160 Cm Corino - D'rossi Cor Preto;2025-10-21;;active;;Classico;Por conta do comprador;1000;item;0;;;;
MLB5829528266;58962;7908477263900;Cabeceira Ametista Para Cama Box Queen 160 Cm Suede Preto;2025-10-21;;active;;Classico;Por conta do comprador;1;item;0;;;;
MLB5829629384;50482;7908439267595;Kit Poltrona E Puff Opala Veludo Marrom Pés Palito Castanho;2025-10-21;;active;;Premium;Por conta do comprador;159;item;0;;;;
MLB5829750998;81211;7908670887484;Sofá 4 Lugares Retrátil Bolívia 270 Cm Veludo Marrom Liso;2025-10-21;;active;;Premium;Por conta do comprador;1000;item;0;;;;
MLB5829642780;45772;7908439238571;Espelho Redondo Decorativo D'rossi Com Moldura Preta De 50  Para Sala E Quarto Preto;2025-10-21;;active;;Premium;Frete gratis;3;item;0;;;;
MLB5829594244;61459;7908477286497;Cabeceira Verona Para Cama Box King 195 Cm Suede Preto;2025-10-21;;active;;Classico;Por conta do comprador;1000;item;0;;;;
MLB5829515818;59302;7908477267168;Cabeceira Ametista Para Cama Box King 195 Cm Suede Preto;2025-10-21;;active;;Classico;Por conta do comprador;1000;item;0;;;;
MLB5829549180;58649;7908477261890;Porta Vela Quadrado Natal Saúde Madeira E Dourado 7 Cm;2025-10-21;;active;;Premium;Por conta do comprador;33;item;0;;;;
MLB5829602664;60181;7908477288064;Escultura Decorativa Em Cerâmica Dourada Com Base Descanso, 23x30 Cm Dourado;2025-10-21;;active;;Premium;Frete gratis;4;item;0;;;;
MLB5829534336;62787;7908477298162;Enfeite De Metal De Parede Preto Corpo Mulher 30x20x1 Cm;2025-10-21;;active;;Premium;Por conta do comprador;25;item;0;;;;
MLB5829565274;36383;7908274469819;Vaso Placa Decorativo Para Flor 10x10 Cm Amarelo E Preto D'rossi;2025-10-21;;active;;Premium;Por conta do comprador;8;item;0;;;;
MLB5829602102;58231;7908477258104;Sousplat Plástico D'rossi Transparente Dourado 33cm Redondo;2025-10-21;;active;;Premium;Por conta do comprador;17;item;0;;;;
MLB5829594368;60983;7908477276399;Cabeceira Gênova Para Cama Box Solteiro 90 Cm Suede Cor Café;2025-10-21;;active;;Premium;Por conta do comprador;1000;item;0;;;;
MLB5829641844;50718;7908439288316;Kit 04 Banquetas Redondas Industrial Líbia Corano Preto Madeira;2025-10-21;;active;;Premium;Por conta do comprador;500;item;0;;;;
MLB5829655734;82029;7908748112340;Poltrona Decorativa Milão D07 Pés Madeira Linho Preto;2025-10-21;;active;;Premium;Por conta do comprador;1000;item;0;;;;
MLB5829502650;61287;7908477286886;Cabeceira Vicenza Para Cama Box Casal 140 Cm Corino Bege;2025-10-21;;active;;Premium;Por conta do comprador;1000;item;0;;;;
MLB5829181612;60963;7908477276986;Cabeceira Gênova Para Cama Box Solteiro 90 Cm Corino Bege;2025-10-21;;active;;Classico;Por conta do comprador;1000;item;0;;;;
MLB5829164130;60987;7908477276412;Cabeceira Gênova Para Cama Box Solteiro 90 Cm Suede Cinza;2025-10-21;;active;;Premium;Por conta do comprador;1000;item;0;;;;
MLB5829037788;24631;7890000230032;Sofá Retrô Compacta Jade Corino Bege - D'rossi Liso;2025-10-21;;active;;Premium;Por conta do comprador;1000;item;0;;;;
MLB5828912868;58647;7908477261883;Porta Vela Quadrado Natal Fé Madeira E Dourado 7 Cm;2025-10-21;;active;;Premium;Por conta do comprador;33;item;0;;;;
MLB5829037204;60233;7908477288330;Jogo Americano Redondo De Plástico Branco 38 Cm - D'rossi Liso;2025-10-21;;active;;Classico;Por conta do comprador;19;item;0;;;;
MLB5829463888;61603;7908477283939;Cabeceira Arizona Para Cama Box Queen 160 Cm Suede Bege;2025-10-21;;active;;Premium;Frete gratis;1000;item;0;;;;
MLB5829505556;79679;7908670890347;Kit 3 Porta Temperos Vidro D'rossi Tampa Metálica Rosê 170ml Cozinha;2025-10-21;;active;;Classico;Por conta do comprador;1;item;0;;;;
MLB5829013332;77715;7908670855292;Balcão E Armário Aéreo Cozinha D'rossi Dora Preto E Cinza 6 Portas 2 Gavetas;2025-10-21;;active;;Classico;Por conta do comprador;3;item;0;;;;
MLB5828976432;40163;7908274474493;Manta Vermelha 100% Algodão 210x150 Cm Liso Para Sofá E Cama Vermelho;2025-10-21;;active;;Premium;Frete gratis;32;item;0;;;;
MLB5829025128;36251;7890880299556;Quadro Decorativo Em Mdf Love 40x60 Cm - D'rossi Colorido;2025-10-21;;active;;Classico;Por conta do comprador;1;item;0;;;;
MLB5828964138;77901;7908670857616;Vaso Redondo Decorativo Cinza 12,5x12,5 Cm - D'rossi;2025-10-21;;active;;Premium;Por conta do comprador;13;item;0;;;;
MLB5829438672;61151;7908477292573;Cabeceira D'rossi La Italiana Cama Box Queen 160 Cm Suede Caramelo;2025-10-21;;active;;Premium;Por conta do comprador;1000;item;0;;;;
MLB5829227078;58261;7908477258234;Cabeceira Casal Ametista D'rossi Madeira Suede 140cm Para Cama Box Bege;2025-10-21;;active;;Premium;Frete gratis;1000;item;0;;;;
MLB5828931666;58099;7908477241137;Escultura Decorativa Corpo Em Cerâmica Preta De 25 Cm Para Ambiente Preto;2025-10-21;;active;;Premium;Frete gratis;13;item;0;;;;
MLB5829012480;60281;7908477288521;Vaso Decorativo Em Rattan 32x16 Cm - D'rossi Marrom Liso;2025-10-21;;active;;Classico;Frete gratis;10;item;0;;;;
MLB5829433548;62685;7908477297417;Escultura Decorativa Máscara Cego Em Cerâmica Nude De 25 Cm;2025-10-21;;active;;Premium;Frete gratis;4;item;0;;;;
MLB5828999170;58876;7908477263283;Vaso Decorativo Rosto Cerâmica Branco 11x15,5 Cm - D'rossi Stay Alert;2025-10-21;;active;;Classico;Frete gratis;16;item;0;;;;
MLB5829426890;59727;7908477270953;Cabeceira Malibu Para Cama Box Casal 140 Cm Suede Grafite;2025-10-21;;active;;Premium;Frete gratis;1000;item;0;;;;
MLB5829438606;61151;7908477292573;Cabeceira D'rossi La Italiana Cama Box Queen 160 Cm Suede Caramelo;2025-10-21;;active;;Classico;Por conta do comprador;1000;item;0;;;;
MLB4265984023;78023;7908670837267;Namoradeira 2 Lugares Mari Suede Azul Marinho Pés Palito Liso;2025-10-21;;active;;Premium;Por conta do comprador;318;item;0;;;;
MLB4266029049;29421;7908439205344;Poltrona Decorativa Giratória Gran Elisa Suede Marrom Rato Liso;2025-10-22;;active;;Premium;Por conta do comprador;1000;item;0;;;;
MLB4266002713;35235;7908274415564;Sofá Retrô Namoradeira 2 Lugares Livia Corino Branco;2025-10-21;;active;;Premium;Por conta do comprador;1000;item;0;;;;
MLB4266065339;49848;7908439283793;Poltrona Giratória Marisa Suede Bege Base Madeira Ma30 Liso;2025-10-22;;active;;Premium;Por conta do comprador;1002;item;0;;;;
MLB4266021699;81299;7908748106561;Mesa De Cabeceira D'rossi Keila Branca Com 1 Gaveta Em Mdp E Mdf Branco;2025-10-21;;active;;Premium;Por conta do comprador;25;item;0;;;;
MLB4266022539;41725;7908274487646;Kit Namoradeira E 2 Poltrona Giratória Julia Sued Rose Rosa Liso;2025-10-21;;active;;Premium;Por conta do comprador;500;item;0;;;;
MLB4266003395;38269;7908274430710;Conjunto Sofá Retrô E Poltrona Elisa De Suede Grafite Liso;2025-10-21;;active;;Premium;Por conta do comprador;159;item;0;;;;
MLB4266064413;64639;7908575907126;Kit 01 Namoradeira E 01 Poltrona Giovana Corino Branco Liso;2025-10-22;;active;;Classico;Por conta do comprador;145;item;0;;;;
MLB4266074029;19920;7890000203890;Poltrona De Amamentação Com Balanço Ludmila Suede Bege S09;2025-10-21;;active;;Premium;Por conta do comprador;1000;item;0;;;;
MLB4266046863;53594;7908477207324;Kit 02 Poltronas Paola Linho Cinza Claro A05 Base Metálica Liso;2025-10-21;;active;;Premium;Por conta do comprador;500;item;0;;;;
MLB4266034407;54028;7908477224987;Mesa De Centro Retangular D'rossi Boreal Mdf Espelhado Cor Demolição;2025-10-21;;active;;Premium;Por conta do comprador;1000;item;0;;;;
MLB4266044659;82709;7908748123636;Poltrona Stella Max Corino Bege Base Giratória D'rossi;2025-10-21;;active;;Classico;Por conta do comprador;1000;item;0;;;;
MLB4266037483;6708;7908439212151;Poltrona Namoradeira Julia 2 Lugares Suede Grafite Strass Liso;2025-10-21;;active;;Premium;Por conta do comprador;1000;item;0;;;;
MLB4265988365;77777;7908670855483;Armário Aéreo E Balcão De Cozinha D'rossi Diana Branco 80,5cm 4 Portas;2025-10-21;;active;;Classico;Por conta do comprador;3;item;0;;;;
MLB4265998885;54080;7908477225328;Divã Chesterfield 165 Cm Capitonado Com Strass Suede Grafite;2025-10-21;;active;;Classico;Por conta do comprador;1000;item;0;;;;
MLB4265987385;50390;7908439266758;Puff Opala Veludo Verde Esmeralda Pés Palito Castanho;2025-10-21;;active;;Premium;Frete gratis;318;item;0;;;;
MLB4265986895;28475;7908274451241;Poltrona Giratória Gran Opala Base Madeira Suede Bege;2025-10-21;;active;;Premium;Por conta do comprador;1000;item;0;;;;
MLB4265989529;53616;7908477207508;Kit Com 2 Estantes Porto Em Mdp Com 5 Prateleiras Preto;2025-10-21;;active;;Premium;Por conta do comprador;8;item;0;;;;
MLB4266034587;64639;7908575907126;Kit 01 Namoradeira E 01 Poltrona Giovana Corino Branco Liso;2025-10-21;;active;;Premium;Por conta do comprador;145;item;0;;;;
MLB4266029051;82109-69875;7908748104772;Kit 2 Poltronas Elisa Linho Pés Palito Natural - D'rossi Cor A19 Bege Liso;2025-10-22;;active;;Classico;Por conta do comprador;164;item;0;;;;
MLB4265575935;52500;7908439299985;Cabeceira Clean Para Cama Casal 160 Cm Suede Azul Marinho Azul;2025-10-21;;active;;Classico;Por conta do comprador;1000;item;0;;;;
MLB4265575527;53980;7908477223935;Nicho De Parede Preto Mdp 62x22x26cm Com Cabideiro Dakar D'rossi;2025-10-21;;active;;Classico;Por conta do comprador;2;item;0;;;;
MLB4265636479;36245;7890880294476;Quadro Decorativo Em Madeira 30x40 Cm - D'rossi Colorido;2025-10-21;;active;;Classico;Por conta do comprador;1;item;0;;;;
MLB4265821685;41379;7908274484881;Escrivaninha Mesa Computador Gamer Industrial 90cm Setup Home Office Preto E Nature Preto E Nature;2025-10-21;;active;;Premium;Por conta do comprador;5;item;0;;;;
MLB4264799039;77721;7908670855797;Balcão De Cozinha Lavanderia C/tampo Vick Branco E Preto;2025-10-21;;active;;Premium;Por conta do comprador;5;item;0;;;;
MLB4265548173;61693;7908477285445;Cabeceira Garden Para Cama Box Casal 140 Cm Suede Cinza;2025-10-21;;active;;Classico;Frete gratis;1000;item;0;;;;
MLB4265727487;82145-69905;7908748103751;Poltrona Elisa Veludo Pés Palito Natural - D'rossi Cor Rose Liso;2025-10-21;;active;;Premium;Por conta do comprador;328;item;0;;;;
MLB4264824423;19788;7908439213028;Kit Sofá Retrô E 02 Poltronas Julia Suede Bege Com Strass Liso;2025-10-21;;active;;Premium;Por conta do comprador;500;item;0;;;;
MLB4265549299;61701;7908477278355;Cabeceira Painel Aquilla Cama Box Queen 160 Cm Suede Café Marrom;2025-10-21;;active;;Premium;Por conta do comprador;1000;item;0;;;;
MLB4265982491;39739;7908274473656;Cadeira Allegra D'rossi Polipropileno Cor Bege Moderna Estrutura Resistente Liso Cinza-bege;2025-10-21;;active;;Classico;Frete gratis;3;item;0;;;;
MLB4265983107;4923;7908439210973;Kit 02 Poltrona Decorativa Lívia Sala Recepção Suede Rose Rosa Liso;2025-10-21;;active;;Premium;Por conta do comprador;500;item;0;;;;
MLB4265591809;52750;7908103722290;Macaco Decorativo Cimento Bege D'rossi 12x8,5cm Estilo Contemporâneo;2025-10-21;;active;;Premium;Por conta do comprador;1;item;0;;;;
MLB4265750357;45246;7899949705649;Quadro Placa Decorativa Bomba De Gasolina 87 X 30 Cm D'rossi;2025-10-21;;active;;Premium;Por conta do comprador;9;item;0;;;;
MLB4264798813;1020;7890000170031;Bandeja Esteira Sofá Porta Copo Mdf Amarelo D'rossi Flexível;2025-10-21;;active;;Premium;Por conta do comprador;17;item;0;;;;
MLB4265795905;66201;7908575928640;Mesa De Cabeceira Organizadora Ellie Com 3 Gavetas, Cinza Pérola Pintura Uv;2025-10-21;;active;;Classico;Por conta do comprador;1000;item;0;;;;
MLB4265755089;52500;7908439299985;Cabeceira Clean Para Cama Casal 160 Cm Suede Azul Marinho Azul;2025-10-21;;active;;Premium;Por conta do comprador;1000;item;0;;;;
MLB4264837235;81755;7908748113019;Poltrona Pauline D07 Corano Terracota E Linho Marfim;2025-10-21;;active;;Classico;Por conta do comprador;1000;item;0;;;;
MLB4264915047;58141;7908477240758;Kit 06 Suculentas Artificial Sortida Vaso Branco 6x6 Cm;2025-10-21;;active;;Classico;Frete gratis;79;item;0;;;;
MLB4265677257;72545;7908575979079;1 Namoradeira E 01 Poltrona Stella Corano Com Linho Cinza Liso;2025-10-21;;active;;Premium;Por conta do comprador;318;item;0;;;;
MLB4264800433;61325;7908477287180;Cabeceira Vicenza Para Cama Box Casal 140 Cm Linho Natural;2025-10-21;;active;;Premium;Por conta do comprador;1000;item;0;;;;
MLB4266136033;17468;7908439217354;Poltrona Decorativa Julia D'rossi Em Suede Preto Com Strass Liso;2025-10-21;;active;;Premium;Por conta do comprador;1000;item;0;;;;
MLB4266143133;59811;7908477271561;Cabeceira Stambul Para Cama Box King 195 Cm Suede Marrom;2025-10-22;;active;;Premium;Por conta do comprador;1000;item;0;;;;
MLB4266240539;60009;7908477273398;Poltrona Marilia D'rossi De Linho Grafite Com Pés De Madeira 76cm Grafite A26;2025-10-22;;active;;Premium;Por conta do comprador;318;item;0;;;;
MLB4266167507;52136;7908439297011;Kit 02 Poltronas Giratória Stella Suede Marrom Rato Liso;2025-10-22;;active;;Premium;Por conta do comprador;499;item;0;;;;
MLB4266144617;53916;7908477224574;Puff Love Moderno Redondo De Suede Verde Com Base Industrial Cobre D'rossi;2025-10-22;;active;;Classico;Por conta do comprador;1000;item;0;;;;
MLB4266278975;58003;7908477256391;Poltrona Giovana Suede Rose Pés Palito De Ferro - D'rossi Rosa Liso;2025-10-22;;active;;Classico;Por conta do comprador;291;item;0;;;;
MLB4266130199;60323;7908477288705;Vaso Decorativo Cilíndrico Em Cerâmica Preto 32,5x16x16 Cm Liso;2025-10-22;;active;;Premium;Frete gratis;9;item;0;;;;
MLB4266098693;61567;7908477283809;Cabeceira Arizona Para Cama Box Casal 140 Cm Suede Azul;2025-10-21;;active;;Premium;Por conta do comprador;1000;item;0;;;;
MLB4266116881;60973;7908477276344;Cabeceira Cama Box Solteiro 90 Cm Genova Linho Areia;2025-10-22;;active;;Premium;Frete gratis;1;item;0;;;;
MLB4266110239;83795-71141;7908748140121;Poltrona Mirella Suede Com Rodízios - D'rossi Cor Bege Bege;2025-10-21;;active;;Premium;Por conta do comprador;998;item;0;;;;
MLB4266080193;61701;7908477278355;Cabeceira Painel Aquilla Cama Box Queen 160 Cm Suede Café Marrom;2025-10-22;;active;;Classico;Por conta do comprador;1000;item;0;;;;
MLB4266079771;61371;7908477287449;Cabeceira Queen 160cm D'rossi Vicenza Suede Bege Madeira;2025-10-22;;active;;Premium;Por conta do comprador;1000;item;0;;;;
MLB4266096539;81793;7908748113286;Sofá 3 Lugares Odeon D07 230cm Base Madeira Veludo Cinza;2025-10-21;;active;;Classico;Por conta do comprador;1000;item;0;;;;
MLB4266098479;82975-70527;7908748136469;Poltrona Giratória Stella Bouclê Base Cromada - D'rossi Cor Off White;2025-10-21;;active;;Premium;Por conta do comprador;996;item;0;;;;
MLB4266116883;82041;7908748112449;Poltrona Decorativa Belinda D07 Base Aço Linho Mescla Chumbo;2025-10-22;;active;;Premium;Por conta do comprador;1000;item;0;;;;
MLB4266102203;83763;7908748139958;Banco De Canto Estofado Sira Suede Grafite Pés Palito;2025-10-22;;active;;Classico;Por conta do comprador;1;item;0;;;;
MLB4266177747;57763;7908477242127;Vaso Decorativo De Cerâmica Rosto Areia, Branco, 23 Cm De Altura;2025-10-22;;active;;Premium;Frete gratis;16;item;0;;;;
MLB4266104085;82045;7908748112463;Poltrona Belinda D07 Base Aço Linho Mescla Cinza Elefante;2025-10-22;;active;;Premium;Por conta do comprador;1000;item;0;;;;
MLB4266100749;82059;7908748112531;Poltrona Cairo D07 Corano Terracota E Linho Pérola - D'rossi;2025-10-21;;active;;Premium;Por conta do comprador;1000;item;0;;;;
MLB4266074825;61567;7908477283809;Cabeceira Arizona Para Cama Box Casal 140 Cm Suede Azul;2025-10-21;;active;;Classico;Por conta do comprador;1000;item;0;;;;
MLB5827654356;58778;7908477262552;Cabeceira D'rossi Jade Cama Box Queen Corino Branco Madeira Moderna;2025-10-21;;active;;Classico;Por conta do comprador;1;item;0;;;;
MLB5828613554;60987;7908477276412;Cabeceira Gênova Para Cama Box Solteiro 90 Cm Suede Cinza;2025-10-21;;active;;Classico;Por conta do comprador;1000;item;0;;;;
MLB5828649002;60983;7908477276399;Cabeceira Gênova Para Cama Box Solteiro 90 Cm Suede Café Marrom;2025-10-21;;active;;Classico;Por conta do comprador;1000;item;0;;;;
MLB5828837780;36251;7890880299556;Quadro Decorativo Em Mdf Love 40x60 Cm - D'rossi Colorido;2025-10-21;;active;;Premium;Por conta do comprador;1;item;0;;;;
MLB5827875720;61241;7908477284974;Cabeceira Tania Para Cama Box Solteiro 90 Cm Corino Bege;2025-10-21;;active;;Classico;Por conta do comprador;1000;item;0;;;;
MLB5828383682;83237-70743;7908748109838;Kit Sofá E 2 Poltronas Elisa Corino Base Industrial Dourado Cor Branco Liso;2025-10-21;;active;;Premium;Por conta do comprador;500;item;0;;;;
MLB5828280368;82951-70507;7908748135264;Kit Namoradeira De 2 Lugares E Poltrona Stella Em Bouclê Off White Com Base De Madeira;2025-10-21;;active;;Premium;Por conta do comprador;318;item;0;;;;
MLB5828888222;61017;7908477276573;Cabeceira Gênova Para Cama Box Casal 140 Cm Suede Cinza;2025-10-21;;active;;Premium;Por conta do comprador;1000;item;0;;;;
MLB5828790710;61253;7908477285049;Cabeceira Casal Corino Branco 140cm Tania Cama Box D'rossi;2025-10-21;;active;;Classico;Por conta do comprador;1000;item;0;;;;
MLB5828291134;61399;7908477286565;Cabeceira Verona Para Cama Box Solteiro 90 Cm Corino Branco;2025-10-21;;active;;Classico;Por conta do comprador;1000;item;0;;;;
MLB5827893458;54340;7908477226783;Puff Giratório Costela Suede Marrom Base Madeira Ma25;2025-10-21;;active;;Classico;Por conta do comprador;57;item;0;;;;
MLB5828879960;62681;7908477297295;Escultura Máscara Rosto Surdo Nude Em Cerâmica 25x15 Cm;2025-10-21;;active;;Premium;Frete gratis;4;item;0;;;;
MLB5828834462;54108;7908477225359;Divã Chesterfield 165 Cm Capitonado Com Strass Suede Preto;2025-10-21;;active;;Premium;Por conta do comprador;1000;item;0;;;;
MLB5828905910;57829;7908477240468;Escultura Decorativa Em Metal Preto Balanço 18x13,5 Cm;2025-10-21;;active;;Classico;Frete gratis;9;item;0;;;;
MLB5828816910;58647;7908477261883;Porta Vela Quadrado Natal Fé Madeira E Dourado 7 Cm;2025-10-21;;active;;Classico;Por conta do comprador;33;item;0;;;;
MLB5827946434;60233;7908477288330;Jogo Americano Redondo De Plástico Branco 38 Cm - D'rossi Liso;2025-10-21;;active;;Premium;Por conta do comprador;19;item;0;;;;
MLB5827679956;61175;7908477292719;Cabeceira La Italiana Para Cama Box King 195 Cm Suede Preto Preto;2025-10-21;;active;;Classico;Por conta do comprador;1000;item;0;;;;
MLB5828266254;60735;7908477274906;Cabeceira Aquilla Casal 140cm Suede Preto D'rossi Madeira Eucalipto;2025-10-21;;active;;Premium;Frete gratis;1000;item;0;;;;
MLB5828825072;63429;7908575904149;Bandeja Decorativa Redonda Bambu D'rossi 26cm Para Aperitivos Bege;2025-10-21;;active;;Premium;Por conta do comprador;6;item;0;;;;
MLB5828169464;82109-69879;7908748104819;Kit 2 Poltronas Elisa Linho Pés Palito Natural - D'rossi Cor A26 Grafite Liso;2025-10-21;;active;;Classico;Por conta do comprador;164;item;0;;;;
MLB4264652375;53698;7908103732800;Escultura Pássaro Poliresina Preto Mart Decoração Moderna 44cm;2025-10-21;;active;;Classico;Frete gratis;10;item;0;;;;
MLB4264645607;26645;7908439230728;Cabeceira Casal D'rossi Sleep, De Espuma Marrom Com 1.4 M Para Box;2025-10-21;;active;;Premium;Por conta do comprador;1000;item;0;;;;
MLB4264683515;80673;7908748106585;Pé Madeira Kit 4 Palito Retrô Poltrona Puff Amarelo 25 Cm - D'rossi Amarelo;2025-10-21;;active;;Premium;Por conta do comprador;9;item;0;;;;
MLB4263979451;60981;7908477276382;Cabeceira Gênova Para Cama Box Solteiro 90 Cm Suede Bege;2025-10-21;;active;;Premium;Por conta do comprador;1000;item;0;;;;
MLB4264709411;76100;7908670829125;Cabeceira California Para Cama Box Queen 160 Cm Suede Bege;2025-10-21;;active;;Classico;Por conta do comprador;1000;item;0;;;;
MLB4263969751;60385;7908477288972;Escultura Decorativa Elefante Em Poliresina 14x17 Cm Preto;2025-10-21;;active;;Classico;Frete gratis;18;item;0;;;;
MLB4264761283;63429;7908575904149;Bandeja Decorativa Redonda Bambu D'rossi 26cm Para Aperitivos Bege;2025-10-21;;active;;Classico;Por conta do comprador;6;item;0;;;;
MLB4263984579;38811;7908274436132;Espelho Redondo Adnet Decorativo De Metal Rose Com Alça De Couro;2025-10-21;;active;;Premium;Frete gratis;9;item;0;;;;
MLB4264711345;77765;7908670855445;Balcão Para Cooktop De Cozinha C/tampo Brenda Castanho/cinza;2025-10-21;;active;;Classico;Frete gratis;4;item;0;;;;
MLB4264029869;60979;7908477276375;Cabeceira Gênova Para Cama Box Solteiro 90 Cm Suede Azul;2025-10-21;;active;;Premium;Por conta do comprador;1000;item;0;;;;
MLB4264252079;58141;7908477240758;Kit 06 Suculentas Artificial Sortida Vaso Branco 6x6 Cm;2025-10-21;;active;;Premium;Frete gratis;79;item;0;;;;
MLB4264611521;60755;7908477275002;Cabeceira Aquilla Para Cama Box Queen 160 Cm Suede - D'rossi Cor Caramelo;2025-10-21;;active;;Premium;Por conta do comprador;1000;item;0;;;;
MLB4264077903;30699;7908274450435;Kit 02 Poltronas Gran Opala Giratória Madeira Suede Cinza;2025-10-21;;active;;Premium;Por conta do comprador;500;item;0;;;;
MLB4263986531;58157;7908477243100;Vaso Decorativo Metal Para Pendurar Rosê E Preto 29x33 Cm Cobre Abstrato;2025-10-21;;active;;Premium;Frete gratis;8;item;0;;;;
MLB4264768429;58772;7908477262354;Poltrona Giratória Elisa Linho Cinza Claro A05 Base Madeira Liso Cinza Liso;2025-10-21;;active;;Classico;Por conta do comprador;1000;item;0;;;;
MLB4264246595;62667;7908477296533;Sousplat Para Prato De Mesa Decorativo Cinza E Rose 33 Cm Liso;2025-10-21;;active;;Premium;Por conta do comprador;33;item;0;;;;
MLB4264637405;79679;7908670890347;Kit 3 Porta Temperos Vidro D'rossi Tampa Metálica Rosê 170ml Cozinha;2025-10-21;;active;;Premium;Por conta do comprador;1;item;0;;;;
MLB4264634505;61253;7908477285049;Cabeceira Casal Corino Branco 140cm Tania Cama Box D'rossi;2025-10-21;;active;;Premium;Por conta do comprador;1000;item;0;;;;
MLB4264200431;60985;7908477276405;Cabeceira Gênova Para Cama Box Solteiro 90 Cm Suede Caramelo;2025-10-21;;active;;Classico;Por conta do comprador;1000;item;0;;;;
MLB4264063305;38561;7890000330459;Kit Com 2 Cadeiras De Jantar D'rossi Estocolmo Em Polipropileno Cinza;2025-10-21;;active;;Premium;Por conta do comprador;2;item;0;;;;
MLB4263829235;61069;7908477276863;Cabeceira Gênova Para Cama Box King 195 Cm Suede Bege;2025-10-21;;active;;Premium;Por conta do comprador;1000;item;0;;;;
MLB4263754699;60385;7908477288972;Escultura Decorativa Elefante Em Poliresina 14x17 Cm Preto;2025-10-21;;active;;Premium;Frete gratis;18;item;0;;;;
MLB4263904249;60981;7908477276382;Cabeceira Gênova Para Cama Box Solteiro 90 Cm Suede Bege;2025-10-21;;active;;Classico;Por conta do comprador;1000;item;0;;;;
MLB4263739071;61015;7908477276566;Cabeceira Gênova Gamuza Sintética Para Cama Box Casal D'rossi Genova 1.40 X 1.25 M Cm Cor Caramelo;2025-10-21;;active;;Premium;Por conta do comprador;1000;item;0;;;;
MLB4263854493;45104;7899949718755;Jogo Americano Feltro Verde Limão Folhas D'rossi 39cm;2025-10-21;;active;;Premium;Por conta do comprador;3;item;0;;;;
MLB4263802933;60963;7908477276986;Cabeceira Gênova Para Cama Box Solteiro 90 Cm Corino Bege;2025-10-21;;active;;Premium;Por conta do comprador;1000;item;0;;;;
MLB4263890241;59727;7908477270953;Cabeceira Malibu Para Cama Box Casal 140 Cm Suede Grafite;2025-10-21;;active;;Classico;Frete gratis;1000;item;0;;;;
MLB4263824329;61257;7908477285070;Cabeceira Tania Para Cama Box Casal 140 Cm Corino Preto;2025-10-21;;active;;Premium;Por conta do comprador;1000;item;0;;;;
MLB4263900957;61511;7908477278119;Cabeceira Painel Aquilla Cama Box Solteiro 90 Cm Suede Cor Café - D'rossi Marrom Marrom;2025-10-21;;active;;Premium;Frete gratis;1000;item;0;;;;
MLB4263812419;61511;7908477278119;Cabeceira Painel Aquilla Cama Box Solteiro 90 Cm Suede Cor Café - D'rossi Marrom Marrom;2025-10-21;;active;;Classico;Frete gratis;1000;item;0;;;;
MLB4263773951;58261;7908477258234;Cabeceira Casal Ametista D'rossi Madeira Suede 140cm Para Cama Box Bege;2025-10-21;;active;;Classico;Frete gratis;1000;item;0;;;;
MLB4263799527;61245;7908477284998;Cabeceira Tania Para Cama Box Solteiro 90 Cm Corino Preto;2025-10-21;;active;;Classico;Por conta do comprador;1000;item;0;;;;
MLB4263850807;61399;7908477286565;Cabeceira Verona Para Cama Box Solteiro 90 Cm Corino Branco;2025-10-21;;active;;Premium;Por conta do comprador;1000;item;0;;;;
MLB4263749461;59749;7908477271028;Cabeceira Casal Queen Cama Box 160cm Para Quarto Malibu Suede Bege;2025-10-21;;active;;Premium;Frete gratis;1000;item;0;;;;
MLB4263766293;61661;7908477278232;Cabeceira Painel Aquilla Cama Box Casal 140 Cm Suede Café Marrom;2025-10-21;;active;;Classico;Frete gratis;1000;item;0;;;;
MLB4263843745;60735;7908477274906;Cabeceira Aquilla Casal 140cm Suede Preto D'rossi Madeira Eucalipto;2025-10-21;;active;;Classico;Frete gratis;1000;item;0;;;;
MLB4263812365;61245;7908477284998;Cabeceira Tania Para Cama Box Solteiro 90 Cm Corino Preto;2025-10-21;;active;;Premium;Por conta do comprador;1000;item;0;;;;
MLB4263839265;59749;7908477271028;Cabeceira Casal Queen Cama Box 160cm Para Quarto Malibu Suede Bege;2025-10-21;;active;;Classico;Frete gratis;1000;item;0;;;;
MLB4263812477;61391;7908477287142;Cabeceira La Italiana Para Cama Box King 195 Cm Suede Preto;2025-10-21;;active;;Premium;Por conta do comprador;1000;item;0;;;;
MLB4263790403;60985;7908477276405;Cabeceira Gênova Para Cama Box Solteiro 90 Cm Suede Caramelo;2025-10-21;;active;;Premium;Por conta do comprador;1000;item;0;;;;
MLB4263617405;42673;7908274494514;Poltrona Para Sala Lucy Linho Cinza Base Madeira Castanho D'rossi Linho A26 Cinza;2025-10-21;;active;;Premium;Por conta do comprador;1000;item;0;;;;
MLB4263737165;63461;7908575904408;Placa Decorativa Lousa De Madeira Flor P/ Pendurar 11x15x1cm Preto;2025-10-21;;active;;Premium;Por conta do comprador;94;item;0;;;;
MLB4263577277;60297;7908477288606;Vaso Decorativo Em Cerâmica Preto 20x30 Cm - D'rossi Liso;2025-10-21;;active;;Classico;Frete gratis;10;item;0;;;;
MLB4263556177;44454;7908103723884;Espelho Redondo D'rossi 25x30cm Vidro Fumê Decorativo Moldura Couro;2025-10-21;;active;;Premium;Por conta do comprador;13;item;0;;;;
MLB4263735847;61661;7908477278232;Cabeceira Painel Aquilla Cama Box Casal 140 Cm Suede Café Marrom;2025-10-21;;active;;Premium;Frete gratis;1000;item;0;;;;
MLB5850890116;52094;7908439296809;Kit 01 Namoradeira E 02 Poltronas Marisa Suede Marrom Rato Liso;2025-10-26;;active;;Classico;Por conta do comprador;318;item;0;;;;
MLB4263496869;60297;7908477288606;Vaso Decorativo Em Cerâmica Preto 20x30 Cm - D'rossi Liso;2025-10-21;;active;;Premium;Frete gratis;10;item;0;;;;
MLB4263627741;60665;7908477291415;Escultura Decorativa Pássaro Em Metal Preto 15x16 Cm D'rossi;2025-10-21;;active;;Classico;Frete gratis;3;item;0;;;;
MLB5857474140;111011-109617;7901017018510;Balcão Cozinha Com Tampo 100cm 3 Portas Taylla A01 - D'rossi Cinza;2025-10-27;;active;;Premium;Frete gratis;1000;item;0;;;;
MLB4271818547;56803;7908477246200;Banqueta Ipê Veludo Cinza Base Metálica Preto - D'rossi;2025-10-24;;active;;Classico;Por conta do comprador;1;item;0;;;;
MLB5857396970;111011-109615;7901017018503;Balcão Cozinha Com Tampo 100cm 3 Portas Taylla A01 - D'rossi Branco;2025-10-27;;active;;Premium;Frete gratis;1000;item;0;;;;
MLB4263653241;58886;7908477263337;Caixa Livro Decorativo D'rossi Para Ornamentação Lavanda 27x17x5cm Florido;2025-10-21;;active;;Classico;Por conta do comprador;66;item;0;;;;
MLB4272971611;60321;7908477288699;Escultura Decorativa Macacos Em Cimento Bege 11x17,5x7,5 Cm;2025-10-25;;active;;Classico;Frete gratis;1;item;0;;;;
MLB4263465153;58886;7908477263337;Caixa Livro Decorativo D'rossi Para Ornamentação Lavanda 27x17x5cm Florido;2025-10-21;;active;;Premium;Por conta do comprador;66;item;0;;;;
MLB4263461767;36285;7908274469512;Abridor De Garrafa Florarte Vermelho Madeira Metal 20x7cm;2025-10-21;;active;;Premium;Por conta do comprador;5;item;0;;;;
MLB4263514957;82169-69927;7908748103874;Kit 2 Poltronas Elisa Veludo Pés Palito Natural Cor Verde Liso;2025-10-21;;active;;Premium;Por conta do comprador;164;item;0;;;;
MLB4263603183;46626;7908439245708;Kit Poltrona E Puff Costela Couro Marrom Base De Metal Liso;2025-10-21;;active;;Premium;Por conta do comprador;1;item;0;;;;
MLB4263605093;61485;7908477286251;Cabeceira Verona Para Cama Box Casal 140 Cm Suede Preto;2025-10-21;;active;;Premium;Por conta do comprador;1000;item;0;;;;
MLB5857575702;82989;7908748135578;Poltrona Stella Bouclê Bege Base Metálica Industrial Dourado Bege Liso;2025-10-27;;active;;Premium;Por conta do comprador;66;item;0;;;;
MLB4263554561;61365;7908477287203;Cabeceira Vicenza Para Cama Box Casal 140 Cm Suede Preto;2025-10-21;;active;;Premium;Por conta do comprador;1000;item;0;;;;
MLB5941862788;80729;7908748106912;Kit 4 Pés Chanfrados De Madeira Castanho Para Móveis 10 Cm - D'rossi;2025-11-16;;active;;Premium;Por conta do comprador;36;item;0;;;;
MLB5905707558;80749;7908748107018;Pé Madeira Retrô Luiz Xv Kit 4 Tabaco 20cm P/ Poltrona D'rossi;2025-11-05;;active;;Premium;Por conta do comprador;302;item;0;;;;
MLB5958495630;61761;7908477278737;Cabeceira D'rossi Aquilla Cama Box Queen 160cm Branco Madeira Corino;2025-11-22;;active;;Premium;Frete gratis;1000;item;0;;;;
MLB4309275809;66237;7908575928909;Kit 2 Mesas De Cabeceira Organizadora Ellie 3 Gavetas Cinza Pintura Uv;2025-11-16;;active;;Classico;Por conta do comprador;500;item;0;;;;
MLB4300578803;63681;7908575900851;Poltrona Giratória Giovana Veludo Verde Base Maderia Ma30 Liso;2025-11-11;;active;;Classico;Por conta do comprador;1000;item;0;;;;
MLB5921410334;78047;7908670827558;Kit 01 Namoradeira E 01 Poltrona Mari Suede Cinza Pés Palito Liso;2025-11-10;;active;;Premium;Por conta do comprador;159;item;0;;;;
MLB5905051772;80753;7908748107032;Pés De Madeira Luiz Xv 20cm Kit 4 Unidades Retrô Vintage Castanho;2025-11-05;;active;;Premium;Por conta do comprador;353;item;0;;;;
MLB4309723471;111155-109655;7901017015199;Kit 2 Banquetas Industriais Altas D'rossi Londres Aço Pu Nozes Cozinha Lacado;2025-11-17;;active;;Premium;Frete gratis;28;item;0;;;;
MLB4301393183;20089;7908439218795;Poltrona Decorativa Julia Suede Rosa Bebê Com Strass Liso;2025-11-12;;active;;Premium;Por conta do comprador;1000;item;0;;;;
MLB4311033091;112873;7901017086014;Tecido Corano Nozes 1 Metro Nozes Liso;2025-11-17;;active;;Classico;Por conta do comprador;1000;item;0;;;;
MLB4302568545;60281;7908477288521;Vaso Decorativo Em Rattan 32x16 Cm - D'rossi Marrom Liso;2025-11-12;;active;;Premium;Frete gratis;10;item;0;;;;
MLB4302835521;58665;7908477261975;Vaso Decorativo Rosto Em Cerâmica Preto 23,5x11 Cm - D'rossi Liso;2025-11-12;;active;;Classico;Frete gratis;17;item;0;;;;
MLB5947513894;60639;7908477291286;Vaso Decorativo Em Cerâmica Flocos Branco 20x13 Cm - D'rossi Liso;2025-11-18;;active;;Premium;Frete gratis;8;item;0;;;;
MLB4301772183;58151;7908477243094;Vaso Decorativo Metal Para Pendurar Dourado E Preto 29x33 Cm Abstrato;2025-11-12;;active;;Premium;Frete gratis;16;item;0;;;;
MLB4313576735;115009-111713;7901017044151;Poltrona Industrial Alta Dourado Kit 2 Stella Sintético Pu Preto Liso;2025-11-18;;active;;Premium;Por conta do comprador;505;item;0;;;;
MLB4303035977;89215;7908847611171;Suculenta D'rossi Com Vaso Vidro Transparente Para Pendurar 8cm;2025-11-12;;active;;Premium;Por conta do comprador;8;item;0;;;;
MLB4313665583;116983-113401;7901017055935;Banqueta Média Com Encosto Industrial Preto Kit 2 Londres Pu Preto;2025-11-18;;active;;Premium;Frete gratis;5;item;0;;;;
MLB4314365941;60293;7908477288583;Vaso Decorativo Em Cerâmica Cilíndrico Preto 33x11 Cm Liso;2025-11-19;;active;;Premium;Frete gratis;14;item;0;;;;
MLB5952739494;60589;7908477291569;Vaso Bacia Decorativo Osaka Branco G 16x65x52 Cm - D'rossi;2025-11-20;;active;;Premium;Frete gratis;12;item;0;;;;
MLB4306201037;62697;7908477297455;Vaso Decorativo Barca Preto 17x63x17 Cm - D'rossi Vaso Bacia Decorativo;2025-11-14;;active;;Premium;Frete gratis;5;item;0;;;;
MLB4282130461;55384;7908477235327;Kit Sofá 3 Lugares E 02 Poltronas Arezzo Linho Bege A32 Liso;2025-10-31;;active;;Premium;Por conta do comprador;1000;item;0;;;;
MLB5890996318;61231;7908477284868;Cabeceira Tania Para Cama Box King 195 Cm Suede Café Marrom;2025-11-03;;active;;Classico;Por conta do comprador;1000;item;0;;;;
MLB4283170945;26979;7908274453658;Pufe Decorativo Retangular Opala D'rossi De Suede Marrom Marrom-escuro;2025-11-01;;active;;Classico;Frete gratis;318;item;0;;;;
MLB4275802359;111011-109623;7901017018541;Balcão Cozinha Com Tampo 100cm 3 Portas Taylla A01 - D'rossi Cinza;2025-10-27;;active;;Premium;Frete gratis;1000;item;0;;;;
MLB4282143411;26995;7908274453825;Pufe Decorativo Opala Suede Rosa, Retangular Rosa-claro;2025-10-31;;active;;Premium;Por conta do comprador;318;item;0;;;;
MLB5856892832;79339;7908670866328;Sofá 3 Lugares E 2 Poltronas Arezzo Linho Grafite Pés Tabaco Liso;2025-10-27;;active;;Classico;Por conta do comprador;500;item;0;;;;
MLB5889360212;60635;7908477291262;Vaso Em Cerâmica Flocos Preto 24x13 Cm - D'rossi Liso;2025-11-01;;active;;Classico;Frete gratis;5;item;0;;;;
MLB4283170947;26979;7908274453658;Pufe Decorativo Retangular Opala D'rossi De Suede Marrom Marrom-escuro;2025-11-01;;active;;Premium;Frete gratis;318;item;0;;;;
MLB5889658872;78705;7908670859870;Kit 1 Sofá E 2 Poltronas Lana Suede Marrom Base De Madeira Liso;2025-11-02;;active;;Classico;Por conta do comprador;91;item;0;;;;
MLB5874439078;79335;7908670866304;Sofá 3 Lugares E 2 Poltronas Arezzo Linho Bege Pés Chanfrado Tabaco - D'rossi Liso;2025-10-29;;active;;Classico;Por conta do comprador;500;item;0;;;;
MLB5889710090;78833;7908670860418;Kit 1 Sofá E 2 Poltronas Lana Corino Bege Base De Madeira Liso;2025-11-02;;active;;Classico;Por conta do comprador;91;item;0;;;;
MLB4276780383;5702;7908274469253;Nicho Porta Toalhas Para Salão 9 Lugares Organizador Branco Branco;2025-10-28;;active;;Premium;Frete gratis;4;item;0;;;;
MLB5894390026;61597;7908477284080;Cabeceira Arizona Para Cama Box King 195 Cm Suede Cinza;2025-11-04;;active;;Premium;Por conta do comprador;1000;item;0;;;;
MLB5885270404;26985;7908274453665;Pufe Decorativo Quadrado D'rossi Opala Em Suede Preto;2025-10-31;;active;;Classico;Por conta do comprador;318;item;0;;;;
MLB5885433614;59418;7908477268011;Poltrona Anitta Corino Grafite Pés Palito Castanho - D'rossi;2025-10-31;;active;;Classico;Por conta do comprador;318;item;0;;;;
MLB5891331300;60637;7908477291279;Vaso Decorativo Em Cerâmica Flocos Preto 20x13 Cm - D'rossi Liso;2025-11-03;;active;;Classico;Frete gratis;6;item;0;;;;
MLB4285317323;78527;7908670850655;1 Namoradeira E 2 Poltronas Mari Linho Bege Base De Madeira Liso;2025-11-03;;active;;Premium;Por conta do comprador;318;item;0;;;;
MLB5886111616;72209;7908575977723;Sofá 2 Lugares 1 Poltrona Stella Pés Palito Castanho Sintético Bege - D'rossi Liso;2025-10-31;;active;;Classico;Por conta do comprador;148;item;0;;;;
MLB5873157834;81493;7908748101993;Kit 1 Sofá E 2 Poltronas Elisa Corino Bege Pés Palito;2025-10-29;;active;;Classico;Por conta do comprador;98;item;0;;;;
MLB4278962365;81485;7908748101931;Kit 1 Sofá E 1 Poltrona Elisa Corino Bege Pés Palito;2025-10-29;;active;;Classico;Por conta do comprador;148;item;0;;;;
MLB5966639548;60781;7908477275477;Cabeceira Aquilla Para Cama Box King 195 Cm Corino - D'rossi Marrom;2025-11-24;;active;;Classico;Por conta do comprador;1000;item;0;;;;
MLB5966431804;58255;7908477258210;Porta Talher De Natal Bota Seja Luz Verde 20x14 Cm - D'rossi;2025-11-24;;active;;Classico;Por conta do comprador;13;item;0;;;;
MLB5966587614;77727;7908670855827;Balcão Cozinha Preto Vick D'rossi Com Tampo 3 Portas 1 Gaveta;2025-11-24;;active;;Classico;Por conta do comprador;2;item;0;;;;
MLB4320338957;61549;7908477284431;Cabeceira Para Cama Box Casal Arizona, Em Corino Preto E Madeira;2025-11-21;;active;;Premium;Por conta do comprador;1000;item;0;;;;
MLB4320349289;60727;7908477274869;Cabeceira Para Cama Casal Aquilla Em Suede Bege;2025-11-21;;active;;Premium;Por conta do comprador;1000;item;0;;;;
MLB5958229688;61829;7908477279147;Cabeceira D'rossi Dubai Queen De Suede Bege Para Cama Box 160 Cm;2025-11-21;;active;;Classico;Frete gratis;1000;item;0;;;;
MLB4320855759;60757;7908477275026;Cabeceira Para Cama Queen Com Estofamento Suede E Madeira Preta Preto;2025-11-21;;active;;Premium;Por conta do comprador;1000;item;0;;;;
MLB5966456562;60749;7908477274975;Cabeceira Aquilla Para Cama Box Queen 160 Cm Suede Azul;2025-11-24;;active;;Premium;Frete gratis;1000;item;0;;;;
MLB5958444062;60935;7908477276269;Cabeceira D'rossi Dubai Para Cama Box King De Corino Bege Bege;2025-11-21;;active;;Classico;Por conta do comprador;1000;item;0;;;;
MLB5961379446;59522;7908477268622;Sofá 2 Lugares D'rossi Marilia Premium Whisky Rose Com Pés De Madeira Whiski Rose A106 Liso;2025-11-23;;active;;Classico;Por conta do comprador;1000;item;0;;;;
MLB5966924568;61351;7908477287746;Cabeceira Para Cama Box Solteiro Vicenza De Suede Preto;2025-11-24;;active;;Premium;Frete gratis;1000;item;0;;;;
MLB4320975719;61791;7908477279468;Cabeceira Painel Dubai Para Cama Casal Em Corino Bege;2025-11-22;;active;;Classico;Frete gratis;1000;item;0;;;;
MLB5959384302;66455;7908575932456;Cadeiras De Jantar Kit 4 Liz Linho Grafite Pés Palito Castanho D03 - D'rossi Liso Liso Grafite;2025-11-22;;active;;Classico;Por conta do comprador;4;item;0;;;;
MLB4321846183;60051;7908477273930;Kit Com 2 Poltronas Marilia D'rossi De Linho Whiski Rose E Pés Palito Whiski Rose A106 Lisa;2025-11-22;;active;;Premium;Por conta do comprador;159;item;0;;;;
MLB5966593420;36753;7908274422340;Puff Moderno Elisa Quadrado Nude Com Pés Palito De Madeira Suede;2025-11-24;;active;;Premium;Frete gratis;318;item;0;;;;
MLB5966716542;77581;7908670854745;Balcão De Cozinha Lavanderia Com Tampo 02 Gavetas Bia Cor Preto;2025-11-24;;active;;Classico;Por conta do comprador;2;item;0;;;;
MLB5967263002;60721;7908477275323;Cabeceira D'rossi Aquilla Para Cama Casal Em Corino Preto;2025-11-25;;active;;Classico;Por conta do comprador;1000;item;0;;;;
MLB4320389767;61111;7908477292962;Cabeceira D'rossi La Italiana Box Casal Corino Marrom;2025-11-21;;active;;Classico;Frete gratis;1000;item;0;;;;
MLB5966593480;36847;7908274424764;Kit 02 Puff Elisa Suede Rosa Bebê Pés Palito - D'rossi Rosa Bebê Rosa-claro;2025-11-24;;active;;Premium;Por conta do comprador;159;item;0;;;;
MLB5966404836;61865;7908477279628;Cabeceira D'rossi Dubai Estofada Corino Cama Box King Madeira Bege 195cm;2025-11-24;;active;;Classico;Por conta do comprador;1000;item;0;;;;
MLB5965885106;61665;7908477278256;Cabeceira Painel Aquilla Cama Box Casal 140 Cm Suede Cinza;2025-11-24;;active;;Classico;Por conta do comprador;1000;item;0;;;;
MLB5966265622;61145;7908477292542;Cabeceira La Italiana Cama Box Queen 160 Cm Suede Azul Azul;2025-11-24;;active;;Classico;Por conta do comprador;1000;item;0;;;;
MLB5966270878;83761;7908748139934;Banco De Canto Estofado Sira Suede Cinza Pés Palito Castanho Suede Cinza;2025-11-24;;active;;Classico;Por conta do comprador;1000;item;0;;;;
MLB5965911284;60189;7908477288101;Escultura Decorativa Máscara Silêncio Em Cerâmica Grafite;2025-11-24;;active;;Premium;Frete gratis;11;item;0;;;;
MLB5965992096;61193;7908477284509;Cabeceira Tania Para Cama Box Solteiro 90 Cm Suede Café Marrom;2025-11-24;;active;;Premium;Por conta do comprador;1000;item;0;;;;
MLB5965861898;58247;7908477258173;Sousplat D'rossi Plástico Rosa Dourado Redondo 33cm Mesa Posta;2025-11-24;;active;;Premium;Por conta do comprador;29;item;0;;;;
MLB5965966350;66995;7908575931190;Kit 02 Cadeiras De Jantar Liz Suede Rosa Bebê Base Giratória Liso Liso Rosa Bebê;2025-11-24;;active;;Classico;Por conta do comprador;11;item;0;;;;
MLB4325239353;61675;7908477285308;Cabeceira Garden Para Cama Box Solteiro 90 Cm Suede Café Marrom;2025-11-24;;active;;Classico;Frete gratis;1000;item;0;;;;
MLB5965674876;59318;7908477267373;Banqueta D'rossi Banqueta Alta Cor Marrom Com Acabamento Pintura Epóxi Do 96cm Do Alto Tinta Epóxi;2025-11-24;;active;;Classico;Frete gratis;2;item;0;;;;
MLB5965874456;59949;790847727293;Cabeceira Stambul Para Cama Box Casal 140 Cm Corino Preto;2025-11-24;;active;;Premium;Por conta do comprador;1000;item;0;;;;
MLB5966251600;66689;7908575934764;Cadeiras De Jantar Kit 10 Liz Sintético Pu Preto Pés Palito Castanho D03 - D'rossi Liso;2025-11-24;;active;;Premium;Por conta do comprador;30;item;0;;;;
MLB5966403774;63429;7908575904149;Bandeja Decorativa Bambu Para Petiscos Redonda 1,5x26x26 Cm Bege;2025-11-25;;active;;Classico;Por conta do comprador;6;item;0;;;;
MLB5966067588;61099;7908477292863;Cabeceira D'rossi La Italiana Cama Box Casal Madeira Corino Branco 140cm;2025-11-24;;active;;Classico;Frete gratis;1000;item;0;;;;
MLB5965639500;61657;7908477278225;Cabeceira Painel Aquilla Cama Box Casal 140 Cm Suede Bege;2025-11-24;;active;;Classico;Por conta do comprador;1000;item;0;;;;
MLB5965693200;36255;7890880299570;Quadro Decorativo Em Mdf 40x60 Cm- D'rossi Colorido;2025-11-24;;active;;Classico;Por conta do comprador;1;item;0;;;;
MLB5965992962;60951;7908477275927;Cabeceira Dubai Para Cama Box King 195 Cm Suede Caramelo;2025-11-24;;active;;Premium;Por conta do comprador;1000;item;0;;;;
MLB5966145542;58643;7908477261869;Porta Vela Quadrado De Natal Paz Em Madeira E Dourado 7 Cm;2025-11-24;;active;;Classico;Por conta do comprador;33;item;0;;;;
MLB5964601710;47520;7908439251198;Namoradeira Marisa Suede Caramelo Sisal Base Preto D'rossi Liso;2025-11-24;;active;;Classico;Por conta do comprador;1000;item;0;;;;
MLB5965869308;76124;7908670829231;Cabeceira California Para Cama Box Queen 160cm Linho Grafite;2025-11-24;;active;;Premium;Por conta do comprador;1000;item;0;;;;
MLB5965461606;66543;7908575932005;Cadeiras De Jantar Kit 8 Liz Veludo Cinza Pés Palito Castanho D03 - D'rossi Liso Liso Castanho Cinza;2025-11-24;;active;;Classico;Por conta do comprador;38;item;0;;;;
MLB6022214104;92439;7908748126835;Cadeira Sala Jantar Base Madeira Pto Sofia Linho Bege Liso Preto Creme;2025-12-08;;active;;Classico;Frete gratis;1000;item;0;;;;
MLB5995033886;41451;7908274486335;Poltrona Giratória Nina Suede Terra Base Madeira D'rossi;2025-12-02;;active;;Classico;Por conta do comprador;1000;item;0;;;;
MLB6029109344;56747;7908477245890;Puff Babu Suede Bege Base Dourado - D'rossi Creme;2025-12-10;;active;;Premium;Frete gratis;999;item;0;;;;
MLB4355473107;57697;7908477246149;Cachepot Cinza Com Suporte Em Metal M 13x8 Cm - D'rossi Liso;2025-12-09;;active;;Classico;Por conta do comprador;4;item;0;;;;
MLB6028786754;61113;7908477292979;Cabeceira Para Cama Casal D'rossi La Italiana De Corino Preta Preto;2025-12-10;;active;;Premium;Frete gratis;1000;item;0;;;;
MLB6028811938;61845;7908477278928;Cabeceira Solteiro Dubai Em Suede Caramelo Para Cama Box;2025-12-10;;active;;Classico;Frete gratis;1000;item;0;;;;
MLB4357506933;58946;7908477263740;Cabeceira Opala Para Cama Box Solteiro 90 Cm Suede - D'rossi Grafite;2025-12-10;;active;;Classico;Frete gratis;1000;item;0;;;;
MLB6030808588;81661;7908748103669;Kit Sofá E 2 Poltronas Elisa Suede Verde Pés Palito Natural Liso;2025-12-10;;active;;Classico;Por conta do comprador;109;item;0;;;;
MLB6027781330;61989;7908477279833;Cabeceira Painel La Italiana Cama Casal 140 Cm Suede Café Marrom;2025-12-09;;active;;Classico;Frete gratis;1000;item;0;;;;
MLB6019976054;78471;7908670850457;Sofá Tradicional D'rossi Premium Mari De 2 Cuerpos Tela Corino Color Preto Liso;2025-12-08;;active;;Premium;Por conta do comprador;97;item;0;;;;
MLB4342623549;80753;7908748107032;Pés De Madeira Luiz Xv 20cm Kit 4 Unidades Retrô Vintage Castanho;2025-12-03;;active;;Classico;Por conta do comprador;2;item;0;;;;
MLB5994007212;61347;7908477287708;Cabeceira Vicenza Solteiro Box Em Suede Caramelo;2025-12-02;;active;;Premium;Frete gratis;1000;item;0;;;;
MLB6020192836;50054;7908439277013;Kit 01 Namoradeira E 01 Poltrona Stella Suede Marrom D'rossi Liso;2025-12-08;;active;;Premium;Por conta do comprador;159;item;0;;;;
MLB6027419354;53428;7908477204170;Kit 6 Cadeiras De Jantar Liz Corino Bege Pés Palito Castanho Liso Castanho Bege;2025-12-09;;active;;Premium;Por conta do comprador;51;item;0;;;;
MLB6027960730;61981;7908477280280;Cabeceira Painel Casal D'rossi La Italiana Em Corino Preto De 140cm;2025-12-09;;active;;Premium;Frete gratis;1;item;0;;;;
MLB6012740354;87669;7908748185054;Cabeceira Casal Moderna 160cm D'rossi Madeira Corino Bege Para Cama Box;2025-12-05;;active;;Classico;Por conta do comprador;1000;item;0;;;;
MLB6020064524;78057;7908670827695;Kit 01 Namoradeira E 01 Poltrona Mari Suede Rosa Pés Palito Liso;2025-12-08;;active;;Classico;Por conta do comprador;159;item;0;;;;
MLB6028722062;58687;7908477262088;Escultura Decorativa Rinoceronte Em Resina Preta  Drossi Preto;2025-12-09;;active;;Premium;Frete gratis;10;item;0;;;;
MLB6025937120;82025;7908748112326;Poltrona Decorativa Milão D07 Pés Madeira Linho Mescla Verde;2025-12-09;;active;;Premium;Por conta do comprador;1000;item;0;;;;
MLB6020009454;22611;7908670854448;Pé Madeira Palito Poltrona Retrô Castanho Kit 4 20cm Marrom-claro;2025-12-08;;active;;Premium;Por conta do comprador;18;item;0;;;;
MLB6044835706;59923;7908477272759;Cabeceira D'rossi Malibu King 195cm Madeira Estofada Corino Branco;2025-12-12;;active;;Premium;Frete gratis;1000;item;0;;;;
MLB6042677006;72697;7908575979864;Kit 01 Namoradeira E 02 Poltronas Giratória Stella Corino Cor Preto Liso;2025-12-12;;active;;Premium;Por conta do comprador;296;item;0;;;;
MLB4360778475;52750;7908103722290;Macaco Decorativo Cimento Bege D'rossi 12x8,5cm Estilo Contemporâneo;2025-12-12;;active;;Classico;Por conta do comprador;1;item;0;;;;
MLB6044834376;58946;7908477263740;Cabeceira Opala Para Cama Box Solteiro 90 Cm Suede - D'rossi Grafite;2025-12-12;;active;;Premium;Frete gratis;1000;item;0;;;;
MLB6044634122;59789;7908477271110;Cabeceira Malibu Para Cama Box King 195 Cm Suede Grafite;2025-12-12;;active;;Premium;Frete gratis;1000;item;0;;;;
MLB6044635942;60311;7908477288668;Escultura Decorativa Pássaro Cerâmica Dourado 8x23x6cm Decoração Moderna;2025-12-12;;active;;Classico;Frete gratis;12;item;0;;;;
MLB6045543834;59306;7908477267212;Cabeceira Painel Clean Para Cama Box 160 Cm Linho A26 Grafite;2025-12-12;;active;;Classico;Por conta do comprador;1000;item;0;;;;
MLB6044480096;59791;7908477271127;Cabeceira Malibu Para Cama Box King 195 Cm Suede Marrom;2025-12-12;;active;;Premium;Frete gratis;1000;item;0;;;;
MLB6046979882;77683;7908670855155;Balcão Para Cozinha E Lavanderia Beth Em Mdf Com 3 Portas E 2 Gavetas Preto D'rossi;2025-12-12;;active;;Classico;Por conta do comprador;3;item;0;;;;
MLB6044455712;69679;7908575953260;Kit 02 Poltronas Giratória Costela Base Madeira Ma30 Sintético Bege D03 - D'rossi Liso;2025-12-12;;active;;Premium;Por conta do comprador;14;item;0;;;;
MLB4360801459;66951;7908575930964;Cadeiras De Jantar Kit 4 Liz Suede Grafite Base Madeira Mm35 D03 - D'rossi Liso Preto Liso Grafite Preto;2025-12-12;;active;;Premium;Por conta do comprador;5;item;0;;;;
MLB4360908523;111157-109671;7901017015274;Banqueta Cozinha Com Encosto Industrial Preto Kit 3 Londres Preto;2025-12-12;;active;;Premium;Frete gratis;331;item;0;;;;
MLB6044836836;67019;7908575931312;Cadeiras De Jantar Kit 2 Liz Suede Verde Base Madeira Mm35 D03 - D'rossi Liso;2025-12-12;;active;;Classico;Por conta do comprador;11;item;0;;;;
MLB6044860140;76022;7908670828487;Cabeceira California Para Cama Box Casal 140 Cm Suede Cor Bege;2025-12-12;;active;;Premium;Por conta do comprador;1;item;0;;;;
MLB6044378372;72715;7908575917026;Sofá 2 Lugares 1 Poltrona Stella Base Giratória Ma30 Sintético Pu Preto D03 - D'rossi Liso;2025-12-12;;active;;Classico;Por conta do comprador;318;item;0;;;;
MLB6048573578;107843-107773;7908940080645;Balcão Aparador Buffet 4 Portas Naelly C04 - D'rossi Cor Freijó E Off White;2025-12-13;;active;;Premium;Por conta do comprador;172;item;0;;;;
MLB4360895531;111157-109673;7901017015281;Banqueta Cozinha Com Encosto Industrial Preto Kit 3 Londres Verde;2025-12-12;;active;;Premium;Frete gratis;333;item;0;;;;
MLB4360801487;59751;7908477271035;Cabeceira Malibu Para Cama Box Queen 160 Cm Suede Grafite;2025-12-12;;active;;Premium;Frete gratis;1000;item;0;;;;
MLB4360802101;61981;7908477280280;Cabeceira Painel Casal D'rossi La Italiana Em Corino Preto De 140cm;2025-12-12;;active;;Classico;Frete gratis;1;item;0;;;;
MLB4360814481;72919;7908575967946;Kit 10 Cadeiras Jantar D'rossi Liz Base Giratória Madeira Estofado Suede Verde Liso Castanho;2025-12-12;;active;;Premium;Por conta do comprador;19;item;0;;;;
MLB4338584159;60811;7908477275583;Cabeceira Dubai Para Cama Box Solteiro 90 Cm Suede - D'rossi Cor Preto;2025-12-01;;active;;Classico;Frete gratis;1000;item;0;;;;
MLB4325179191;61763;7908477278751;Cabeceira Painel Aquilla Cama Box Queen 160 Cm Corino Marrom;2025-11-24;;active;;Classico;Frete gratis;1000;item;0;;;;
MLB4325213063;83769;7908748140015;Banco De Canto Estofado Sira Suede Verde Pés Palito Castanho;2025-11-24;;active;;Premium;Por conta do comprador;1000;item;0;;;;
MLB5971879460;119095-115035;7897411023574;Sofá 2 Lugares Orgânico 135cm Maraú Bouclê K01 - D'rossi Bege Bouce;2025-11-26;;active;;Premium;Por conta do comprador;5;item;0;;;;
MLB4325211119;83765;7908748139972;Banco De Canto Estofado Marrom D'rossi Suede Pés Palito Madeira;2025-11-24;;active;;Premium;Por conta do comprador;1000;item;0;;;;
MLB4325173137;67019;7908575931312;Cadeiras De Jantar Kit 2 Liz Suede Verde Base Madeira Mm35 D03 - D'rossi Liso;2025-11-24;;active;;Premium;Por conta do comprador;11;item;0;;;;
MLB4325107961;60671;7908477291446;Lanterna Decorativa Em Metal Preto 23x22 Cm - D'rossi;2025-11-24;;active;;Classico;Frete gratis;8;item;0;;;;
MLB5974612492;61687;7908477285414;Cabeceira Garden D'rossi Para Cama Box Casal Em Suede Bege;2025-11-26;;active;;Premium;Frete gratis;1000;item;0;;;;
MLB5970287394;118329-114487;7896858451698;Sofá 2 Lugares Orgânico 135cm Maraú Bouclê K01 - D'rossi Bege Pé Ferro Preto;2025-11-25;;active;;Premium;Por conta do comprador;4;item;0;;;;
MLB4325196999;61205;7908477284615;Cabeceira Tania Para Cama Box Casal 140 Cm Suede Bege;2025-11-24;;active;;Classico;Por conta do comprador;1000;item;0;;;;
MLB4327795591;119095-115037;7892685577723;Sofá 2 Lugares Orgânico 135cm Maraú Bouclê K01 - D'rossi Bege Boule;2025-11-26;;active;;Premium;Por conta do comprador;3;item;0;;;;
MLB4325201191;61685;7908477285407;Cabeceira Garden Para Cama Box Casal 140 Cm Suede Azul;2025-11-24;;active;;Classico;Por conta do comprador;1000;item;0;;;;
MLB4325190735;81243;7908748110216;Cristaleira Maju D'rossi Branca E Off White Com 2 Portas E 1 Gaveta Branco;2025-11-24;;active;;Premium;Por conta do comprador;35;item;0;;;;
MLB4325106249;61707;7908477278386;Cabeceira Painel Aquilla Para Cama Box Queen 160 Cm Suede Cor Preto;2025-11-24;;active;;Premium;Por conta do comprador;1000;item;0;;;;
MLB4335335891;61165;7908477292665;Cabeceira King D'rossi La Italiana Madeira Suede Azul Para Cama Box;2025-11-29;;active;;Premium;Por conta do comprador;1000;item;0;;;;
MLB5992055016;78187;7908670849406;Kit 1 Namoradeira E 2 Poltronas Mari Veludo Verde Pés Palito Liso;2025-12-01;;active;;Classico;Por conta do comprador;106;item;0;;;;
MLB4339072133;78167;7908670849314;Kit 01 Namoradeira E 01 Poltrona Mari Veludo Bege Pés Palito Liso;2025-12-01;;active;;Premium;Por conta do comprador;159;item;0;;;;
MLB5990875144;53918;7908477224567;Puff Love Suede Rose Base Industrial Cobre - D'rossi Rosa;2025-12-01;;active;;Classico;Por conta do comprador;1000;item;0;;;;
MLB4338723587;72715;7908575917026;Sofá 2 Lugares 1 Poltrona Stella Base Giratória Ma30 Sintético Pu Preto D03 - D'rossi Liso;2025-12-01;;active;;Premium;Por conta do comprador;318;item;0;;;;
MLB4327280337;60655;7908477291361;Quadro Decorativo Abstrato Em Canvas Bege 100x75cm D'rossi;2025-11-25;;active;;Classico;Frete gratis;2;item;0;;;;
MLB6073369296;76490;7908670831098;Puff Stella Suede Rosa Bebê Base Madeira Castanho - D'rossi Rosa;2025-12-18;;active;;Premium;Frete gratis;273;item;0;;;;
MLB6117803112;61669;7908477285285;Cabeceira Garden Para Cama Box Solteiro 90 Cm Suede Azul;2026-01-01;;active;;Classico;Frete gratis;1000;item;0;;;;
MLB4373054367;67001;7908575931220;Kit 08 Cadeiras De Jantar Liz Suede Rosa Bebê Base Giratória;2025-12-18;;active;;Premium;Por conta do comprador;2;item;0;;;;
MLB6115891550;61547;7908477284424;Cabeceira Arizona Para Cama Box King 195 Cm Corino Marrom;2025-12-31;;active;;Classico;Por conta do comprador;1000;item;0;;;;
MLB4374630853;66999;7908575931213;Kit 06 Cadeiras De Jantar Liz Suede Rosa Bebê Base Giratória Liso Rosa Bebê Rosa Bebê;2025-12-19;;active;;Premium;Por conta do comprador;3;item;0;;;;
MLB6104159660;107843-107767;7908940080638;Balcão Aparador Buffet 4 Portas Naelly C04 - D'rossi Cor Noce Milano E Preto Fosco;2025-12-28;;active;;Premium;Por conta do comprador;45;item;0;;;;
MLB6104152774;62789;7908477298186;Escultura De Metal Para Parede, Preto  D'rossi;2025-12-28;;active;;Premium;Por conta do comprador;27;item;0;;;;
MLB6107734210;60739;7908477275385;Cabeceira Para Cama Box Queen D'rossi Aquilla De Corino Bege, 160 Cm;2025-12-29;;active;;Premium;Por conta do comprador;1000;item;0;;;;
MLB6073272928;36841;7908274424801;D'rossi Kit 2 Puffs Elisa 40 Cm Cuadrado Verde Oscuro Cuero Sintético Con Patas Palito Verde-escuro;2025-12-18;;active;;Premium;Por conta do comprador;159;item;0;;;;
MLB4382158429;61147;7908477292559;Cabeceira La Italiana Cama Box Queen 160 Cm Suede Bege;2025-12-24;;active;;Classico;Frete gratis;1000;item;0;;;;
MLB6115878602;61513;7908477284172;Cabeceira Veludo D'rossi Arizona Para Cama Casal Queen Bege;2025-12-31;;active;;Premium;Frete gratis;1000;item;0;;;;
MLB6080549410;45150;7899949713224;Porta-cápsulas De Café Nespresso Para Geladeira Magnético Preto;2025-12-19;;active;;Premium;Por conta do comprador;1;item;0;;;;
MLB4390821963;66957;7908575930995;Kit 10 Cadeiras De Jantar Liz Suede Grafite Base Giratória Liso Castanho Grafite;2025-12-29;;active;;Premium;Por conta do comprador;2;item;0;;;;
MLB6073531044;56781;7908477246071;Puff Babu Suede Verde Base Preto - D'rossi Verde-escuro;2025-12-18;;active;;Premium;Frete gratis;1000;item;0;;;;
MLB6107767896;67023;7908575931336;Kit De 6 Cadeiras De Jantar D'rossi Liz Em Suede Verde Com Base Giratória Liso;2025-12-29;;active;;Premium;Por conta do comprador;3;item;0;;;;
MLB6107732496;60265;7908477288507;Vaso Decorativo Em Rattan 53x16 Cm - D'rossi Marrom Liso Marrom-claro Lisa;2025-12-29;;active;;Classico;Frete gratis;7;item;0;;;;
MLB6115656882;77281;7908274476701;Cabeceira Roma Para Cama Box Queen 160 Cm Suede Marrom Colorido Marrom-escuro;2025-12-31;;active;;Premium;Por conta do comprador;7;item;0;;;;
MLB6092671080;60731;7908477274883;Cabeceira Casal D'rossi Aquilla Em Suede Caramelo Para Cama Box;2025-12-24;;active;;Premium;Frete gratis;1000;item;0;;;;
MLB4382107223;61167;7908477292672;Cabeceira La Italiana Cama Box King 195 Cm Suede Bege;2025-12-24;;active;;Classico;Por conta do comprador;1000;item;0;;;;
MLB6073729212;66955;7908575930988;Kit 8 Cadeiras De Jantar Liz Suede Grafite Com Base Giratória Liso;2025-12-18;;active;;Classico;Por conta do comprador;2;item;0;;;;
MLB4411910587;72607;7908575979420;Sofá 2 Lugares 2 Poltronas Stella Base Giratória Ma30 Suede Grafite - D'rossi Liso;2026-01-10;;active;;Classico;Por conta do comprador;318;item;0;;;;
MLB4397311935;61547;7908477284424;Cabeceira Arizona Para Cama Box King 195 Cm Corino Marrom;2026-01-02;;active;;Premium;Por conta do comprador;1000;item;0;;;;
MLB6144505220;61563;7908477283731;Cabeceira D'rossi Arizona Casal Queen De Veludo Preto Para Cama Box;2026-01-07;;active;;Premium;Frete gratis;1000;item;0;;;;
MLB6145401540;61653;7908477285773;Cabeceira Casal D'rossi Garden De Veludo Bege Para Cama Box;2026-01-07;;active;;Classico;Frete gratis;1000;item;0;;;;
MLB6132887042;92327;7908748125975;Conjunto Com 10 Cadeiras De Jantar Sofia Estofadas Suede Marrom D'rossi Com Base De Madeira Preta Liso Preto Bege;2026-01-06;;active;;Premium;Por conta do comprador;100;item;0;;;;
MLB6153464430;70039;7908575954816;Mesa Auxiliar D'rossi Moderna Quadrada Para Exterior Preto;2026-01-09;;active;;Classico;Por conta do comprador;1000;item;0;;;;
MLB6153649000;77303;7908670849055;Cabeceira Queen Roma Para Cama Box Estofada Em Veludo Branco 160 Cm;2026-01-09;;active;;Premium;Frete gratis;7;item;0;;;;
MLB6128522146;40371-29223;7908274476619;Cabeceira Roma Cama Box Solteiro 90 Cm Suede Bege D'rossi;2026-01-04;;active;;Premium;Por conta do comprador;1000;item;0;;;;
MLB6119957952;61503;7908477278508;Cabeceira Painel Aquilla King De Suede Preto Para Cama Box;2026-01-02;;active;;Premium;Frete gratis;1000;item;0;;;;
MLB6120494258;62399;7908477293969;Kit Namoradeira E Poltronas Giratória Giovana Suede Marrom Marrom Liso;2026-01-02;;active;;Classico;Por conta do comprador;318;item;0;;;;
MLB4396317435;58369;7908477259200;Cabeceira Estofada Casal Rubi Para Cama Box, Em Suede Grafite De 140 Cm Cinza;2026-01-01;;active;;Premium;Frete gratis;1000;item;0;;;;
MLB6121122558;61553;7908477283687;Cabeceira Estofada D'rossi Arizona De Suede Azul Para Cama Box Casal 160 Cm;2026-01-02;;active;;Premium;Frete gratis;1000;item;0;;;;
MLB6132186214;77283;7908274476718;Cabeceira Roma Para Cama Box Queen 160 Cm Suede Preto Colorido;2026-01-05;;active;;Premium;Por conta do comprador;5;item;0;;;;
MLB4411854365;40371-29225;7908274476602;Cabeceira Roma Cama Box Solteiro 90 Cm Suede Cinza D'rossi;2026-01-10;;active;;Premium;Por conta do comprador;1000;item;0;;;;
MLB4403205903;61343;7908477287661;Cabeceira Solteiro Vicenza De Suede Bege Para Cama Box;2026-01-05;;active;;Premium;Frete gratis;1000;item;0;;;;
MLB4399236265;78067;7908670840823;Kit Namoradeira E 02 Poltronas Mari De Suede Cinza Com Pés Palito Liso;2026-01-03;;active;;Premium;Por conta do comprador;159;item;0;;;;
MLB6154026348;92261;7908748125258;Kit 4 Cadeiras De Jantar D'rossi Sofia Em Suede Marrom Com Base De Madeira Preta Liso Preto Bege;2026-01-09;;active;;Premium;Por conta do comprador;250;item;0;;;;
MLB4411463721;40369-29215;7908274476657;Cabeceira Roma Cama Box Casal 140 Cm Suede Bege D'rossi Colorido Nude;2026-01-09;;active;;Premium;Frete gratis;1000;item;0;;;;
MLB6128593008;58673;7908477262019;Vaso Decorativo De Cerâmica Preto Com Rosto Lisa;2026-01-04;;active;;Premium;Frete gratis;18;item;0;;;;
MLB6133093480;92261;7908748125258;Kit 4 Cadeiras De Jantar D'rossi Sofia Em Suede Marrom Com Base De Madeira Preta Liso Preto Bege;2026-01-06;;active;;Classico;Por conta do comprador;250;item;0;;;;
MLB4360777807;66611;7908575931701;Kit 8 Cadeiras Jantar D'rossi Liz Veludo Bege Pés Madeira Natural Liso;2025-12-12;;active;;Premium;Por conta do comprador;36;item;0;;;;
MLB6053156626;80729;7908748106912;Kit 4 Pés Chanfrados De Madeira Castanho Para Móveis 10 Cm - D'rossi;2025-12-15;;active;;Classico;Por conta do comprador;36;item;0;;;;
MLB6051140320;61197;7908477284523;Cabeceira Tania Para Cama Box Solteiro 90 Cm Suede - D'rossi Cor Cinza;2025-12-14;;active;;Classico;Por conta do comprador;1000;item;0;;;;
MLB6073972752;66943;7908575930926;Kit 08 Cadeiras De Jantar Liz Suede Cinza Base Giratória Liso;2025-12-18;;active;;Premium;Por conta do comprador;2;item;0;;;;
MLB6074658098;66909;7908575930759;Cadeira De Jantar Base Giratória Kit 10 Liz Suede Bege Liso Castanho Liso Castanho Bege;2025-12-18;;active;;Classico;Por conta do comprador;2;item;0;;;;
MLB4365341409;65717;7908575925656;Kit 02 Poltronas Marisa Linho Grossi Bege A19 Base Preto Liso;2025-12-15;;active;;Classico;Por conta do comprador;500;item;0;;;;
MLB6058341214;61599;7908477284097;Cabeceira Arizona Para Cama Box King De 195 Cm, Em Suede Preto;2025-12-15;;active;;Classico;Por conta do comprador;1000;item;0;;;;
MLB4360773783;71531;7908575974708;Namoradeira E 2 Poltronas Stella Corano Nozes Com Linho Bege Liso;2025-12-12;;active;;Classico;Por conta do comprador;105;item;0;;;;
MLB6057202244;58369;7908477259200;Cabeceira Estofada Casal Rubi Para Cama Box, Em Suede Grafite De 140 Cm Cinza;2025-12-15;;active;;Classico;Frete gratis;1000;item;0;;;;
MLB4360777811;66985;7908575931145;Cadeiras De Jantar Kit 4 Liz Suede Marrom Rato Base Madeira Mm35 D03 - D'rossi Liso Liso Marrom Rato;2025-12-12;;active;;Premium;Por conta do comprador;5;item;0;;;;
MLB4360777841;66623;7908575931756;Conjunto 8 Cadeiras Jantar D'rossi Liz Veludo Preto Pés Madeira Natural Liso Liso Natural Preto;2025-12-12;;active;;Premium;Por conta do comprador;36;item;0;;;;
MLB6052832900;69163;7908575951990;Balcão De Cozinha D'rossi Mdf Com Tampo, 4 Portas E 2 Gavetas Branco 150 Cm;2025-12-14;;active;;Premium;Por conta do comprador;1000;item;0;;;;
MLB4360767787;66613;7908575931718;Kit 10 Cadeiras Jantar Liz Veludo Bege Pés Madeira Palito D'rossi Liso Natural;2025-12-12;;active;;Premium;Por conta do comprador;29;item;0;;;;
MLB4360759313;77737;7908670855865;Armário Aéreo E Balcão De Cozinha Lavanderia Lucy C/tampo Cinza;2025-12-12;;active;;Premium;Por conta do comprador;3;item;0;;;;
MLB6057224714;80925;7908670857913;Samambaia Artificial Verde Em Kit Com Vaso, 10x65;2025-12-15;;active;;Classico;Por conta do comprador;24;item;0;;;;
MLB6057060650;54122;7908477225632;Puff Costela Suede Bege Base Metal - D'rossi Bege;2025-12-15;;active;;Classico;Por conta do comprador;57;item;0;;;;
MLB6051002182;78263;7908670849697;Kit 1 Namoradeira E 1 Poltrona Mari Suede Cinza Pés Palito Liso;2025-12-14;;active;;Premium;Por conta do comprador;145;item;0;;;;
MLB6063231034;58677;7908477262033;Aparador De Livros Decorativo Em Resina Cinza Mate - D'rossi;2025-12-16;;active;;Classico;Frete gratis;14;item;0;;;;
MLB6074034726;66977;7908575931107;Kit 08 Cadeiras De Jantar Liz Suede Preto Base Giratória Liso Castanho;2025-12-18;;active;;Classico;Por conta do comprador;2;item;0;;;;
MLB6074709138;61729;7908477285698;Cabeceira Garden Para Cama Box King 195 Cm Suede Preto;2025-12-18;;active;;Classico;Por conta do comprador;1000;item;0;;;;
MLB6188155992;111155-109663;7901017015236;Banqueta De Cozinha Alta Industrial Em Aço Kit 2 Londres Pu Verde Lacado;2026-01-21;;active;;Premium;Frete gratis;7;item;0;;;;
MLB6182884728;66455;7908575932456;Cadeiras De Jantar Kit 4 Liz Linho Grafite Pés Palito Castanho D03 - D'rossi Liso Liso Grafite;2026-01-20;;active;;Premium;Por conta do comprador;4;item;0;;;;
MLB6181663230;81641;7908748103461;Kit 1 Sofá E 2 Poltronas Elisa Suede Azul Pés Palito Natural Liso;2026-01-19;;active;;Classico;Por conta do comprador;109;item;0;;;;
MLB6182751898;67053;7908575932753;Kit 4 Cadeiras De Jantar D'rossi Liz Linho Grafite Com Base Giratória Liso;2026-01-20;;active;;Classico;Por conta do comprador;4;item;0;;;;
MLB4415791015;80753;7908748107032;Pé Madeira Kit 04 Retrô Luiz Xv Poltrona Puff Castanho 20cm Castanho;2026-01-12;;active;;Classico;Por conta do comprador;353;item;0;;;;
MLB4414168171;89257;7908847611218;Haste De Flor Artificial Protea Frosted, Salmão, De Plástico, 50 Cm;2026-01-11;;active;;Premium;Frete gratis;17;item;0;;;;
MLB4430064879;78687;7908670859627;Kit 1 Sofá E 1 Poltrona Lana Suede Preto Base De Madeira Liso;2026-01-19;;active;;Premium;Por conta do comprador;136;item;0;;;;
MLB6160378284;78327;7908670849956;Kit Namoradeira E 2 Poltronas Mari Linho Grafite Pés D/ferro Liso;2026-01-12;;active;;Premium;Por conta do comprador;97;item;0;;;;
MLB6188233336;89233;7908847610907;Folha Artificial Latânia Leque Realista De 83cm, Verde Escuro;2026-01-21;;active;;Premium;Frete gratis;10;item;0;;;;
MLB4432801847;72543;7908575979062;Conjunto Namoradeira E Poltrona Stella D'rossi Em Linho E Corano Bege Liso;2026-01-21;;active;;Premium;Por conta do comprador;318;item;0;;;;
MLB6163125760;76766;7908670833955;Poltrona Sala Decorativa Cadeira Suede Bege Liso Base Industrial Dourada D'rossi;2026-01-13;;active;;Premium;Frete gratis;999;item;0;;;;
MLB6185718966;78231;7908670849567;Kit 1 Namoradeira E 02 Poltronas Mari Corino Bege Pés Palito Liso;2026-01-21;;active;;Classico;Por conta do comprador;106;item;0;;;;
MLB6167780334;61337;7908477287029;Cabeceira D'rossi Vicenza Queen De Veludo Bege Para Cama Box;2026-01-14;;active;;Premium;Por conta do comprador;1000;item;0;;;;
MLB4432711491;71955;7908575976689;Namoradeira E 02 Poltronas Stella Corano Preto E Linho Bege Liso;2026-01-21;;active;;Classico;Por conta do comprador;106;item;0;;;;
MLB4414405847;67009;7908575931268;Kit De 4 Cadeiras De Jantar Liz Rose Em Suede Com Base Giratória Liso Liso Rose;2026-01-12;;active;;Premium;Por conta do comprador;5;item;0;;;;
MLB4432762973;71895;7908575976337;Namoradeira E 01 Poltrona Stella Corano Com Linho Preto Liso;2026-01-21;;active;;Premium;Por conta do comprador;159;item;0;;;;
MLB4432814405;71509;7908575974623;Namoradeira 02 Lugares Stella Corano Nozes Com Linho Preto;2026-01-20;;active;;Premium;Por conta do comprador;328;item;0;;;;
MLB6163087462;76766;7908670833955;Poltrona Sala Decorativa Cadeira Suede Bege Liso Base Industrial Dourada D'rossi;2026-01-13;;active;;Classico;Frete gratis;999;item;0;;;;
MLB4432681679;83221-70733;7908748109678;Poltrona Corino Base Metálica Industrial Dourado Cor Preto Kit 2 Liso;2026-01-20;;active;;Classico;Por conta do comprador;500;item;0;;;;
MLB6168636872;61219;7908477284738;Cabeceira Para Cama Queen De Madeira Estofada Em Veludo Bege;2026-01-14;;active;;Premium;Frete gratis;1000;item;0;;;;
MLB6187288276;66915;7908575930780;Kit 4 Cadeiras De Jantar Liz D'rossi Suede Azul-marinho Moderna Liso;2026-01-21;;active;;Premium;Por conta do comprador;5;item;0;;;;
MLB6200693218;61985;7908477279819;Cabeceira Painel La Italiana Cama Casal 140 Cm Suede Azul;2026-01-26;;active;;Premium;Frete gratis;1000;item;0;;;;
MLB4436706761;61559;7908477283717;Cabeceira Queen Arizona Em Suede Marrom-claro D'rossi Para Cama Box;2026-01-22;;active;;Premium;Frete gratis;1000;item;0;;;;
MLB6200516932;66689;7908575934764;Cadeiras De Jantar Kit 10 Liz Sintético Pu Preto Pés Palito Castanho D03 - D'rossi Liso;2026-01-26;;active;;Classico;Por conta do comprador;30;item;0;;;;
MLB6187291684;77293;7908670849079;Cabeceira Roma Cama Box Casal 140 Cm Corino Bege -d'rossi Colorido;2026-01-21;;active;;Premium;Frete gratis;4;item;0;;;;
MLB6200632048;61869;7908477279635;Cabeceira King Madeira Corino Marrom D'rossi Dubai 195cm;2026-01-26;;active;;Classico;Frete gratis;1000;item;0;;;;
MLB2781815611;71215;7908575936997;Kit 02 Poltronas Giratória Stella Corino Bege Base Madeira Bege Liso;2022-09-01;;active;;Premium;Por conta do comprador;498;item;0;;;;
MLB6200617148;61139;7908477292450;Cabeceira Para Cama Casal Suede Caramelo D'rossi La Italiana 140 Cm;2026-01-26;;active;;Premium;Frete gratis;1000;item;0;;;;
MLB4437730365;114487-111277;7901017039218;Poltrona Amamentação Balanço Madeira E Puff Jhessy Bouclê Bege;2026-01-22;;active;;Premium;Frete gratis;29;item;0;;;;
MLB6200730478;61995;7908477279864;Cabeceira D'rossi La Italiana Cama Casal 140cm Suede Preto Madeira Moderna;2026-01-26;;active;;Premium;Frete gratis;1000;item;0;;;;
MLB6200731742;62791;7908477298209;Enfeite De Metal De Parede Preto Coração 30x20x1 Cm;2026-01-26;;active;;Premium;Por conta do comprador;30;item;0;;;;
MLB4438872345;66915;7908575930780;Kit 4 Cadeiras De Jantar Liz D'rossi Suede Azul-marinho Moderna Liso;2026-01-23;;active;;Classico;Por conta do comprador;5;item;0;;;;
MLB4447987163;51820;7908439293310;Poltrona Giratória Costela Couro Preto Base Madeira Ma25 Liso;2026-01-28;;active;;Classico;Por conta do comprador;28;item;0;;;;
MLB6202741148;61823;7908477279062;Cabeceira Painel Dubai Cama Box Casal 140 Cm Suede - D'rossi Cor Preto;2026-01-27;;active;;Premium;Por conta do comprador;1000;item;0;;;;
MLB4435741361;60929;7908477275811;Cabeceira Dubai Para Cama Box Queen 160 Cm Suede Cinza;2026-01-22;;active;;Classico;Por conta do comprador;1000;item;0;;;;
MLB6203921860;51826;7908439293433;Poltrona Giratória Costela Couro Nozes Base Madeira Ma25 Marrom Liso;2026-01-28;;active;;Classico;Por conta do comprador;28;item;0;;;;
MLB4447969109;46644;7908439245777;Kit 02 Poltronas Costela Couro Bege Base De Metal - D'rossi Liso;2026-01-27;;active;;Premium;Por conta do comprador;14;item;0;;;;
MLB6199828252;78293;7908670849819;Kit Namoradeira E 2 Poltronas Mari Suede Rosa Pés Palito Liso;2026-01-26;;active;;Premium;Por conta do comprador;97;item;0;;;;
MLB6201095822;60289;7908477288569;Escultura Decorativa Elefante Em Poliresina Branco 15x20x9;2026-01-26;;active;;Premium;Frete gratis;6;item;0;;;;
MLB4447598779;30303;7908439208284;Poltrona Sala Retrô Anitta Corano Nozes Pé Madeira Castanho D'rossi Liso;2026-01-27;;active;;Premium;Por conta do comprador;253;item;0;;;;
MLB4448520817;59522;7908477268622;Sofá 2 Lugares D'rossi Marilia Premium Whisky Rose Com Pés De Madeira Whiski Rose A106 Liso;2026-01-28;;active;;Premium;Por conta do comprador;1000;item;0;;;;
MLB4458577329;62779;7908477298087;Pássaro Decorativo Em Cerâmica Rose 9x9x5 - D'rossi Rosa;2026-02-02;;active;;Premium;Por conta do comprador;53;item;0;;;;
MLB6238754750;83071-96033;7908847672653;Puff Banqueta Decorativo Base Madeira Stella Bouclê D'rossi Cinza;2026-02-09;;active;;Premium;Frete gratis;61;item;0;;;;
MLB6205578994;61633;7908477285865;Cabeceira Garden Casal De Corino Marrom D'rossi Para Cama Box;2026-01-28;;active;;Classico;Por conta do comprador;1000;item;0;;;;
MLB6238244740;83071-70615;7908748136308;Puff Banqueta Decorativo Base Madeira Stella Bouclê D'rossi Bege;2026-02-09;;active;;Premium;Frete gratis;267;item;0;;;;
MLB6207412970;102475;7908940056930;Conjunto 2 Cadeiras De Jantar Dkr Decor Charles Eames Eiffel Cor Preto Liso Madeira;2026-01-28;;active;;Premium;Frete gratis;1;item;0;;;;
MLB4449172541;43237;7908274499502;Conjunto 2 Banquetas Alta Lavínia Sued Rose Base Cobre - Cromado - Rosê Lacado;2026-01-28;;active;;Premium;Por conta do comprador;1000;item;0;;;;
MLB6205485212;61181;7908477285209;Cabeceira D'rossi Tania Casal King Corino Branco, Para Cama Box;2026-01-28;;active;;Classico;Por conta do comprador;1000;item;0;;;;
MLB4455472133;57823;7908477240512;Escultura Decorativa Mãe E Filho De Metal Preto 22x7.8 Cm;2026-01-31;;active;;Premium;Frete gratis;7;item;0;;;;
MLB6205578860;67041;7908575932692;Pack 4 Cadeiras De Jantar D'rossi Liz, Em Linho Bege Com Base Giratória Liso;2026-01-28;;active;;Classico;Por conta do comprador;250;item;0;;;;
MLB4449232401;43209;7908274499632;Conjunto De 2 Banquetas D'rossi Lavínia Em Suede Preto Com Base Dourada E Encosto Lacado;2026-01-28;;active;;Premium;Por conta do comprador;1000;item;0;;;;
MLB6205565876;61281;7908477287562;Cabeceira De Cama Box D'rossi Vicenza Solteiro 90cm X 138cm Corino Marrom;2026-01-28;;active;;Premium;Por conta do comprador;1000;item;0;;;;
MLB6205591864;61633;7908477285865;Cabeceira Garden Para Cama Box Solteiro 90 Cm Corino Marrom;2026-01-28;;active;;Premium;Por conta do comprador;1000;item;0;;;;
MLB4462311429;22627;7908670854356;Kit 04 Pés Palito De Madeira Castanho 30 Cm - D'rossi;2026-02-04;;active;;Premium;Por conta do comprador;296;item;0;;;;
MLB4455478493;77853;7908670854578;Tábua De Passar Com Balcao 2 Portas Alice 119cm D'rossi Preto;2026-01-31;;active;;Premium;Por conta do comprador;5;item;0;;;;
MLB6205531084;61421;7908477286824;Cabeceira Verona Para Cama Box King 195 Cm Corino Marrom;2026-01-28;;active;;Premium;Por conta do comprador;1000;item;0;;;;
MLB4449915479;102475;7908940056930;Kit 2 Cadeiras De Jantar Empório Tiffany Eames Wood Preto;2026-01-28;;active;;Premium;Por conta do comprador;1;item;0;;;;
MLB6205565880;61299;7908477287340;Cabeceira Queen Para Cama Box Vicenza De Corino Marrom;2026-01-28;;active;;Classico;Por conta do comprador;1000;item;0;;;;
MLB6204477384;61527;7908477284264;Cabeceira Arizona Para Cama Box Casal 140 Cm Corino Marrom;2026-01-28;;active;;Classico;Por conta do comprador;1000;item;0;;;;
MLB4449232433;58581;7908670802517;Poltrona Giovana Corano Nozes Pés Palito Castanho - D'rossi Cor Marrom Desenho Do Tecido Liso;2026-01-28;;active;;Premium;Por conta do comprador;318;item;0;;;;
MLB6243136846;100967-109393;7901017019012;Cadeira Sala Jantar Base Industrial Preto Stella Sintético Liso Preto Grafite Grafite;2026-02-10;;active;;Premium;Frete gratis;1000;item;0;;;;
MLB6242916192;100967-101033;7908847698387;Cadeira Sala Jantar Base Industrial Preto Stella Sintético Liso Preto Preto;2026-02-10;;active;;Premium;Frete gratis;1000;item;0;;;;
MLB6243099230;100983-101081;7908847698707;Cadeira Sala De Jantar Base Industrial Preto Stella Bouclê Off White;2026-02-10;;active;;Premium;Frete gratis;996;item;0;;;;
MLB6243097900;100967-101031;7908847698370;Cadeira Sala Jantar Base Industrial Preto Stella Sintético Liso Preto Branco Branco;2026-02-10;;active;;Premium;Frete gratis;1000;item;0;;;;
MLB6244365144;38977-24255;7908274438006;Poltrona Sala 2 Lugares Anitta Suede Pés Palito Castanho Rosa Bebê Liso;2026-02-10;;active;;Premium;Frete gratis;225;item;0;;;;
MLB6243086290;100983-101097;7908847698783;Cadeira Sala De Jantar Base Industrial Preto Stella Bouclê Verde;2026-02-10;;active;;Premium;Frete gratis;1000;item;0;;;;
MLB6238206066;83071-96041;7908847672691;Puff Banqueta Decorativo Base Madeira Stella Bouclê D'rossi Verde;2026-02-09;;active;;Premium;Frete gratis;61;item;0;;;;
MLB6244352710;38977-24249;7908274437986;Poltrona Sala 2 Lugares Anitta Suede Pés Palito Castanho Rose Liso;2026-02-10;;active;;Premium;Frete gratis;225;item;0;;;;
MLB6244300632;38977-24227;7908274437849;Poltrona Sala 2 Lugares Anitta Suede Pés Palito Castanho Bege Liso;2026-02-10;;active;;Premium;Frete gratis;225;item;0;;;;
MLB6243060184;100891-100601;7908670897889;Cadeira Sala Jantar Pé Palito Castanho Stella Sintético Pu Preto;2026-02-10;;active;;Premium;Frete gratis;318;item;0;;;;
MLB6243047340;100983-101089;7908847698745;Cadeira Sala De Jantar Base Industrial Preto Stella Bouclê Cinza;2026-02-10;;active;;Premium;Frete gratis;1000;item;0;;;;
MLB6244274672;38977-24229;7908274437917;Poltrona Sala 2 Lugares Anitta Suede Pés Palito Castanho Cinza Liso;2026-02-10;;active;;Premium;Frete gratis;225;item;0;;;;
MLB6244222808;38977-24223;7908274437856;Poltrona Sala 2 Lugares Anitta Suede Pés Palito Castanho Azul-marinho Liso;2026-02-10;;active;;Premium;Frete gratis;198;item;0;;;;
MLB6244183416;117657;7901017085680;Puff Kit 2 Quadrado Alça Lucca Fixo Sintético Pu Linho Bege;2026-02-10;;active;;Premium;Por conta do comprador;4;item;0;;;;
MLB6242969496;100933-100843;7908847696383;Cadeira Sala Jantar Base Industrial Dourado Stella Sintético Preto;2026-02-10;;active;;Premium;Frete gratis;1000;item;0;;;;
MLB6242956258;100891-100603;7908748194391;Cadeira Sala Jantar Pé Palito Castanho Stella Sintético Pu Nozes;2026-02-10;;active;;Premium;Frete gratis;296;item;0;;;;
MLB6242956260;100891-100605;7908748194414;Cadeira Sala Jantar Pé Palito Castanho Stella Sintético Pu Branco;2026-02-10;;active;;Premium;Frete gratis;318;item;0;;;;
MLB6244209896;38977-24237;7908274437931;Poltrona Sala 2 Lugares Anitta Suede Pés Palito Castanho Marrom Rato Liso;2026-02-10;;active;;Premium;Frete gratis;225;item;0;;;;
MLB6242968134;100967-101029;7908847698363;Cadeira Sala Jantar Base Industrial Preto Stella Sintético Liso Preto Bege Bege;2026-02-10;;active;;Premium;Frete gratis;254;item;0;;;;
MLB6244184120;38977-24261;7908274438044;Poltrona Sala 2 Lugares Anitta Suede Pés Palito Castanho Verde Liso;2026-02-10;;active;;Premium;Frete gratis;225;item;0;;;;
MLB6253047536;77497;7908670854332;Pé Palito Kit 4 35 Cm Natural Com Sapata E 04 Chapinhas Natural;2026-02-13;;active;;Premium;Por conta do comprador;340;item;0;;;;
MLB6365888700;81219;7908748110193;Painel Para Tv Até 75 Polegadas Ripado Betina Com Bancada Natural;2026-03-02;;active;;Premium;Por conta do comprador;114;item;0;;;;
MLB6258107288;107403-107393;7908940081055;Bancada Tv De 65'' 2 Portas Ewa E Rodízio 150cm C04 D'rossi Freijó E Off White;2026-02-18;;active;;Premium;Frete gratis;23;item;0;;;;
MLB6365727518;81275;7908748106516;Mesa De Centro Isi Nature Fosco E Couro Caramelo 93x35 Cm Nature;2026-03-02;;active;;Premium;Por conta do comprador;4;item;0;;;;
MLB6365513688;80627;7908748106066;Painel Para Tv Até 60 Polegadas Ripado Marisa Nature Fosco Nature;2026-03-02;;active;;Premium;Por conta do comprador;170;item;0;;;;
MLB6242748738;100933-100839;7908847696369;Cadeira Sala Jantar Base Industrial Dourado Stella Sintético Bege;2026-02-10;;active;;Premium;Frete gratis;1019;item;0;;;;
MLB6242094658;92495;7908748127399;Cadeira De Jantar D'rossi Sofia, Kit Com 10, De Madeira E Estofada Em Preto Liso;2026-02-10;;active;;Classico;Por conta do comprador;100;item;0;;;;
MLB4470260199;38977-24241;7908274437887;Poltrona Sala 2 Lugares Anitta Suede Pés Palito Castanho Preto Liso;2026-02-10;;active;;Premium;Frete gratis;225;item;0;;;;
MLB6242761870;100983-101079;7908847698691;Cadeira Sala De Jantar Base Industrial Preto Stella Bouclê Grafite;2026-02-10;;active;;Premium;Frete gratis;1000;item;0;;;;
MLB6242826674;100983-101077;7908847698684;Cadeira Sala De Jantar Base Industrial Preto Stella Bouclê Bege;2026-02-10;;active;;Premium;Frete gratis;1004;item;0;;;;
MLB6253214750;77497;7908670854332;Kit 04 Pés Palito Natural 35 Cm E 04 Chapinhas Inclinadas Marrom-claro;2026-02-13;;active;;Premium;Por conta do comprador;340;item;0;;;;
MLB6365888660;81221;7908748110384;Painel Para Tv 75 Polegadas Ripado Betina Bancada Off White Off White;2026-03-02;;active;;Premium;Por conta do comprador;65;item;0;;;;
MLB4469787117;106479-106095;7908940075146;Poltrona Decorativa Giratória Ma30 Stella Cotelê Ext/veludo Off White Liso;2026-02-10;;active;;Premium;Por conta do comprador;203;item;0;;;;
MLB6365966002;80655;7908748106332;Painel Tv 75 Polegadas Ripado Marisa Nicho Bancada 180x250 Nature/off White;2026-03-02;;active;;Premium;Por conta do comprador;24;item;0;;;;
MLB6242852550;100933-100841;7908847696376;Cadeira Sala Jantar Base Industrial Dourado Stella Sintético Branco;2026-02-10;;active;;Premium;Frete gratis;1000;item;0;;;;
MLB6244092756;117655;7901017085574;Puff Quadrado Alça Lucca Fixa Sintético Pu Nozes Linho Bege;2026-02-10;;active;;Classico;Por conta do comprador;9;item;0;;;;
MLB4470280155;38977-24235;7908274437870;Poltrona Sala 2 Lugares Anitta Suede Pés Palito Castanho Marrom Liso;2026-02-10;;active;;Premium;Frete gratis;225;item;0;;;;
MLB4469605447;106479-106093;7908940075139;Poltrona Decorativa Giratória Ma30 Stella Cotelê Ext/veludo Menta Liso;2026-02-10;;active;;Premium;Por conta do comprador;203;item;0;;;;
MLB6292839820;77513;7908670854431;Kit 04 Pés Para Móveis Poltrona Chanfrado Tabaco 10cm Sapata Tabaco;2026-02-24;;active;;Classico;Por conta do comprador;260;item;0;;;;
MLB6242878604;100983-101095;7908847698776;Cadeira Sala De Jantar Base Industrial Preto Stella Bouclê Rose;2026-02-10;;active;;Premium;Frete gratis;1000;item;0;;;;
MLB6520127318;124139;7901132133457;Painel Tv Até 75  Sala Home Theater 215cm Rômulo Off White Off White;2026-03-26;;active;;Premium;Por conta do comprador;70;item;0;;;;
MLB6442673166;106257;7908940069091;Rack Para Sala Bancada De Tv 85 Pol 220cm Alissa Cinamomo Off White/cinamomo;2026-03-12;;active;;Premium;Por conta do comprador;998;item;0;;;;
MLB6442686144;106029;7908940068537;Estante De Tv 70 Polegadas 180cm Mabel Off White/castanho Off White/castanho;2026-03-12;;active;;Premium;Por conta do comprador;5;item;0;;;;
MLB6459579524;82083;7908748113118;Poltrona Para Sala Mirela Base Madeira Linho Mescla Verde;2026-03-15;;active;;Premium;Por conta do comprador;1000;item;0;;;;
MLB4523837043;106259;7908940069121;Rack Para Sala Bancada De Tv 85 Pol 220cm Alissa Off White/ Off White/castanho;2026-03-12;;active;;Premium;Por conta do comprador;998;item;0;;;;
MLB4537118531;6390;7890000194181;Quadro Decorativo 3d Ursinho 41cm C03 - D'rossi;2026-03-17;;active;;Premium;Por conta do comprador;1;item;0;;;;
MLB6512960634;124119;7901132133518;Painel Tv 65  Home Suspenso Sala 160cm Otavio Off White Off White;2026-03-25;;active;;Premium;Frete gratis;3;item;0;;;;
MLB6512960636;124149;7901132133525;Painel Tv Até 55  Home Suspenso Sala 133cm Austin Off White Off White;2026-03-25;;active;;Premium;Frete gratis;4;item;0;;;;
MLB6512933438;124153;7901132133389;Módulo Lateral 1 Porta Denver Prateleiras E Led Off White Off White;2026-03-25;;active;;Premium;Frete gratis;64;item;0;;;;
MLB4502104309;107387-107379;7908940080973;Rack Para Sala Com Rodas Bancada De Tv 47 Pol 136cm Ariele Nogueira Real E Off White;2026-03-02;;active;;Premium;Frete gratis;3;item;0;;;;
MLB4502162543;107941-107847;7908940081109;Estante De Tv 70 Polegadas 200cm Com Led Lidia Freijó E Cinza Fosco;2026-03-02;;active;;Premium;Por conta do comprador;15;item;0;;;;
MLB6420576494;77513;7908670854431;Kit 4 Pés 10cm Madeira Chanfrado Tabaco Poltrona Sofá;2026-03-06;;active;;Classico;Por conta do comprador;260;item;0;;;;
MLB4501995705;107947-107853;7908940081123;Estante De Tv 65 Polegadas 180cm Com Led Radaelli Freijó E Cinza Fosco;2026-03-02;;active;;Premium;Por conta do comprador;59;item;0;;;;
MLB4501955029;107821-107759;7908940080577;Aparador Buffet 4 Portas Oliwia 160cm Sala Jantar Pé Preto Off White E Nogueira;2026-03-02;;active;;Premium;Por conta do comprador;46;item;0;;;;
MLB4559111539;124165;7901132133563;Rack Bancada Tv Até 55  Sala 141cm Aparador Caleb Off White Off White;2026-03-25;;active;;Premium;Frete gratis;1;item;0;;;;
MLB4559111545;124171;7901132133570;Rack Bancada Tv 50  Sala 120cm Aparador Augusto Off White Off White;2026-03-25;;active;;Premium;Frete gratis;13;item;0;;;;
MLB6520156938;124179;7901132133488;Painel Tv 75  Home Suspenso 200cm Charlote Porta Basculante Off White;2026-03-26;;active;;Premium;Por conta do comprador;6;item;0;;;;
MLB4502065889;107387-107381;7908940080980;Rack Para Sala Com Rodas Bancada De Tv 47 Pol 136cm Ariele Noce Milano E Preto Fosco;2026-03-02;;active;;Premium;Frete gratis;15;item;0;;;;
MLB6414957932;107387-107381;7908940080980;Rack Tv 47  Moderno Noce Milano E Preto 136cm Rodízios Noce Milano E Preto Fosco;2026-03-05;;active;;Premium;Frete gratis;15;item;0;;;;
MLB6512533298;124169;7901132133587;Buffet Aparador 3 Portas 136cm Pés De Madeira Mara Off White Off White;2026-03-25;;active;;Premium;Frete gratis;3;item;0;;;;
MLB4502245453;107911-107819;7908940081031;Rack Para Sala Bancada De Tv 75 Pol 218cm Pollyana Off White Matte;2026-03-02;;active;;Premium;Por conta do comprador;156;item;0;;;;
MLB4502190519;107863-107791;7908940080768;Cristaleira 2 Portas De Vidro E Adega Ewa Cozinha - D'rossi Off White Matte E Freijó;2026-03-02;;active;;Premium;Por conta do comprador;303;item;0;;;;
MLB4502385715;107901-107815;7908940080959;Painel Tv 65 Pol 180cm Bancada Suspensa Ripado Manacá Off White Matte E Freijó;2026-03-02;;active;;Premium;Por conta do comprador;5;item;0;;;;
MLB4502354463;81241;7908748110209;Cristaleira Maju 2 Portas Freijó E Off White 71x185 Cm Freijó/off White;2026-03-02;;active;;Premium;Por conta do comprador;1000;item;0;;;;
MLB6358874362;107821-107763;7908940080591;Aparador Buffet 4 Portas Oliwia 160cm Sala Jantar Pé Preto Freijó;2026-03-02;;active;;Premium;Por conta do comprador;48;item;0;;;;
MLB6365014672;81267;7908748106509;Mesa De Centro Isi Preto Tx E Couro Preto 93x35 Cm Preto;2026-03-02;;active;;Premium;Por conta do comprador;4;item;0;;;;
MLB4502165569;107399-107389;7908940080614;Cristaleira Com Led Adega 2 Portas 1 Gaveta Eduarda Preto Fosco E Noce Milano;2026-03-02;;active;;Premium;Por conta do comprador;8;item;0;;;;
MLB6365020942;80651;7908748106318;Painel Tv 60 Polegadas Ripado Marisa Nicho Bancada 141x250 Nature E Off White;2026-03-02;;active;;Premium;Por conta do comprador;67;item;0;;;;
MLB6365021260;81215;7908748110179;Painel Tv 75 Polegadas Ripado Betina Rack Bancada 180x198 Cm Nature E Off White;2026-03-02;;active;;Premium;Por conta do comprador;66;item;0;;;;
MLB4502335387;107911-107821;7908940081048;Rack Para Sala Bancada De Tv 75 Pol 218cm Pollyana Freijó;2026-03-02;;active;;Premium;Por conta do comprador;159;item;0;;;;
MLB4502257769;107923-107831;7908940080867;Painel Tv 65 Pol 150cm Bancada Suspensa Ripado Luca Noce Milano/preto Fosco;2026-03-02;;active;;Premium;Por conta do comprador;44;item;0;;;;
MLB4502322545;107931-107843;7908940081086;Rack Para Sala Bancada De Tv 75 Pol 200cm Licia Off White;2026-03-02;;active;;Premium;Por conta do comprador;10;item;0;;;;
MLB4502309549;107931-107841;7908940081079;Rack Para Sala Bancada De Tv 75 Pol 200cm Licia Freijo E Off White Matte;2026-03-02;;active;;Premium;Por conta do comprador;45;item;0;;;;
MLB4502285775;80647;7908748106196;Prateleira Marisa Nature Fosco 136 Cm L04 - D'rossi Nature;2026-03-02;;active;;Premium;Frete gratis;1;item;0;;;;
MLB4502335391;107923-107829;7908940080850;Painel Tv 65 Pol 150cm Bancada Suspensa Ripado Luca Off White Matte E Freijó;2026-03-02;;active;;Premium;Por conta do comprador;141;item;0;;;;
MLB4502270821;107901-107817;7908940080966;Painel Tv 65 Pol 180cm Bancada Suspensa Ripado Manacá Freijó E Off White Matte;2026-03-02;;active;;Premium;Por conta do comprador;12;item;0;;;;
MLB4502275895;80639;7908748106127;Painel Para Tv Até 75 Polegadas Ripado Marisa Nature Fosco Nature;2026-03-02;;active;;Premium;Por conta do comprador;24;item;0;;;;
MLB4502190379;107399-107391;7908940080621;Cristaleira Com Led Adega 2 Portas 1 Gaveta Eduarda Off White E Freijó;2026-03-02;;active;;Premium;Por conta do comprador;27;item;0;;;;
MLB4502270819;107893-107809;7908940080898;Painel Tv 70 Pol 180cm Bancada Suspensa Ripado Luca Noce Milano/preto Fosco;2026-03-02;;active;;Premium;Por conta do comprador;78;item;0;;;;
MLB4502257767;107893-107805;7908940080881;Painel Tv 70 Pol 180cm Bancada Suspensa Ripado Luca Off White Matte E Freijó;2026-03-02;;active;;Premium;Por conta do comprador;132;item;0;;;;
MLB4637759893;119923-116971;7901017075278;Poltrona Namoradeira 2 Lugares Stella Base Industrial Pu Whisky Liso;2026-04-27;;active;;Premium;Frete gratis;1000;item;0;;;;
MLB4652396307;90011;7908748197361;Sofá Namoradeira Industrial Dourado Stella Linho Bege Bege Liso;2026-05-04;;active;;Premium;Frete gratis;1001;item;0;;;;
MLB6716116726;77495;7908670854325;Kit 4 Pés Palito 30cm Poltrona Retrô Natural 4 Chapinhas Natural;2026-05-05;;active;;Classico;Por conta do comprador;297;item;0;;;;
MLB6699737882;81219;7908748110193;Painel Tv 75 Polegadas Ripado C/ Rack Nature/white 224x198 Natural;2026-05-01;;active;;Premium;Por conta do comprador;114;item;0;;;;
MLB6666652708;100967-101033;7908847698387;Cadeira De Jantar D'rossi Stella Moderna Com Estrutura Industrial Preto E Assento Em Sintético Liso Cinza-escuro;2026-04-24;;active;;Premium;Frete gratis;1000;item;0;;;;
MLB4643204435;106239;7908940068766;Mesa De Centro Redonda Mdf Pés Metálicos Mia Cinamomo Drossi Cinamomo;2026-04-29;;active;;Premium;Por conta do comprador;4;item;0;;;;
MLB6713193636;65939;7908575929166;Namoradeira 02 Lugares Marisa Linho Areia A27 Base Dourado Bege Liso;2026-05-04;;active;;Premium;Frete gratis;1000;item;0;;;;
MLB4637770833;119923-116963;7901017075230;Poltrona Namoradeira 2 Lugares Stella Base Industrial Pu Branco Liso;2026-04-27;;active;;Premium;Frete gratis;1000;item;0;;;;
MLB4637770827;119923-116965;7901017075247;Poltrona Namoradeira 2 Lugares Stella Base Industrial Pu Nozes Liso;2026-04-27;;active;;Premium;Frete gratis;992;item;0;;;;
MLB4647604599;77857;7908670857746;Base Giratória De Madeira Ma30 Para Poltrona - D'rossi Castanho;2026-05-01;;active;;Premium;Frete gratis;997;item;0;;;;
MLB4654375425;77495;7908670854325;Kit 4 Pés Palito 30cm Poltrona Retrô Natural 4 Chapinhas Marrom-claro;2026-05-05;;active;;Classico;Por conta do comprador;297;item;0;;;;
MLB6203016350;58621;7908477261845;Puffinho Infantil Redondo Estampado Suede Pneu Carro Preto;2026-01-27;;active;;Classico;Frete gratis;58;item;0;;;;
MLB6699384198;77851;7908670854561;Tábua De Passar 119cm D'rossi Alice Com Balcao 2 Portas Castanho;2026-04-30;;active;;Premium;Frete gratis;4;item;0;;;;
MLB4652411899;71499;7908575974579;Sofá 2 Lugares Namoradeira Pé Palito Stella Nozes Linho Bege Liso;2026-05-04;;active;;Premium;Frete gratis;317;item;0;;;;
MLB4637759905;119923-116961;7901017075223;Poltrona Namoradeira 2 Lugares Stella Base Industrial Pu Bege Liso;2026-04-27;;active;;Premium;Frete gratis;1000;item;0;;;;
MLB4637759895;119923-116969;7901017075261;Poltrona Namoradeira 2 Lugares Stella Base Industrial Pu Verde Liso;2026-04-27;;active;;Premium;Por conta do comprador;1000;item;0;;;;
MLB4637759963;119923-116967;7901017075254;Poltrona Namoradeira 2 Lugares Stella Base Industrial Pu Preto Liso;2026-04-27;;active;;Premium;Frete gratis;1000;item;0;;;;
MLB3459330747;82989;7908748135578;Poltrona Stella Bouclê Bege Base Metálica Industrial Dourado Branco Liso;2023-09-27;;active;;Premium;Frete gratis;1004;item;0;;;;
MLB6713008002;75648;7908670824519;Kit 02 Poltronas Giratória Mari Linho Preto Base De Madeira Liso;2026-05-04;;active;;Classico;Por conta do comprador;500;item;0;;;;
MLB4643204439;106241;7908940068773;Mesa De Centro Com Tampo De Vidro Pés Metálicos Mia Cinamomo Cinamomo;2026-04-29;;active;;Premium;Por conta do comprador;5;item;0;;;;
MLB6538901572;124173;7901132133594;Buffet Aparador Orgânico 135cm Pés Metálicos Alison Offwhite Off White;2026-03-30;;active;;Premium;Por conta do comprador;1000;item;0;;;;
MLB4561969089;124143;7901132133464;Painel Tv 70  Sala Home Theater 200cm Maya Com Led Off White Off White;2026-03-26;;active;;Premium;Por conta do comprador;1;item;0;;;;
MLB6612341124;49106;7908439270144;Poltrona Decorativa Sala Stella Linho Grosso Bege Pés Palito Natural D'rossi;2026-04-13;;active;;Premium;Frete gratis;317;item;0;;;;
MLB4561952893;124141;7901132133440;Painel Tv 75  Sala Home Theater 215cm Rômulo Led Off White Off White;2026-03-26;;active;;Premium;Por conta do comprador;63;item;0;;;;
MLB6538859728;124157;7901132133402;Painel Tv 70  238cm Denver Com Rack E Módulo Lateral Led Off White;2026-03-30;;active;;Premium;Por conta do comprador;31;item;0;;;;
MLB4629023231;88703;7908847601271;Poltrona Base Industrial Dourado P/ Sala Lety Bouclê Bege Liso Dourado Bege;2026-04-23;;active;;Premium;Frete gratis;1000;item;0;;;;
MLB6545161784;;7908274484874;Kit Home Office: Mesa Computador Preto 90cm + Poltrona Giratória Couro Nozes Linho Bege;2026-03-31;;active;;Premium;Por conta do comprador;7;item;0;;;;
MLB4591674293;124869-123383;7901132137967;Sofá 3 Lugares Retrátil Reclinável 180cm Icaro Linho Bege Liso;2026-04-08;;active;;Premium;Por conta do comprador;1000;item;0;;;;
MLB6660300384;107923-107831;7908940080867;Painel Tv 65 Pol 150cm Bancada Suspensa Ripado Luca Noce Milano/preto Fosco;2026-04-23;;active;;Premium;Por conta do comprador;44;item;0;;;;
MLB6636149662;106257;7908940069091;Rack Para Sala Bancada De Tv 85 Pol 220cm Alissa Cinamomo Off White/cinamomo;2026-04-17;;active;;Premium;Por conta do comprador;998;item;0;;;;
MLB6538837690;124161;7901132133532;Painel Tv 75  Sala Rack Bancada 239cm Alvaro Led Off White Off White;2026-03-30;;active;;Premium;Por conta do comprador;6;item;0;;;;
MLB6636136596;106259;7908940069121;Rack Para Sala Bancada De Tv 85 Pol 220cm Alissa Off White/ Off White/castanho;2026-04-17;;active;;Premium;Por conta do comprador;998;item;0;;;;
MLB6538778100;124159;7901132133433;Painel Tv 70  297cm Denver Com Rack E 2 Módulos Laterais Led Off White;2026-03-30;;active;;Premium;Por conta do comprador;31;item;0;;;;
MLB6545214114;60333;7908477288750;Vaso Decorativo Bob Robert Deitado Poliresina Preto 13x14x10 Liso;2026-03-31;;active;;Classico;Por conta do comprador;5;item;0;;;;
MLB4629026143;66001;7908575929791;Cabeceira Painel Clean Para Cama Casal De 140cm Em Linho Bege;2026-04-23;;active;;Premium;Frete gratis;999;item;0;;;;
MLB6661245106;107399-107389;7908940080614;Cristaleira Com Led Adega 2 Portas 1 Gaveta Eduarda Preto Fosco E Noce Milano;2026-04-23;;active;;Premium;Por conta do comprador;8;item;0;;;;
MLB4571236047;124175;7901132133815;Mesa De Centro Orgânica 90cm Pés Metálicos Alison Off White Off White;2026-03-30;;active;;Premium;Por conta do comprador;1000;item;0;;;;
MLB4571112155;124155;7901132133396;Painel Tv 70  Sala 180cm Denver Com Rack Bancada Off White Off White;2026-03-30;;active;;Premium;Por conta do comprador;31;item;0;;;;
MLB4571192651;124177;7901132133822;Buffet Aparador E Mesa Centro Orgânico Pés Metálicos Alison Off White;2026-03-30;;active;;Premium;Por conta do comprador;1000;item;0;;;;
MLB6661244864;66001;7908575929791;Cabeceira Painel Clean Para Cama Casal De 140cm Em Linho Bege;2026-04-23;;active;;Classico;Frete gratis;999;item;0;;;;
MLB4658901241;107821-107763;7908940080591;Aparador Buffet 4 Portas Oliwia 160cm Sala Jantar Pé Preto Freijó;2026-05-07;;active;;Premium;Por conta do comprador;48;item;0;;;;
MLB2072863975;36695;7908439208925;Poltrona Giratória Stella Corano Nozes Com Linho Bege Branco Liso;2021-11-01;;active;;Premium;Frete gratis;1;item;0;;;;
MLB6252904996;77503;7908670854387;Kit 04 Pés Palito 35 Cm Natural Madeira Com Sapatas Natural;2026-02-13;;active;;Classico;Por conta do comprador;340;item;0;;;;
MLB4708865183;73715-63759;7908575984684;Cadeira De Jantar Liz Linho Base Fixa Madeira Preto A19 Bege;2026-05-25;;active;;Premium;Frete gratis;1008;item;0;;;;
MLB6777617378;80749;7908748107018;Pé Madeira Retrô Luiz Xv Kit 4 Tabaco 20cm P/ Poltrona D'rossi;2026-05-14;;active;;Classico;Por conta do comprador;302;item;0;;;;
MLB4711462207;38067;7908670853588;Capa Almofada D'rossi Suede Azul Zig Zag 42x42cm Moderna;2026-05-26;;active;;Premium;Por conta do comprador;1000;item;0;;;;
MLB4656327407;92211;7908748124718;Cadeira Sala Jantar Base Madeira Pto Sofia Sintético Bege Liso Preto Creme;2026-05-06;;active;;Classico;Frete gratis;1000;item;0;;;;
MLB4449367299;36695;7908439208925;Poltrona Sala Decorativa Orgânica Base Giratória Linho Bege Corano Nozes - D'rossi Stella Liso;2026-01-28;;active;;Premium;Frete gratis;1;item;0;;;;
MLB6738466048;71727;7908575975637;Kit 01 Namoradeira E 01 Poltrona Stella Linho Palha A32 Bege Liso;2026-05-08;;active;;Classico;Por conta do comprador;158;item;0;;;;
MLB6837153680;73849-63879;7908575989870;Cadeira De Jantar Liz Linho Base Fixa Madeira Castanho A19 Bege;2026-05-25;;active;;Premium;Frete gratis;1004;item;0;;;;
MLB4656467051;92211;7908748124718;Cadeira Sala Jantar Base Madeira Pto Sofia Sintético Bege Liso Preto Creme;2026-05-06;;active;;Premium;Frete gratis;1000;item;0;;;;
MLB6747572314;124141;7901132133440;Painel Tv 75 Sala Home Theater 215cm Rômulo Led Off White Off White;2026-05-11;;active;;Premium;Por conta do comprador;63;item;0;;;;
MLB6837217204;73715-63763;7908575984806;Cadeira De Jantar Liz Linho Base Fixa Madeira Preto A26 Grafite;2026-05-25;;active;;Premium;Frete gratis;16;item;0;;;;
MLB4705115153;69511;7908575961715;Kit 02 Poltronas Giratória Costela Linho Grafite A26;2026-05-23;;active;;Classico;Por conta do comprador;14;item;0;;;;
MLB4658887313;77849;7908670854554;Tábua De Passar Mesa Alice Com Balcao D'rossi Branco Lisa;2026-05-07;;active;;Premium;Por conta do comprador;12;item;0;;;;
MLB6253113774;77503;7908670854387;Kit 04 Pés Palito Natural 35 Cm - D'rossi Bege;2026-02-13;;active;;Classico;Por conta do comprador;340;item;0;;;;
MLB6815533168;57693;7908477246156;Cachepot Cinza Com Suporte Em Metal G 15x8 Cm - D'rossi;2026-05-21;;active;;Premium;Por conta do comprador;5;item;0;;;;
MLB4708813341;73849-63883;7908575989863;Cadeira De Jantar Liz Linho Base Fixa Madeira Castanho A26 Grafite;2026-05-25;;active;;Premium;Frete gratis;16;item;0;;;;
