{"version":8,"type":"context-options","origin":"library","browserName":"chromium","playwrightVersion":"1.63.0-alpha-2026-08-05","options":{"noDefaultViewport":true,"selectorEngines":[],"acceptDownloads":"accept"},"platform":"win32","wallTime":1786395148751,"monotonicTime":29573.383,"sdkLanguage":"javascript","testIdAttributeName":"data-testid","contextId":"browser-context@02e7137edb995c342b580da1129de5fb","channel":"chrome"}
{"type":"before","callId":"call@37","startTime":29586.667,"class":"Frame","method":"title","params":{},"pageId":"page@bcd39af0209cd43733a18028cd932dd2"}
{"type":"after","callId":"call@37","endTime":29589.133,"result":{"value":"Volt Core"}}
{"type":"before","callId":"call@39","startTime":29589.87,"class":"Page","method":"consoleMessages","params":{"filter":"since-navigation"},"pageId":"page@bcd39af0209cd43733a18028cd932dd2"}
{"type":"after","callId":"call@39","endTime":29590.001,"result":{"messages":[{"type":"error","text":"Failed to load resource: the server responded with a status of 401 ()","args":[],"location":{"url":"https://volt-staging.onrender.com/api/core/auth/me","lineNumber":0,"columnNumber":0},"timestamp":1786395122429.248}]}}
{"type":"before","callId":"call@41","startTime":29590.895,"class":"Page","method":"pageErrors","params":{"filter":"since-navigation"},"pageId":"page@bcd39af0209cd43733a18028cd932dd2"}
{"type":"after","callId":"call@41","endTime":29591.034,"result":{"errors":[]}}
{"type":"screencast-frame","pageId":"page@bcd39af0209cd43733a18028cd932dd2","sha1":"page@bcd39af0209cd43733a18028cd932dd2-1786395148774.jpeg","width":929,"height":917,"timestamp":29596.538,"frameSwapWallTime":1786395148769.798}
{"type":"before","callId":"call@44","startTime":40490.381,"class":"Frame","method":"fill","params":{"selector":"aria-ref=e48","strict":true,"value":"admin@voltcore.com.br","timeout":5000},"pageId":"page@bcd39af0209cd43733a18028cd932dd2","beforeSnapshot":"before@call@44"}
{"type":"frame-snapshot","snapshot":{"callId":"call@44","snapshotName":"before@call@44","pageId":"page@bcd39af0209cd43733a18028cd932dd2","frameId":"frame@40b891a766907a2ceb8521f707111a55","frameUrl":"https://volt-staging.onrender.com/core/app","doctype":"html","html":["HTML",{"lang":"pt-BR"},["HEAD",{},["BASE",{"href":"https://volt-staging.onrender.com/core/app"}],"\n    ",["META",{"charset":"utf-8"}],"\n    ",["META",{"name":"viewport","content":"width=device-width, initial-scale=1.0"}],"\n    ",["LINK",{"rel":"icon","type":"image/png","href":"/brand/volt-core-favicon.png"}],"\n    ",["LINK",{"rel":"alternate icon","href":"/favicon.ico"}],"\n    ",["LINK",{"rel":"apple-touch-icon","href":"/brand/volt-core-favicon.png"}],"\n    ",["TITLE",{},"Volt Core"],"\n    ","\n    ",["LINK",{"rel":"stylesheet","crossorigin":"","href":"/assets/index-CNFP1V7U.css"}],"\n  "],"\n  ",["BODY",{},"\n    ",["DIV",{"id":"root"},["DIV",{"class":"login-page min-h-screen"},["SECTION",{"class":"login-hero"},["SPAN",{"class":"brand-lockup"},["IMG",{"__playwright_current_src__":"https://volt-staging.onrender.com/brand/volt-core-logo-transparent-v2.png","class":"brand-logo","alt":"Volt Core","src":"/brand/volt-core-logo-transparent-v2.png"}],["SPAN",{"class":"brand-wordmark"},"VOLT",["SPAN",{},"CORE"]]],["DIV",{"class":"login-copy"},["SPAN",{"class":"badge badge--hero"},["svg",{"xmlns":"http://www.w3.org/2000/svg","width":"14","height":"14","viewBox":"0 0 24 24","fill":"none","stroke":"currentColor","stroke-width":"2","stroke-linecap":"round","stroke-linejoin":"round","class":"lucide lucide-shield-check","aria-hidden":"true"},["path",{"d":"M20 13c0 5-3.5 7.5-7.66 8.95a1 1 0 0 1-.67-.01C7.5 20.5 4 18 4 13V6a1 1 0 0 1 1-1c2 0 4.5-1.2 6.24-2.72a1.17 1.17 0 0 1 1.52 0C14.51 3.81 17 5 19 5a1 1 0 0 1 1 1z"}],["path",{"d":"m9 12 2 2 4-4"}]],"Ambiente de gestao"],["H1",{},"Controle vendas, estoque, caixa e clientes em um fluxo direto."],["P",{},"O Volt Core organiza a rotina operacional de pequenas e medias empresas, mantendo a mesma identidade visual dos produtos Volt."]],["DIV",{"class":"login-footnotes"},["SPAN",{},"Vendas e PDV"],["SPAN",{},"Estoque rastreavel"],["SPAN",{},"Recebiveis e caixa"]]],["SECTION",{"class":"login-panel-wrap min-h-screen"},["DIV",{"class":"panel login-panel"},["DIV",{"class":"login-panel__icon"},["svg",{"xmlns":"http://www.w3.org/2000/svg","width":"25","height":"25","viewBox":"0 0 24 24","fill":"none","stroke":"currentColor","stroke-width":"2","stroke-linecap":"round","stroke-linejoin":"round","class":"lucide lucide-briefcase-business","aria-hidden":"true"},["path",{"d":"M12 12h.01"}],["path",{"d":"M16 6V4a2 2 0 0 0-2-2h-4a2 2 0 0 0-2 2v2"}],["path",{"d":"M22 13a18.15 18.15 0 0 1-20 0"}],["rect",{"width":"20","height":"14","x":"2","y":"6","rx":"2"}]]],["H2",{},"Entrar"],["P",{},"Use suas credenciais para acessar o ambiente da empresa."],["FORM",{"class":"login-form"},["DIV",{"class":"field-label"},["LABEL",{"for":"login-username"},"Usuario"],["SPAN",{"class":"login-field"},["svg",{"xmlns":"http://www.w3.org/2000/svg","width":"18","height":"18","viewBox":"0 0 24 24","fill":"none","stroke":"currentColor","stroke-width":"2","stroke-linecap":"round","stroke-linejoin":"round","class":"lucide lucide-user-round login-field__icon","aria-hidden":"true"},["circle",{"cx":"12","cy":"8","r":"5"}],["path",{"d":"M20 21a8 8 0 0 0-16 0"}]],["INPUT",{"__playwright_value_":"","id":"login-username","class":"input login-field__input","autocomplete":"username","value":""}]]],["DIV",{"class":"field-label"},["LABEL",{"for":"login-password"},"Senha"],["SPAN",{"class":"login-field"},["svg",{"xmlns":"http://www.w3.org/2000/svg","width":"18","height":"18","viewBox":"0 0 24 24","fill":"none","stroke":"currentColor","stroke-width":"2","stroke-linecap":"round","stroke-linejoin":"round","class":"lucide lucide-lock login-field__icon","aria-hidden":"true"},["rect",{"width":"18","height":"11","x":"3","y":"11","rx":"2","ry":"2"}],["path",{"d":"M7 11V7a5 5 0 0 1 10 0v4"}]],["INPUT",{"__playwright_value_":"","id":"login-password","class":"input login-field__input login-field__input--password","autocomplete":"current-password","type":"password","value":""}],["BUTTON",{"class":"login-field__visibility","type":"button","aria-label":"Exibir senha","title":"Exibir senha","aria-pressed":"false"},["svg",{"xmlns":"http://www.w3.org/2000/svg","width":"18","height":"18","viewBox":"0 0 24 24","fill":"none","stroke":"currentColor","stroke-width":"2","stroke-linecap":"round","stroke-linejoin":"round","class":"lucide lucide-eye","aria-hidden":"true"},["path",{"d":"M2.062 12.348a1 1 0 0 1 0-.696 10.75 10.75 0 0 1 19.876 0 1 1 0 0 1 0 .696 10.75 10.75 0 0 1-19.876 0"}],["circle",{"cx":"12","cy":"12","r":"3"}]]]]],["BUTTON",{"class":"button-primary button-full","type":"submit"},["svg",{"xmlns":"http://www.w3.org/2000/svg","width":"18","height":"18","viewBox":"0 0 24 24","fill":"none","stroke":"currentColor","stroke-width":"2","stroke-linecap":"round","stroke-linejoin":"round","class":"lucide lucide-arrow-right","aria-hidden":"true"},["path",{"d":"M5 12h14"}],["path",{"d":"m12 5 7 7-7 7"}]],"Entrar no Volt Core"]]]]]],"\n  \n\n"]],"viewport":{"width":929,"height":917},"timestamp":40494.194,"wallTime":1786395159672,"collectionTime":1.399999976158142,"resourceOverrides":[],"isMainFrame":true}}
{"type":"log","callId":"call@44","time":40495.825,"message":"waiting for locator('aria-ref=e48')"}
{"type":"log","callId":"call@44","time":40497.94,"message":"  locator resolved to <input value=\"\" id=\"login-username\" autocomplete=\"username\" class=\"input login-field__input\"/>"}
{"type":"log","callId":"call@44","time":40498.813,"message":"  fill(\"admin@voltcore.com.br\")"}
{"type":"log","callId":"call@44","time":40498.836,"message":"attempting fill action"}
{"type":"input","callId":"call@44","inputSnapshot":"input@call@44"}
{"type":"frame-snapshot","snapshot":{"callId":"call@44","snapshotName":"input@call@44","pageId":"page@bcd39af0209cd43733a18028cd932dd2","frameId":"frame@40b891a766907a2ceb8521f707111a55","frameUrl":"https://volt-staging.onrender.com/core/app","doctype":"html","html":["HTML",{"lang":"pt-BR"},[[1,18]],[[1,19]],["BODY",{},[[1,20]],["DIV",{"id":"root"},["DIV",{"class":"login-page min-h-screen"},[[1,44]],["SECTION",{"class":"login-panel-wrap min-h-screen"},["DIV",{"class":"panel login-panel"},[[1,50]],[[1,52]],[[1,54]],["FORM",{"class":"login-form"},["DIV",{"class":"field-label"},[[1,56]],["SPAN",{"class":"login-field"},[[1,59]],["INPUT",{"__playwright_value_":"","__playwright_target__":"","id":"login-username","class":"input login-field__input","autocomplete":"username","value":""}]]],[[1,74]],[[1,79]]]]]]],[[1,85]]]],"viewport":{"width":929,"height":917},"timestamp":40500.199,"wallTime":1786395159678,"collectionTime":0.3999999761581421,"resourceOverrides":[],"isMainFrame":true}}
{"type":"log","callId":"call@44","time":40500.366,"message":"  waiting for element to be visible, enabled and editable"}
{"type":"after","callId":"call@44","endTime":40506.754,"afterSnapshot":"after@call@44"}
{"type":"frame-snapshot","snapshot":{"callId":"call@44","snapshotName":"after@call@44","pageId":"page@bcd39af0209cd43733a18028cd932dd2","frameId":"frame@40b891a766907a2ceb8521f707111a55","frameUrl":"https://volt-staging.onrender.com/core/app","doctype":"html","html":["HTML",{"lang":"pt-BR"},[[2,18]],[[2,19]],["BODY",{},[[2,20]],["DIV",{"id":"root"},["DIV",{"class":"login-page min-h-screen"},[[2,44]],["SECTION",{"class":"login-panel-wrap min-h-screen"},["DIV",{"class":"panel login-panel"},[[2,50]],[[2,52]],[[2,54]],["FORM",{"class":"login-form"},["DIV",{"class":"field-label"},[[2,56]],["SPAN",{"class":"login-field"},[[2,59]],["INPUT",{"__playwright_value_":"admin@voltcore.com.br","__playwright_target__":"","id":"login-username","class":"input login-field__input","autocomplete":"username","value":"admin@voltcore.com.br"}]]],[[2,74]],[[2,79]]]]]]],[[2,85]]]],"viewport":{"width":929,"height":917},"timestamp":40514.044,"wallTime":1786395159690,"collectionTime":0.5,"resourceOverrides":[],"isMainFrame":true}}
{"type":"before","callId":"call@46","startTime":40515.763,"class":"Frame","method":"title","params":{},"pageId":"page@bcd39af0209cd43733a18028cd932dd2"}
{"type":"after","callId":"call@46","endTime":40516.876,"result":{"value":"Volt Core"}}
{"type":"before","callId":"call@48","startTime":40517.222,"class":"Page","method":"consoleMessages","params":{"filter":"since-navigation"},"pageId":"page@bcd39af0209cd43733a18028cd932dd2"}
{"type":"after","callId":"call@48","endTime":40517.298,"result":{"messages":[{"type":"error","text":"Failed to load resource: the server responded with a status of 401 ()","args":[],"location":{"url":"https://volt-staging.onrender.com/api/core/auth/me","lineNumber":0,"columnNumber":0},"timestamp":1786395122429.248}]}}
{"type":"before","callId":"call@50","startTime":40517.598,"class":"Page","method":"pageErrors","params":{"filter":"since-navigation"},"pageId":"page@bcd39af0209cd43733a18028cd932dd2"}
{"type":"after","callId":"call@50","endTime":40517.653,"result":{"errors":[]}}
{"type":"screencast-frame","pageId":"page@bcd39af0209cd43733a18028cd932dd2","sha1":"page@bcd39af0209cd43733a18028cd932dd2-1786395159715.jpeg","width":929,"height":917,"timestamp":40537.901,"frameSwapWallTime":1786395159712.316}
{"type":"screencast-frame","pageId":"page@bcd39af0209cd43733a18028cd932dd2","sha1":"page@bcd39af0209cd43733a18028cd932dd2-1786395159721.jpeg","width":929,"height":917,"timestamp":40543.921,"frameSwapWallTime":1786395159716.176}
{"type":"screencast-frame","pageId":"page@bcd39af0209cd43733a18028cd932dd2","sha1":"page@bcd39af0209cd43733a18028cd932dd2-1786395159723.jpeg","width":929,"height":917,"timestamp":40545.688,"frameSwapWallTime":1786395159719.732}
{"type":"screencast-frame","pageId":"page@bcd39af0209cd43733a18028cd932dd2","sha1":"page@bcd39af0209cd43733a18028cd932dd2-1786395159739.jpeg","width":929,"height":917,"timestamp":40561.563,"frameSwapWallTime":1786395159736.299}
{"type":"screencast-frame","pageId":"page@bcd39af0209cd43733a18028cd932dd2","sha1":"page@bcd39af0209cd43733a18028cd932dd2-1786395159756.jpeg","width":929,"height":917,"timestamp":40578.181,"frameSwapWallTime":1786395159753.0688}
{"type":"screencast-frame","pageId":"page@bcd39af0209cd43733a18028cd932dd2","sha1":"page@bcd39af0209cd43733a18028cd932dd2-1786395159772.jpeg","width":929,"height":917,"timestamp":40594.129,"frameSwapWallTime":1786395159768.139}
{"type":"screencast-frame","pageId":"page@bcd39af0209cd43733a18028cd932dd2","sha1":"page@bcd39af0209cd43733a18028cd932dd2-1786395159785.jpeg","width":929,"height":917,"timestamp":40608.027,"frameSwapWallTime":1786395159783.604}
{"type":"screencast-frame","pageId":"page@bcd39af0209cd43733a18028cd932dd2","sha1":"page@bcd39af0209cd43733a18028cd932dd2-1786395159801.jpeg","width":929,"height":917,"timestamp":40623.586,"frameSwapWallTime":1786395159798.918}
{"type":"screencast-frame","pageId":"page@bcd39af0209cd43733a18028cd932dd2","sha1":"page@bcd39af0209cd43733a18028cd932dd2-1786395159816.jpeg","width":929,"height":917,"timestamp":40638.387,"frameSwapWallTime":1786395159814.193}
{"type":"screencast-frame","pageId":"page@bcd39af0209cd43733a18028cd932dd2","sha1":"page@bcd39af0209cd43733a18028cd932dd2-1786395159832.jpeg","width":929,"height":917,"timestamp":40654.25,"frameSwapWallTime":1786395159829.9502}
{"type":"screencast-frame","pageId":"page@bcd39af0209cd43733a18028cd932dd2","sha1":"page@bcd39af0209cd43733a18028cd932dd2-1786395159848.jpeg","width":929,"height":917,"timestamp":40670.245,"frameSwapWallTime":1786395159845.8372}
{"type":"screencast-frame","pageId":"page@bcd39af0209cd43733a18028cd932dd2","sha1":"page@bcd39af0209cd43733a18028cd932dd2-1786395159863.jpeg","width":929,"height":917,"timestamp":40685.669,"frameSwapWallTime":1786395159861.041}
{"type":"screencast-frame","pageId":"page@bcd39af0209cd43733a18028cd932dd2","sha1":"page@bcd39af0209cd43733a18028cd932dd2-1786395160240.jpeg","width":929,"height":917,"timestamp":41062.171,"frameSwapWallTime":1786395160236.417}
{"type":"screencast-frame","pageId":"page@bcd39af0209cd43733a18028cd932dd2","sha1":"page@bcd39af0209cd43733a18028cd932dd2-1786395160773.jpeg","width":929,"height":917,"timestamp":41595.658,"frameSwapWallTime":1786395160770.398}
{"type":"screencast-frame","pageId":"page@bcd39af0209cd43733a18028cd932dd2","sha1":"page@bcd39af0209cd43733a18028cd932dd2-1786395161291.jpeg","width":929,"height":917,"timestamp":42114.019,"frameSwapWallTime":1786395161287.999}
{"type":"screencast-frame","pageId":"page@bcd39af0209cd43733a18028cd932dd2","sha1":"page@bcd39af0209cd43733a18028cd932dd2-1786395161825.jpeg","width":929,"height":917,"timestamp":42647.634,"frameSwapWallTime":1786395161821.688}
{"type":"screencast-frame","pageId":"page@bcd39af0209cd43733a18028cd932dd2","sha1":"page@bcd39af0209cd43733a18028cd932dd2-1786395162344.jpeg","width":929,"height":917,"timestamp":43166.755,"frameSwapWallTime":1786395162342.577}
{"type":"before","callId":"call@53","startTime":43249.091,"class":"Frame","method":"fill","params":{"selector":"aria-ref=e52","strict":true,"value":"AppMasterCore@123","timeout":5000},"pageId":"page@bcd39af0209cd43733a18028cd932dd2","beforeSnapshot":"before@call@53"}
{"type":"frame-snapshot","snapshot":{"callId":"call@53","snapshotName":"before@call@53","pageId":"page@bcd39af0209cd43733a18028cd932dd2","frameId":"frame@40b891a766907a2ceb8521f707111a55","frameUrl":"https://volt-staging.onrender.com/core/app","doctype":"html","html":["HTML",{"lang":"pt-BR"},[[3,18]],[[3,19]],["BODY",{},[[3,20]],["DIV",{"id":"root"},["DIV",{"class":"login-page min-h-screen"},[[3,44]],["SECTION",{"class":"login-panel-wrap min-h-screen"},["DIV",{"class":"panel login-panel"},[[3,50]],[[3,52]],[[3,54]],["FORM",{"class":"login-form"},["DIV",{"class":"field-label"},[[3,56]],["SPAN",{"class":"login-field"},[[3,59]],["INPUT",{"__playwright_value_":"admin@voltcore.com.br","id":"login-username","class":"input login-field__input","autocomplete":"username","value":"admin@voltcore.com.br"}]]],[[3,74]],[[3,79]]]]]]],[[3,85]]]],"viewport":{"width":929,"height":917},"timestamp":43250.606,"wallTime":1786395162429,"collectionTime":0.6000000238418579,"resourceOverrides":[],"isMainFrame":true}}
{"type":"log","callId":"call@53","time":43250.932,"message":"waiting for locator('aria-ref=e52')"}
{"type":"log","callId":"call@53","time":43253.994,"message":"  locator resolved to <input value=\"\" type=\"password\" id=\"login-password\" autocomplete=\"current-password\" class=\"input login-field__input login-field__input--password\"/>"}
{"type":"log","callId":"call@53","time":43254.896,"message":"  fill(\"AppMasterCore@123\")"}
{"type":"log","callId":"call@53","time":43254.915,"message":"attempting fill action"}
{"type":"input","callId":"call@53","inputSnapshot":"input@call@53"}
{"type":"frame-snapshot","snapshot":{"callId":"call@53","snapshotName":"input@call@53","pageId":"page@bcd39af0209cd43733a18028cd932dd2","frameId":"frame@40b891a766907a2ceb8521f707111a55","frameUrl":"https://volt-staging.onrender.com/core/app","doctype":"html","html":["HTML",{"lang":"pt-BR"},[[4,18]],[[4,19]],["BODY",{},[[4,20]],["DIV",{"id":"root"},["DIV",{"class":"login-page min-h-screen"},[[4,44]],["SECTION",{"class":"login-panel-wrap min-h-screen"},["DIV",{"class":"panel login-panel"},[[4,50]],[[4,52]],[[4,54]],["FORM",{"class":"login-form"},[[1,2]],["DIV",{"class":"field-label"},[[4,64]],["SPAN",{"class":"login-field"},[[4,67]],["INPUT",{"__playwright_value_":"","__playwright_target__":"","id":"login-password","class":"input login-field__input login-field__input--password","autocomplete":"current-password","type":"password","value":""}],[[4,72]]]],[[4,79]]]]]]],[[4,85]]]],"viewport":{"width":929,"height":917},"timestamp":43255.986,"wallTime":1786395162434,"collectionTime":0.30000001192092896,"resourceOverrides":[],"isMainFrame":true}}
{"type":"log","callId":"call@53","time":43256.095,"message":"  waiting for element to be visible, enabled and editable"}
{"type":"after","callId":"call@53","endTime":43263.103,"afterSnapshot":"after@call@53"}
{"type":"frame-snapshot","snapshot":{"callId":"call@53","snapshotName":"after@call@53","pageId":"page@bcd39af0209cd43733a18028cd932dd2","frameId":"frame@40b891a766907a2ceb8521f707111a55","frameUrl":"https://volt-staging.onrender.com/core/app","doctype":"html","html":["HTML",{"lang":"pt-BR"},[[5,18]],[[5,19]],["BODY",{},[[5,20]],["DIV",{"id":"root"},["DIV",{"class":"login-page min-h-screen"},[[5,44]],["SECTION",{"class":"login-panel-wrap min-h-screen"},["DIV",{"class":"panel login-panel"},[[5,50]],[[5,52]],[[5,54]],["FORM",{"class":"login-form"},[[2,2]],["DIV",{"class":"field-label"},[[5,64]],["SPAN",{"class":"login-field"},[[5,67]],["INPUT",{"__playwright_value_":"AppMasterCore@123","__playwright_target__":"","id":"login-password","class":"input login-field__input login-field__input--password","autocomplete":"current-password","type":"password","value":"AppMasterCore@123"}],[[5,72]]]],[[5,79]]]]]]],[[5,85]]]],"viewport":{"width":929,"height":917},"timestamp":43265.664,"wallTime":1786395162443,"collectionTime":0.800000011920929,"resourceOverrides":[],"isMainFrame":true}}
{"type":"before","callId":"call@55","startTime":43266.785,"class":"Frame","method":"title","params":{},"pageId":"page@bcd39af0209cd43733a18028cd932dd2"}
{"type":"after","callId":"call@55","endTime":43268.273,"result":{"value":"Volt Core"}}
{"type":"before","callId":"call@57","startTime":43269.488,"class":"Page","method":"consoleMessages","params":{"filter":"since-navigation"},"pageId":"page@bcd39af0209cd43733a18028cd932dd2"}
{"type":"after","callId":"call@57","endTime":43269.642,"result":{"messages":[{"type":"error","text":"Failed to load resource: the server responded with a status of 401 ()","args":[],"location":{"url":"https://volt-staging.onrender.com/api/core/auth/me","lineNumber":0,"columnNumber":0},"timestamp":1786395122429.248}]}}
{"type":"before","callId":"call@59","startTime":43270.227,"class":"Page","method":"pageErrors","params":{"filter":"since-navigation"},"pageId":"page@bcd39af0209cd43733a18028cd932dd2"}
{"type":"after","callId":"call@59","endTime":43270.319,"result":{"errors":[]}}
{"type":"screencast-frame","pageId":"page@bcd39af0209cd43733a18028cd932dd2","sha1":"page@bcd39af0209cd43733a18028cd932dd2-1786395162462.jpeg","width":929,"height":917,"timestamp":43284.066,"frameSwapWallTime":1786395162457.2239}
{"type":"screencast-frame","pageId":"page@bcd39af0209cd43733a18028cd932dd2","sha1":"page@bcd39af0209cd43733a18028cd932dd2-1786395162467.jpeg","width":929,"height":917,"timestamp":43289.304,"frameSwapWallTime":1786395162462.459}
{"type":"screencast-frame","pageId":"page@bcd39af0209cd43733a18028cd932dd2","sha1":"page@bcd39af0209cd43733a18028cd932dd2-1786395162478.jpeg","width":929,"height":917,"timestamp":43300.574,"frameSwapWallTime":1786395162472.815}
{"type":"screencast-frame","pageId":"page@bcd39af0209cd43733a18028cd932dd2","sha1":"page@bcd39af0209cd43733a18028cd932dd2-1786395162493.jpeg","width":929,"height":917,"timestamp":43315.315,"frameSwapWallTime":1786395162489.123}
{"type":"screencast-frame","pageId":"page@bcd39af0209cd43733a18028cd932dd2","sha1":"page@bcd39af0209cd43733a18028cd932dd2-1786395162499.jpeg","width":929,"height":917,"timestamp":43321.694,"frameSwapWallTime":1786395162495.9978}
{"type":"screencast-frame","pageId":"page@bcd39af0209cd43733a18028cd932dd2","sha1":"page@bcd39af0209cd43733a18028cd932dd2-1786395162526.jpeg","width":929,"height":917,"timestamp":43348.045,"frameSwapWallTime":1786395162522.302}
{"type":"screencast-frame","pageId":"page@bcd39af0209cd43733a18028cd932dd2","sha1":"page@bcd39af0209cd43733a18028cd932dd2-1786395162543.jpeg","width":929,"height":917,"timestamp":43365.32,"frameSwapWallTime":1786395162538.981}
{"type":"screencast-frame","pageId":"page@bcd39af0209cd43733a18028cd932dd2","sha1":"page@bcd39af0209cd43733a18028cd932dd2-1786395162559.jpeg","width":929,"height":917,"timestamp":43381.17,"frameSwapWallTime":1786395162555.696}
{"type":"screencast-frame","pageId":"page@bcd39af0209cd43733a18028cd932dd2","sha1":"page@bcd39af0209cd43733a18028cd932dd2-1786395162576.jpeg","width":929,"height":917,"timestamp":43398.289,"frameSwapWallTime":1786395162572.3728}
{"type":"screencast-frame","pageId":"page@bcd39af0209cd43733a18028cd932dd2","sha1":"page@bcd39af0209cd43733a18028cd932dd2-1786395162592.jpeg","width":929,"height":917,"timestamp":43414.41,"frameSwapWallTime":1786395162589.073}
{"type":"screencast-frame","pageId":"page@bcd39af0209cd43733a18028cd932dd2","sha1":"page@bcd39af0209cd43733a18028cd932dd2-1786395162608.jpeg","width":929,"height":917,"timestamp":43430.609,"frameSwapWallTime":1786395162604.9048}
{"type":"screencast-frame","pageId":"page@bcd39af0209cd43733a18028cd932dd2","sha1":"page@bcd39af0209cd43733a18028cd932dd2-1786395162992.jpeg","width":929,"height":917,"timestamp":43814.91,"frameSwapWallTime":1786395162989.575}
{"type":"screencast-frame","pageId":"page@bcd39af0209cd43733a18028cd932dd2","sha1":"page@bcd39af0209cd43733a18028cd932dd2-1786395163526.jpeg","width":929,"height":917,"timestamp":44348.737,"frameSwapWallTime":1786395163523.252}
{"type":"screencast-frame","pageId":"page@bcd39af0209cd43733a18028cd932dd2","sha1":"page@bcd39af0209cd43733a18028cd932dd2-1786395164043.jpeg","width":929,"height":917,"timestamp":44866.023,"frameSwapWallTime":1786395164040.445}
{"type":"screencast-frame","pageId":"page@bcd39af0209cd43733a18028cd932dd2","sha1":"page@bcd39af0209cd43733a18028cd932dd2-1786395164577.jpeg","width":929,"height":917,"timestamp":45399.286,"frameSwapWallTime":1786395164574.389}
{"type":"screencast-frame","pageId":"page@bcd39af0209cd43733a18028cd932dd2","sha1":"page@bcd39af0209cd43733a18028cd932dd2-1786395165111.jpeg","width":929,"height":917,"timestamp":45933.614,"frameSwapWallTime":1786395165108.1199}
{"type":"before","callId":"call@62","startTime":46267.951,"class":"Frame","method":"click","params":{"selector":"aria-ref=e57","strict":true,"timeout":5000},"pageId":"page@bcd39af0209cd43733a18028cd932dd2","beforeSnapshot":"before@call@62"}
{"type":"frame-snapshot","snapshot":{"callId":"call@62","snapshotName":"before@call@62","pageId":"page@bcd39af0209cd43733a18028cd932dd2","frameId":"frame@40b891a766907a2ceb8521f707111a55","frameUrl":"https://volt-staging.onrender.com/core/app","doctype":"html","html":["HTML",{"lang":"pt-BR"},[[6,18]],[[6,19]],["BODY",{},[[6,20]],["DIV",{"id":"root"},["DIV",{"class":"login-page min-h-screen"},[[6,44]],["SECTION",{"class":"login-panel-wrap min-h-screen"},["DIV",{"class":"panel login-panel"},[[6,50]],[[6,52]],[[6,54]],["FORM",{"class":"login-form"},[[3,2]],["DIV",{"class":"field-label"},[[6,64]],["SPAN",{"class":"login-field"},[[6,67]],["INPUT",{"__playwright_value_":"AppMasterCore@123","id":"login-password","class":"input login-field__input login-field__input--password","autocomplete":"current-password","type":"password","value":"AppMasterCore@123"}],[[6,72]]]],[[6,79]]]]]]],[[6,85]]]],"viewport":{"width":929,"height":917},"timestamp":46269.524,"wallTime":1786395165447,"collectionTime":0.30000001192092896,"resourceOverrides":[],"isMainFrame":true}}
{"type":"log","callId":"call@62","time":46269.854,"message":"waiting for locator('aria-ref=e57')"}
{"type":"log","callId":"call@62","time":46272.142,"message":"  locator resolved to <button type=\"submit\" class=\"button-primary button-full\">…</button>"}
{"type":"log","callId":"call@62","time":46273.068,"message":"attempting click action"}
{"type":"log","callId":"call@62","time":46273.384,"message":"  waiting for element to be visible, enabled and stable"}
{"type":"log","callId":"call@62","time":46279.949,"message":"  element is visible, enabled and stable"}
{"type":"log","callId":"call@62","time":46280.074,"message":"  scrolling into view if needed"}
{"type":"log","callId":"call@62","time":46280.975,"message":"  done scrolling"}
{"type":"input","callId":"call@62","point":{"x":708.35,"y":638.5},"inputSnapshot":"input@call@62"}
{"type":"frame-snapshot","snapshot":{"callId":"call@62","snapshotName":"input@call@62","pageId":"page@bcd39af0209cd43733a18028cd932dd2","frameId":"frame@40b891a766907a2ceb8521f707111a55","frameUrl":"https://volt-staging.onrender.com/core/app","doctype":"html","html":["HTML",{"lang":"pt-BR"},[[7,18]],[[7,19]],["BODY",{},[[7,20]],["DIV",{"id":"root"},["DIV",{"class":"login-page min-h-screen"},[[7,44]],["SECTION",{"class":"login-panel-wrap min-h-screen"},["DIV",{"class":"panel login-panel"},[[7,50]],[[7,52]],[[7,54]],["FORM",{"class":"login-form"},[[4,2]],[[1,2]],["BUTTON",{"__playwright_target__":"","class":"button-primary button-full","type":"submit"},[[7,77]],[[7,78]]]]]]]],[[7,85]]]],"viewport":{"width":929,"height":917},"timestamp":46283.096,"wallTime":1786395165461,"collectionTime":0.30000001192092896,"resourceOverrides":[],"isMainFrame":true}}
{"type":"log","callId":"call@62","time":46285.541,"message":"  performing click action"}
{"type":"log","callId":"call@62","time":46294.109,"message":"  click action done"}
{"type":"log","callId":"call@62","time":46294.132,"message":"  waiting for scheduled navigations to finish"}
{"type":"log","callId":"call@62","time":46294.857,"message":"  navigations have finished"}
{"type":"after","callId":"call@62","endTime":46294.966,"afterSnapshot":"after@call@62"}
{"type":"frame-snapshot","snapshot":{"callId":"call@62","snapshotName":"after@call@62","pageId":"page@bcd39af0209cd43733a18028cd932dd2","frameId":"frame@40b891a766907a2ceb8521f707111a55","frameUrl":"https://volt-staging.onrender.com/core/app","doctype":"html","html":["HTML",{"lang":"pt-BR"},[[8,18]],[[8,19]],["BODY",{},[[8,20]],["DIV",{"id":"root"},["DIV",{"class":"login-page min-h-screen"},[[8,44]],["SECTION",{"class":"login-panel-wrap min-h-screen"},["DIV",{"class":"panel login-panel"},[[8,50]],[[8,52]],[[8,54]],["FORM",{"class":"login-form"},[[5,2]],[[2,2]],["BUTTON",{"__playwright_target__":"","class":"button-primary button-full","type":"submit","disabled":""},["SPAN",{"class":"spinner"}],"Entrando..."]]]]]],[[8,85]]]],"viewport":{"width":929,"height":917},"timestamp":46297.91,"wallTime":1786395165476,"collectionTime":0.699999988079071,"resourceOverrides":[],"isMainFrame":true}}
{"type":"before","callId":"call@64","startTime":46299.367,"class":"Frame","method":"evaluateExpression","params":{"expression":"(ms) => new Promise((f) => setTimeout(f, ms))","isFunction":true,"arg":{"value":{"n":500},"handles":[]}},"pageId":"page@bcd39af0209cd43733a18028cd932dd2","beforeSnapshot":"before@call@64"}
{"type":"frame-snapshot","snapshot":{"callId":"call@64","snapshotName":"before@call@64","pageId":"page@bcd39af0209cd43733a18028cd932dd2","frameId":"frame@40b891a766907a2ceb8521f707111a55","frameUrl":"https://volt-staging.onrender.com/core/app","doctype":"html","html":["HTML",{"lang":"pt-BR"},[[9,18]],[[9,19]],["BODY",{},[[9,20]],["DIV",{"id":"root"},["DIV",{"class":"login-page min-h-screen"},[[9,44]],["SECTION",{"class":"login-panel-wrap min-h-screen"},["DIV",{"class":"panel login-panel"},[[9,50]],[[9,52]],[[9,54]],["FORM",{"class":"login-form"},[[6,2]],[[3,2]],["BUTTON",{"class":"button-primary button-full","type":"submit","disabled":""},[[1,0]],[[1,1]]]]]]]],[[9,85]]]],"viewport":{"width":929,"height":917},"timestamp":46300.672,"wallTime":1786395165479,"collectionTime":0.5,"resourceOverrides":[],"isMainFrame":true}}
{"type":"screencast-frame","pageId":"page@bcd39af0209cd43733a18028cd932dd2","sha1":"page@bcd39af0209cd43733a18028cd932dd2-1786395165531.jpeg","width":929,"height":917,"timestamp":46353.921,"frameSwapWallTime":1786395165527.7678}
{"type":"screencast-frame","pageId":"page@bcd39af0209cd43733a18028cd932dd2","sha1":"page@bcd39af0209cd43733a18028cd932dd2-1786395165535.jpeg","width":929,"height":917,"timestamp":46357.761,"frameSwapWallTime":1786395165532.431}
{"type":"screencast-frame","pageId":"page@bcd39af0209cd43733a18028cd932dd2","sha1":"page@bcd39af0209cd43733a18028cd932dd2-1786395165545.jpeg","width":929,"height":917,"timestamp":46367.579,"frameSwapWallTime":1786395165542.288}
{"type":"screencast-frame","pageId":"page@bcd39af0209cd43733a18028cd932dd2","sha1":"page@bcd39af0209cd43733a18028cd932dd2-1786395165549.jpeg","width":929,"height":917,"timestamp":46371.735,"frameSwapWallTime":1786395165547.086}
{"type":"screencast-frame","pageId":"page@bcd39af0209cd43733a18028cd932dd2","sha1":"page@bcd39af0209cd43733a18028cd932dd2-1786395165579.jpeg","width":929,"height":917,"timestamp":46401.156,"frameSwapWallTime":1786395165575.334}
{"type":"screencast-frame","pageId":"page@bcd39af0209cd43733a18028cd932dd2","sha1":"page@bcd39af0209cd43733a18028cd932dd2-1786395165595.jpeg","width":929,"height":917,"timestamp":46417.533,"frameSwapWallTime":1786395165592.081}
{"type":"screencast-frame","pageId":"page@bcd39af0209cd43733a18028cd932dd2","sha1":"page@bcd39af0209cd43733a18028cd932dd2-1786395165612.jpeg","width":929,"height":917,"timestamp":46434.665,"frameSwapWallTime":1786395165608.7861}
{"type":"screencast-frame","pageId":"page@bcd39af0209cd43733a18028cd932dd2","sha1":"page@bcd39af0209cd43733a18028cd932dd2-1786395165629.jpeg","width":929,"height":917,"timestamp":46451.598,"frameSwapWallTime":1786395165625.656}
{"type":"screencast-frame","pageId":"page@bcd39af0209cd43733a18028cd932dd2","sha1":"page@bcd39af0209cd43733a18028cd932dd2-1786395165644.jpeg","width":929,"height":917,"timestamp":46467.027,"frameSwapWallTime":1786395165640.962}
{"type":"screencast-frame","pageId":"page@bcd39af0209cd43733a18028cd932dd2","sha1":"page@bcd39af0209cd43733a18028cd932dd2-1786395165659.jpeg","width":929,"height":917,"timestamp":46481.93,"frameSwapWallTime":1786395165656.029}
{"type":"screencast-frame","pageId":"page@bcd39af0209cd43733a18028cd932dd2","sha1":"page@bcd39af0209cd43733a18028cd932dd2-1786395165676.jpeg","width":929,"height":917,"timestamp":46498.517,"frameSwapWallTime":1786395165671.562}
{"type":"screencast-frame","pageId":"page@bcd39af0209cd43733a18028cd932dd2","sha1":"page@bcd39af0209cd43733a18028cd932dd2-1786395165690.jpeg","width":929,"height":917,"timestamp":46512.331,"frameSwapWallTime":1786395165686.928}
{"type":"screencast-frame","pageId":"page@bcd39af0209cd43733a18028cd932dd2","sha1":"page@bcd39af0209cd43733a18028cd932dd2-1786395165705.jpeg","width":929,"height":917,"timestamp":46527.2,"frameSwapWallTime":1786395165702.523}
{"type":"screencast-frame","pageId":"page@bcd39af0209cd43733a18028cd932dd2","sha1":"page@bcd39af0209cd43733a18028cd932dd2-1786395165721.jpeg","width":929,"height":917,"timestamp":46543.618,"frameSwapWallTime":1786395165718.197}
{"type":"screencast-frame","pageId":"page@bcd39af0209cd43733a18028cd932dd2","sha1":"page@bcd39af0209cd43733a18028cd932dd2-1786395165736.jpeg","width":929,"height":917,"timestamp":46558.111,"frameSwapWallTime":1786395165733.0989}
{"type":"screencast-frame","pageId":"page@bcd39af0209cd43733a18028cd932dd2","sha1":"page@bcd39af0209cd43733a18028cd932dd2-1786395165751.jpeg","width":929,"height":917,"timestamp":46573.625,"frameSwapWallTime":1786395165747.8098}
{"type":"screencast-frame","pageId":"page@bcd39af0209cd43733a18028cd932dd2","sha1":"page@bcd39af0209cd43733a18028cd932dd2-1786395165766.jpeg","width":929,"height":917,"timestamp":46589.042,"frameSwapWallTime":1786395165762.372}
{"type":"screencast-frame","pageId":"page@bcd39af0209cd43733a18028cd932dd2","sha1":"page@bcd39af0209cd43733a18028cd932dd2-1786395165796.jpeg","width":929,"height":917,"timestamp":46618.171,"frameSwapWallTime":1786395165792.268}
{"type":"screencast-frame","pageId":"page@bcd39af0209cd43733a18028cd932dd2","sha1":"page@bcd39af0209cd43733a18028cd932dd2-1786395165813.jpeg","width":929,"height":917,"timestamp":46635.118,"frameSwapWallTime":1786395165809.001}
{"type":"screencast-frame","pageId":"page@bcd39af0209cd43733a18028cd932dd2","sha1":"page@bcd39af0209cd43733a18028cd932dd2-1786395165829.jpeg","width":929,"height":917,"timestamp":46651.44,"frameSwapWallTime":1786395165825.9521}
{"type":"screencast-frame","pageId":"page@bcd39af0209cd43733a18028cd932dd2","sha1":"page@bcd39af0209cd43733a18028cd932dd2-1786395165846.jpeg","width":929,"height":917,"timestamp":46668.163,"frameSwapWallTime":1786395165841.5862}
{"type":"screencast-frame","pageId":"page@bcd39af0209cd43733a18028cd932dd2","sha1":"page@bcd39af0209cd43733a18028cd932dd2-1786395165861.jpeg","width":929,"height":917,"timestamp":46683.329,"frameSwapWallTime":1786395165857.384}
{"type":"screencast-frame","pageId":"page@bcd39af0209cd43733a18028cd932dd2","sha1":"page@bcd39af0209cd43733a18028cd932dd2-1786395165878.jpeg","width":929,"height":917,"timestamp":46700.906,"frameSwapWallTime":1786395165873.38}
{"type":"screencast-frame","pageId":"page@bcd39af0209cd43733a18028cd932dd2","sha1":"page@bcd39af0209cd43733a18028cd932dd2-1786395165893.jpeg","width":929,"height":917,"timestamp":46715.298,"frameSwapWallTime":1786395165889.438}
{"type":"screencast-frame","pageId":"page@bcd39af0209cd43733a18028cd932dd2","sha1":"page@bcd39af0209cd43733a18028cd932dd2-1786395165907.jpeg","width":929,"height":917,"timestamp":46729.377,"frameSwapWallTime":1786395165904.289}
{"type":"screencast-frame","pageId":"page@bcd39af0209cd43733a18028cd932dd2","sha1":"page@bcd39af0209cd43733a18028cd932dd2-1786395165922.jpeg","width":929,"height":917,"timestamp":46744.985,"frameSwapWallTime":1786395165920.137}
{"type":"screencast-frame","pageId":"page@bcd39af0209cd43733a18028cd932dd2","sha1":"page@bcd39af0209cd43733a18028cd932dd2-1786395165938.jpeg","width":929,"height":917,"timestamp":46760.932,"frameSwapWallTime":1786395165935.3381}
{"type":"screencast-frame","pageId":"page@bcd39af0209cd43733a18028cd932dd2","sha1":"page@bcd39af0209cd43733a18028cd932dd2-1786395165954.jpeg","width":929,"height":917,"timestamp":46776.458,"frameSwapWallTime":1786395165951.5989}
{"type":"screencast-frame","pageId":"page@bcd39af0209cd43733a18028cd932dd2","sha1":"page@bcd39af0209cd43733a18028cd932dd2-1786395165969.jpeg","width":929,"height":917,"timestamp":46791.407,"frameSwapWallTime":1786395165966.856}
{"type":"after","callId":"call@64","endTime":46804.4,"result":{"value":{"v":"undefined"}},"afterSnapshot":"after@call@64"}
{"type":"frame-snapshot","snapshot":{"callId":"call@64","snapshotName":"after@call@64","pageId":"page@bcd39af0209cd43733a18028cd932dd2","frameId":"frame@40b891a766907a2ceb8521f707111a55","frameUrl":"https://volt-staging.onrender.com/core/app","doctype":"html","html":[[1,7]],"viewport":{"width":929,"height":917},"timestamp":46806.918,"wallTime":1786395165984,"collectionTime":0.7000000476837158,"resourceOverrides":[],"isMainFrame":true}}
{"type":"screencast-frame","pageId":"page@bcd39af0209cd43733a18028cd932dd2","sha1":"page@bcd39af0209cd43733a18028cd932dd2-1786395165986.jpeg","width":929,"height":917,"timestamp":46808.337,"frameSwapWallTime":1786395165982.348}
{"type":"screencast-frame","pageId":"page@bcd39af0209cd43733a18028cd932dd2","sha1":"page@bcd39af0209cd43733a18028cd932dd2-1786395166001.jpeg","width":929,"height":917,"timestamp":46823.636,"frameSwapWallTime":1786395165997.74}
{"type":"screencast-frame","pageId":"page@bcd39af0209cd43733a18028cd932dd2","sha1":"page@bcd39af0209cd43733a18028cd932dd2-1786395166017.jpeg","width":929,"height":917,"timestamp":46839.749,"frameSwapWallTime":1786395166013.649}
{"type":"screencast-frame","pageId":"page@bcd39af0209cd43733a18028cd932dd2","sha1":"page@bcd39af0209cd43733a18028cd932dd2-1786395166046.jpeg","width":929,"height":917,"timestamp":46868.189,"frameSwapWallTime":1786395166042.6519}
{"type":"screencast-frame","pageId":"page@bcd39af0209cd43733a18028cd932dd2","sha1":"page@bcd39af0209cd43733a18028cd932dd2-1786395166062.jpeg","width":929,"height":917,"timestamp":46884.724,"frameSwapWallTime":1786395166059.3728}
{"type":"screencast-frame","pageId":"page@bcd39af0209cd43733a18028cd932dd2","sha1":"page@bcd39af0209cd43733a18028cd932dd2-1786395166079.jpeg","width":929,"height":917,"timestamp":46901.81,"frameSwapWallTime":1786395166076.059}
{"type":"screencast-frame","pageId":"page@bcd39af0209cd43733a18028cd932dd2","sha1":"page@bcd39af0209cd43733a18028cd932dd2-1786395166094.jpeg","width":929,"height":917,"timestamp":46916.635,"frameSwapWallTime":1786395166091.321}
{"type":"screencast-frame","pageId":"page@bcd39af0209cd43733a18028cd932dd2","sha1":"page@bcd39af0209cd43733a18028cd932dd2-1786395166110.jpeg","width":929,"height":917,"timestamp":46932.24,"frameSwapWallTime":1786395166106.493}
{"type":"screencast-frame","pageId":"page@bcd39af0209cd43733a18028cd932dd2","sha1":"page@bcd39af0209cd43733a18028cd932dd2-1786395166126.jpeg","width":929,"height":917,"timestamp":46948.224,"frameSwapWallTime":1786395166122.4111}
{"type":"screencast-frame","pageId":"page@bcd39af0209cd43733a18028cd932dd2","sha1":"page@bcd39af0209cd43733a18028cd932dd2-1786395166140.jpeg","width":929,"height":917,"timestamp":46962.137,"frameSwapWallTime":1786395166137.5688}
{"type":"screencast-frame","pageId":"page@bcd39af0209cd43733a18028cd932dd2","sha1":"page@bcd39af0209cd43733a18028cd932dd2-1786395166154.jpeg","width":929,"height":917,"timestamp":46976.866,"frameSwapWallTime":1786395166152.114}
{"type":"screencast-frame","pageId":"page@bcd39af0209cd43733a18028cd932dd2","sha1":"page@bcd39af0209cd43733a18028cd932dd2-1786395166171.jpeg","width":929,"height":917,"timestamp":46993.067,"frameSwapWallTime":1786395166168.573}
{"type":"screencast-frame","pageId":"page@bcd39af0209cd43733a18028cd932dd2","sha1":"page@bcd39af0209cd43733a18028cd932dd2-1786395166187.jpeg","width":929,"height":917,"timestamp":47009.706,"frameSwapWallTime":1786395166184.199}
{"type":"screencast-frame","pageId":"page@bcd39af0209cd43733a18028cd932dd2","sha1":"page@bcd39af0209cd43733a18028cd932dd2-1786395166202.jpeg","width":929,"height":917,"timestamp":47024.041,"frameSwapWallTime":1786395166198.732}
{"type":"screencast-frame","pageId":"page@bcd39af0209cd43733a18028cd932dd2","sha1":"page@bcd39af0209cd43733a18028cd932dd2-1786395166217.jpeg","width":929,"height":917,"timestamp":47039.301,"frameSwapWallTime":1786395166214.453}
{"type":"screencast-frame","pageId":"page@bcd39af0209cd43733a18028cd932dd2","sha1":"page@bcd39af0209cd43733a18028cd932dd2-1786395166233.jpeg","width":929,"height":917,"timestamp":47055.891,"frameSwapWallTime":1786395166230.4248}
{"type":"screencast-frame","pageId":"page@bcd39af0209cd43733a18028cd932dd2","sha1":"page@bcd39af0209cd43733a18028cd932dd2-1786395166263.jpeg","width":929,"height":917,"timestamp":47085.668,"frameSwapWallTime":1786395166259.5679}
{"type":"screencast-frame","pageId":"page@bcd39af0209cd43733a18028cd932dd2","sha1":"page@bcd39af0209cd43733a18028cd932dd2-1786395166279.jpeg","width":929,"height":917,"timestamp":47101.897,"frameSwapWallTime":1786395166276.415}
{"type":"screencast-frame","pageId":"page@bcd39af0209cd43733a18028cd932dd2","sha1":"page@bcd39af0209cd43733a18028cd932dd2-1786395166294.jpeg","width":929,"height":917,"timestamp":47116.919,"frameSwapWallTime":1786395166291.384}
{"type":"screencast-frame","pageId":"page@bcd39af0209cd43733a18028cd932dd2","sha1":"page@bcd39af0209cd43733a18028cd932dd2-1786395166309.jpeg","width":929,"height":917,"timestamp":47131.67,"frameSwapWallTime":1786395166306.9202}
{"type":"screencast-frame","pageId":"page@bcd39af0209cd43733a18028cd932dd2","sha1":"page@bcd39af0209cd43733a18028cd932dd2-1786395166325.jpeg","width":929,"height":917,"timestamp":47147.3,"frameSwapWallTime":1786395166322.115}
{"type":"screencast-frame","pageId":"page@bcd39af0209cd43733a18028cd932dd2","sha1":"page@bcd39af0209cd43733a18028cd932dd2-1786395166340.jpeg","width":929,"height":917,"timestamp":47162.323,"frameSwapWallTime":1786395166337.176}
{"type":"screencast-frame","pageId":"page@bcd39af0209cd43733a18028cd932dd2","sha1":"page@bcd39af0209cd43733a18028cd932dd2-1786395166355.jpeg","width":929,"height":917,"timestamp":47177.994,"frameSwapWallTime":1786395166352.522}
{"type":"screencast-frame","pageId":"page@bcd39af0209cd43733a18028cd932dd2","sha1":"page@bcd39af0209cd43733a18028cd932dd2-1786395166371.jpeg","width":929,"height":917,"timestamp":47193.816,"frameSwapWallTime":1786395166368.5032}
{"type":"screencast-frame","pageId":"page@bcd39af0209cd43733a18028cd932dd2","sha1":"page@bcd39af0209cd43733a18028cd932dd2-1786395166386.jpeg","width":929,"height":917,"timestamp":47208.753,"frameSwapWallTime":1786395166383.8242}
{"type":"screencast-frame","pageId":"page@bcd39af0209cd43733a18028cd932dd2","sha1":"page@bcd39af0209cd43733a18028cd932dd2-1786395166402.jpeg","width":929,"height":917,"timestamp":47224.259,"frameSwapWallTime":1786395166398.7378}
{"type":"screencast-frame","pageId":"page@bcd39af0209cd43733a18028cd932dd2","sha1":"page@bcd39af0209cd43733a18028cd932dd2-1786395166416.jpeg","width":929,"height":917,"timestamp":47239.03,"frameSwapWallTime":1786395166414.678}
{"type":"screencast-frame","pageId":"page@bcd39af0209cd43733a18028cd932dd2","sha1":"page@bcd39af0209cd43733a18028cd932dd2-1786395166432.jpeg","width":929,"height":917,"timestamp":47254.741,"frameSwapWallTime":1786395166430.302}
{"type":"screencast-frame","pageId":"page@bcd39af0209cd43733a18028cd932dd2","sha1":"page@bcd39af0209cd43733a18028cd932dd2-1786395166463.jpeg","width":929,"height":917,"timestamp":47285.254,"frameSwapWallTime":1786395166459.6382}
{"type":"screencast-frame","pageId":"page@bcd39af0209cd43733a18028cd932dd2","sha1":"page@bcd39af0209cd43733a18028cd932dd2-1786395166479.jpeg","width":929,"height":917,"timestamp":47301.354,"frameSwapWallTime":1786395166476.382}
{"type":"screencast-frame","pageId":"page@bcd39af0209cd43733a18028cd932dd2","sha1":"page@bcd39af0209cd43733a18028cd932dd2-1786395166495.jpeg","width":929,"height":917,"timestamp":47317.626,"frameSwapWallTime":1786395166492.213}
{"type":"screencast-frame","pageId":"page@bcd39af0209cd43733a18028cd932dd2","sha1":"page@bcd39af0209cd43733a18028cd932dd2-1786395166712.jpeg","width":929,"height":917,"timestamp":47534.457,"frameSwapWallTime":1786395166709.004}
{"type":"screencast-frame","pageId":"page@bcd39af0209cd43733a18028cd932dd2","sha1":"page@bcd39af0209cd43733a18028cd932dd2-1786395166929.jpeg","width":929,"height":917,"timestamp":47751.482,"frameSwapWallTime":1786395166926.723}
{"type":"screencast-frame","pageId":"page@bcd39af0209cd43733a18028cd932dd2","sha1":"page@bcd39af0209cd43733a18028cd932dd2-1786395167147.jpeg","width":929,"height":917,"timestamp":47969.51,"frameSwapWallTime":1786395167143.779}
{"type":"screencast-frame","pageId":"page@bcd39af0209cd43733a18028cd932dd2","sha1":"page@bcd39af0209cd43733a18028cd932dd2-1786395167362.jpeg","width":929,"height":917,"timestamp":48184.75,"frameSwapWallTime":1786395167359.222}
{"type":"screencast-frame","pageId":"page@bcd39af0209cd43733a18028cd932dd2","sha1":"page@bcd39af0209cd43733a18028cd932dd2-1786395167580.jpeg","width":929,"height":917,"timestamp":48402.496,"frameSwapWallTime":1786395167577.411}
{"type":"screencast-frame","pageId":"page@bcd39af0209cd43733a18028cd932dd2","sha1":"page@bcd39af0209cd43733a18028cd932dd2-1786395167797.jpeg","width":929,"height":917,"timestamp":48619.476,"frameSwapWallTime":1786395167794.568}
{"type":"screencast-frame","pageId":"page@bcd39af0209cd43733a18028cd932dd2","sha1":"page@bcd39af0209cd43733a18028cd932dd2-1786395168014.jpeg","width":929,"height":917,"timestamp":48836.398,"frameSwapWallTime":1786395168011.3372}
{"type":"screencast-frame","pageId":"page@bcd39af0209cd43733a18028cd932dd2","sha1":"page@bcd39af0209cd43733a18028cd932dd2-1786395168231.jpeg","width":929,"height":917,"timestamp":49053.461,"frameSwapWallTime":1786395168228.24}
{"type":"screencast-frame","pageId":"page@bcd39af0209cd43733a18028cd932dd2","sha1":"page@bcd39af0209cd43733a18028cd932dd2-1786395168448.jpeg","width":929,"height":917,"timestamp":49270.086,"frameSwapWallTime":1786395168445.114}
{"type":"screencast-frame","pageId":"page@bcd39af0209cd43733a18028cd932dd2","sha1":"page@bcd39af0209cd43733a18028cd932dd2-1786395168668.jpeg","width":929,"height":917,"timestamp":49490.414,"frameSwapWallTime":1786395168664.82}
{"type":"screencast-frame","pageId":"page@bcd39af0209cd43733a18028cd932dd2","sha1":"page@bcd39af0209cd43733a18028cd932dd2-1786395168885.jpeg","width":929,"height":917,"timestamp":49707.535,"frameSwapWallTime":1786395168882.72}
{"type":"screencast-frame","pageId":"page@bcd39af0209cd43733a18028cd932dd2","sha1":"page@bcd39af0209cd43733a18028cd932dd2-1786395169105.jpeg","width":929,"height":917,"timestamp":49927.608,"frameSwapWallTime":1786395169101.9868}
{"type":"screencast-frame","pageId":"page@bcd39af0209cd43733a18028cd932dd2","sha1":"page@bcd39af0209cd43733a18028cd932dd2-1786395169322.jpeg","width":929,"height":917,"timestamp":50144.482,"frameSwapWallTime":1786395169319.274}
{"type":"before","callId":"call@67","startTime":50230.962,"class":"Frame","method":"evaluateExpression","params":{"expression":"(ms) => new Promise((f) => setTimeout(f, ms))","isFunction":true,"arg":{"value":{"n":500},"handles":[]}},"pageId":"page@bcd39af0209cd43733a18028cd932dd2","beforeSnapshot":"before@call@67"}
{"type":"screencast-frame","pageId":"page@bcd39af0209cd43733a18028cd932dd2","sha1":"page@bcd39af0209cd43733a18028cd932dd2-1786395169415.jpeg","width":929,"height":917,"timestamp":50237.875,"frameSwapWallTime":1786395169411.976}
{"type":"screencast-frame","pageId":"page@bcd39af0209cd43733a18028cd932dd2","sha1":"page@bcd39af0209cd43733a18028cd932dd2-1786395169430.jpeg","width":929,"height":917,"timestamp":50252.14,"frameSwapWallTime":1786395169427.387}
{"type":"frame-snapshot","snapshot":{"callId":"call@67","snapshotName":"before@call@67","pageId":"page@bcd39af0209cd43733a18028cd932dd2","frameId":"frame@40b891a766907a2ceb8521f707111a55","frameUrl":"https://volt-staging.onrender.com/core/app","doctype":"html","html":["HTML",{"lang":"pt-BR"},[[11,18]],[[11,19]],["BODY",{},[[11,20]],["DIV",{"id":"root"},["DIV",{"class":"app-shell min-h-screen"},["ASIDE",{"class":"sidebar"},["DIV",{"class":"sidebar__brand"},["SPAN",{"class":"brand-lockup"},["IMG",{"__playwright_current_src__":"https://volt-staging.onrender.com/brand/volt-core-logo-transparent-v2.png","class":"brand-logo","alt":"Volt Core","src":"/brand/volt-core-logo-transparent-v2.png"}],["SPAN",{"class":"brand-wordmark"},"VOLT",["SPAN",{},"CORE"]]]],["NAV",{"class":"nav-list","aria-label":"Navegacao principal"},["SECTION",{"class":"nav-group nav-group--open"},["BUTTON",{"class":"nav-group__toggle","type":"button","aria-expanded":"true"},["SPAN",{"class":"nav-group__icon"},["svg",{"xmlns":"http://www.w3.org/2000/svg","width":"16","height":"16","viewBox":"0 0 24 24","fill":"none","stroke":"currentColor","stroke-width":"2","stroke-linecap":"round","stroke-linejoin":"round","class":"lucide lucide-layout-dashboard","aria-hidden":"true"},["rect",{"width":"7","height":"9","x":"3","y":"3","rx":"1"}],["rect",{"width":"7","height":"5","x":"14","y":"3","rx":"1"}],["rect",{"width":"7","height":"9","x":"14","y":"12","rx":"1"}],["rect",{"width":"7","height":"5","x":"3","y":"16","rx":"1"}]]],["SPAN",{"class":"nav-group__meta"},["STRONG",{},"Visao global"],["SMALL",{},"Empresas, usuarios e vinculos"]],["SPAN",{"class":"nav-group__chevron"},["svg",{"xmlns":"http://www.w3.org/2000/svg","width":"14","height":"14","viewBox":"0 0 24 24","fill":"none","stroke":"currentColor","stroke-width":"2","stroke-linecap":"round","stroke-linejoin":"round","class":"lucide lucide-chevron-right","aria-hidden":"true"},["path",{"d":"m9 18 6-6-6-6"}]]]],["DIV",{"class":"nav-group__items"},["BUTTON",{"class":"nav-item nav-item--active","data-page":"master_dashboard","type":"button","title":"Painel master"},["svg",{"xmlns":"http://www.w3.org/2000/svg","width":"19","height":"19","viewBox":"0 0 24 24","fill":"none","stroke":"currentColor","stroke-width":"1.9","stroke-linecap":"round","stroke-linejoin":"round","class":"lucide lucide-layout-dashboard","aria-hidden":"true"},["rect",{"width":"7","height":"9","x":"3","y":"3","rx":"1"}],["rect",{"width":"7","height":"5","x":"14","y":"3","rx":"1"}],["rect",{"width":"7","height":"9","x":"14","y":"12","rx":"1"}],["rect",{"width":"7","height":"5","x":"3","y":"16","rx":"1"}]],["SPAN",{},"Painel master"]],["BUTTON",{"class":"nav-item ","data-page":"companies","type":"button","title":"Empresas"},["svg",{"xmlns":"http://www.w3.org/2000/svg","width":"19","height":"19","viewBox":"0 0 24 24","fill":"none","stroke":"currentColor","stroke-width":"1.9","stroke-linecap":"round","stroke-linejoin":"round","class":"lucide lucide-building2 lucide-building-2","aria-hidden":"true"},["path",{"d":"M6 22V4a2 2 0 0 1 2-2h8a2 2 0 0 1 2 2v18Z"}],["path",{"d":"M6 12H4a2 2 0 0 0-2 2v6a2 2 0 0 0 2 2h2"}],["path",{"d":"M18 9h2a2 2 0 0 1 2 2v9a2 2 0 0 1-2 2h-2"}],["path",{"d":"M10 6h4"}],["path",{"d":"M10 10h4"}],["path",{"d":"M10 14h4"}],["path",{"d":"M10 18h4"}]],["SPAN",{},"Empresas"]],["BUTTON",{"class":"nav-item ","data-page":"users","type":"button","title":"Usuarios"},["svg",{"xmlns":"http://www.w3.org/2000/svg","width":"19","height":"19","viewBox":"0 0 24 24","fill":"none","stroke":"currentColor","stroke-width":"1.9","stroke-linecap":"round","stroke-linejoin":"round","class":"lucide lucide-user-cog","aria-hidden":"true"},["path",{"d":"M10 15H6a4 4 0 0 0-4 4v2"}],["path",{"d":"m14.305 16.53.923-.382"}],["path",{"d":"m15.228 13.852-.923-.383"}],["path",{"d":"m16.852 12.228-.383-.923"}],["path",{"d":"m16.852 17.772-.383.924"}],["path",{"d":"m19.148 12.228.383-.923"}],["path",{"d":"m19.53 18.696-.382-.924"}],["path",{"d":"m20.772 13.852.924-.383"}],["path",{"d":"m20.772 16.148.924.383"}],["circle",{"cx":"18","cy":"15","r":"3"}],["circle",{"cx":"9","cy":"7","r":"4"}]],["SPAN",{},"Usuarios"]],["BUTTON",{"class":"nav-item ","data-page":"master_links","type":"button","title":"Vinculos"},["svg",{"xmlns":"http://www.w3.org/2000/svg","width":"19","height":"19","viewBox":"0 0 24 24","fill":"none","stroke":"currentColor","stroke-width":"1.9","stroke-linecap":"round","stroke-linejoin":"round","class":"lucide lucide-users-round","aria-hidden":"true"},["path",{"d":"M18 21a8 8 0 0 0-16 0"}],["circle",{"cx":"10","cy":"8","r":"5"}],["path",{"d":"M22 20c0-3.37-2-6.5-4-8a5 5 0 0 0-.45-8.3"}]],["SPAN",{},"Vinculos"]]]],["SECTION",{"class":"nav-group "},["BUTTON",{"class":"nav-group__toggle","type":"button","aria-expanded":"false"},["SPAN",{"class":"nav-group__icon"},["svg",{"xmlns":"http://www.w3.org/2000/svg","width":"16","height":"16","viewBox":"0 0 24 24","fill":"none","stroke":"currentColor","stroke-width":"2","stroke-linecap":"round","stroke-linejoin":"round","class":"lucide lucide-shield-check","aria-hidden":"true"},["path",{"d":"M20 13c0 5-3.5 7.5-7.66 8.95a1 1 0 0 1-.67-.01C7.5 20.5 4 18 4 13V6a1 1 0 0 1 1-1c2 0 4.5-1.2 6.24-2.72a1.17 1.17 0 0 1 1.52 0C14.51 3.81 17 5 19 5a1 1 0 0 1 1 1z"}],["path",{"d":"m9 12 2 2 4-4"}]]],["SPAN",{"class":"nav-group__meta"},["STRONG",{},"Governanca"],["SMALL",{},"Modulos, auditoria e sistema"]],["SPAN",{"class":"nav-group__chevron"},["svg",{"xmlns":"http://www.w3.org/2000/svg","width":"14","height":"14","viewBox":"0 0 24 24","fill":"none","stroke":"currentColor","stroke-width":"2","stroke-linecap":"round","stroke-linejoin":"round","class":"lucide lucide-chevron-right","aria-hidden":"true"},["path",{"d":"m9 18 6-6-6-6"}]]]]]],["DIV",{"class":"sidebar__profile"},["DIV",{"class":"profile-row"},["DIV",{"class":"avatar"},"A",["SPAN",{"class":"sidebar__avatar-status status-dot--online"}]],["DIV",{"class":"profile-copy"},["STRONG",{},"Master Volt Core"],["SMALL",{},"Admin master"]],["svg",{"xmlns":"http://www.w3.org/2000/svg","width":"16","height":"16","viewBox":"0 0 24 24","fill":"none","stroke":"currentColor","stroke-width":"2","stroke-linecap":"round","stroke-linejoin":"round","class":"lucide lucide-chevron-right profile-chevron","aria-hidden":"true"},["path",{"d":"m9 18 6-6-6-6"}]]],["BUTTON",{"class":"nav-item nav-item--logout","type":"button"},["svg",{"xmlns":"http://www.w3.org/2000/svg","width":"18","height":"18","viewBox":"0 0 24 24","fill":"none","stroke":"currentColor","stroke-width":"2","stroke-linecap":"round","stroke-linejoin":"round","class":"lucide lucide-log-out","aria-hidden":"true"},["path",{"d":"m16 17 5-5-5-5"}],["path",{"d":"M21 12H9"}],["path",{"d":"M9 21H5a2 2 0 0 1-2-2V5a2 2 0 0 1 2-2h4"}]],["SPAN",{},"Sair"]]]],["DIV",{"class":"main-shell"},["HEADER",{"class":"topbar"},["DIV",{"class":"topbar-copy"},["H1",{},"Painel Master"],["P",{},"Visao global dos ambientes, acessos e atividade do Volt Core."]],["DIV",{"class":"topbar-actions"},["SPAN",{"class":"badge topbar-badge"},["SPAN",{"class":"status-dot status-dot--online"}],"Central Volt"],["BUTTON",{"class":"button-secondary","type":"button"},"Master Volt Core"]]],["MAIN",{"class":"page-content"},["DIV",{"class":"master-workspace"},["SECTION",{"class":"report-grid"},["ARTICLE",{"class":"report-card"},["SPAN",{"class":"card-icon"},["svg",{"xmlns":"http://www.w3.org/2000/svg","width":"23","height":"23","viewBox":"0 0 24 24","fill":"none","stroke":"currentColor","stroke-width":"2","stroke-linecap":"round","stroke-linejoin":"round","class":"lucide lucide-building2 lucide-building-2","aria-hidden":"true"},["path",{"d":"M6 22V4a2 2 0 0 1 2-2h8a2 2 0 0 1 2 2v18Z"}],["path",{"d":"M6 12H4a2 2 0 0 0-2 2v6a2 2 0 0 0 2 2h2"}],["path",{"d":"M18 9h2a2 2 0 0 1 2 2v9a2 2 0 0 1-2 2h-2"}],["path",{"d":"M10 6h4"}],["path",{"d":"M10 10h4"}],["path",{"d":"M10 14h4"}],["path",{"d":"M10 18h4"}]]],["DIV",{},["SMALL",{},"Empresas"],["STRONG",{},"0"],["SPAN",{},"0 ativas"]]],["ARTICLE",{"class":"report-card"},["SPAN",{"class":"card-icon"},["svg",{"xmlns":"http://www.w3.org/2000/svg","width":"23","height":"23","viewBox":"0 0 24 24","fill":"none","stroke":"currentColor","stroke-width":"2","stroke-linecap":"round","stroke-linejoin":"round","class":"lucide lucide-users-round","aria-hidden":"true"},["path",{"d":"M18 21a8 8 0 0 0-16 0"}],["circle",{"cx":"10","cy":"8","r":"5"}],["path",{"d":"M22 20c0-3.37-2-6.5-4-8a5 5 0 0 0-.45-8.3"}]]],["DIV",{},["SMALL",{},"Usuarios"],["STRONG",{},"0"],["SPAN",{},"0 ativos"]]],["ARTICLE",{"class":"report-card"},["SPAN",{"class":"card-icon"},["svg",{"xmlns":"http://www.w3.org/2000/svg","width":"23","height":"23","viewBox":"0 0 24 24","fill":"none","stroke":"currentColor","stroke-width":"2","stroke-linecap":"round","stroke-linejoin":"round","class":"lucide lucide-eye","aria-hidden":"true"},["path",{"d":"M2.062 12.348a1 1 0 0 1 0-.696 10.75 10.75 0 0 1 19.876 0 1 1 0 0 1 0 .696 10.75 10.75 0 0 1-19.876 0"}],["circle",{"cx":"12","cy":"12","r":"3"}]]],["DIV",{},["SMALL",{},"Eventos recentes"],["STRONG",{},"0"],["SPAN",{},"Ultimos 200 registros"]]],["ARTICLE",{"class":"report-card"},["SPAN",{"class":"card-icon"},["svg",{"xmlns":"http://www.w3.org/2000/svg","width":"23","height":"23","viewBox":"0 0 24 24","fill":"none","stroke":"currentColor","stroke-width":"2","stroke-linecap":"round","stroke-linejoin":"round","class":"lucide lucide-panels-top-left","aria-hidden":"true"},["rect",{"width":"18","height":"18","x":"3","y":"3","rx":"2"}],["path",{"d":"M3 9h18"}],["path",{"d":"M9 21V9"}]]],["DIV",{},["SMALL",{},"Segmentos"],["STRONG",{},"0"],["SPAN",{},"Templates em uso"]]]],["SECTION",{"class":"panel panel-section master-company-entry"},["DIV",{"class":"section-title"},["SPAN",{"class":"card-icon"},["svg",{"xmlns":"http://www.w3.org/2000/svg","width":"23","height":"23","viewBox":"0 0 24 24","fill":"none","stroke":"currentColor","stroke-width":"2","stroke-linecap":"round","stroke-linejoin":"round","class":"lucide lucide-building2 lucide-building-2","aria-hidden":"true"},["path",{"d":"M6 22V4a2 2 0 0 1 2-2h8a2 2 0 0 1 2 2v18Z"}],["path",{"d":"M6 12H4a2 2 0 0 0-2 2v6a2 2 0 0 0 2 2h2"}],["path",{"d":"M18 9h2a2 2 0 0 1 2 2v9a2 2 0 0 1-2 2h-2"}],["path",{"d":"M10 6h4"}],["path",{"d":"M10 10h4"}],["path",{"d":"M10 14h4"}],["path",{"d":"M10 18h4"}]]],["DIV",{},["H2",{},"Entrar em uma empresa"],["P",{},"Abra qualquer ambiente no contexto master para consultar ou executar operacoes."]]],["DIV",{"class":"master-company-entry__list"},["SPAN",{"class":"muted-copy"},"Nenhuma empresa cadastrada."]]],["SECTION",{"class":"workspace-grid grid"},["DIV",{"class":"panel panel-section"},["DIV",{"class":"section-title"},["SPAN",{"class":"card-icon"},["svg",{"xmlns":"http://www.w3.org/2000/svg","width":"23","height":"23","viewBox":"0 0 24 24","fill":"none","stroke":"currentColor","stroke-width":"2","stroke-linecap":"round","stroke-linejoin":"round","class":"lucide lucide-shield-check","aria-hidden":"true"},["path",{"d":"M20 13c0 5-3.5 7.5-7.66 8.95a1 1 0 0 1-.67-.01C7.5 20.5 4 18 4 13V6a1 1 0 0 1 1-1c2 0 4.5-1.2 6.24-2.72a1.17 1.17 0 0 1 1.52 0C14.51 3.81 17 5 19 5a1 1 0 0 1 1 1z"}],["path",{"d":"m9 12 2 2 4-4"}]]],["DIV",{},["H2",{},"Administracao central"],["P",{},"Acessos diretos para governanca e suporte dos ambientes."]]],["DIV",{"class":"quick-list"},["DIV",{"class":"quick-row"},["SPAN",{"class":"quick-row__icon"},["svg",{"xmlns":"http://www.w3.org/2000/svg","width":"19","height":"19","viewBox":"0 0 24 24","fill":"none","stroke":"currentColor","stroke-width":"2","stroke-linecap":"round","stroke-linejoin":"round","class":"lucide lucide-building2 lucide-building-2","aria-hidden":"true"},["path",{"d":"M6 22V4a2 2 0 0 1 2-2h8a2 2 0 0 1 2 2v18Z"}],["path",{"d":"M6 12H4a2 2 0 0 0-2 2v6a2 2 0 0 0 2 2h2"}],["path",{"d":"M18 9h2a2 2 0 0 1 2 2v9a2 2 0 0 1-2 2h-2"}],["path",{"d":"M10 6h4"}],["path",{"d":"M10 10h4"}],["path",{"d":"M10 14h4"}],["path",{"d":"M10 18h4"}]]],["SPAN",{"class":"quick-row__copy"},["STRONG",{},"Gerenciar empresas"],["SMALL",{},"Cadastro, segmento, plano e acesso ao ambiente"]],["BUTTON",{"class":"button-secondary","type":"button"},"Abrir"]],["DIV",{"class":"quick-row"},["SPAN",{"class":"quick-row__icon"},["svg",{"xmlns":"http://www.w3.org/2000/svg","width":"19","height":"19","viewBox":"0 0 24 24","fill":"none","stroke":"currentColor","stroke-width":"2","stroke-linecap":"round","stroke-linejoin":"round","class":"lucide lucide-user-cog","aria-hidden":"true"},["path",{"d":"M10 15H6a4 4 0 0 0-4 4v2"}],["path",{"d":"m14.305 16.53.923-.382"}],["path",{"d":"m15.228 13.852-.923-.383"}],["path",{"d":"m16.852 12.228-.383-.923"}],["path",{"d":"m16.852 17.772-.383.924"}],["path",{"d":"m19.148 12.228.383-.923"}],["path",{"d":"m19.53 18.696-.382-.924"}],["path",{"d":"m20.772 13.852.924-.383"}],["path",{"d":"m20.772 16.148.924.383"}],["circle",{"cx":"18","cy":"15","r":"3"}],["circle",{"cx":"9","cy":"7","r":"4"}]]],["SPAN",{"class":"quick-row__copy"},["STRONG",{},"Revisar usuarios e vinculos"],["SMALL",{},"Perfis e empresas associadas a cada acesso"]],["BUTTON",{"class":"button-secondary","type":"button"},"Abrir"]],["DIV",{"class":"quick-row"},["SPAN",{"class":"quick-row__icon"},["svg",{"xmlns":"http://www.w3.org/2000/svg","width":"19","height":"19","viewBox":"0 0 24 24","fill":"none","stroke":"currentColor","stroke-width":"2","stroke-linecap":"round","stroke-linejoin":"round","class":"lucide lucide-shield-check","aria-hidden":"true"},["path",{"d":"M20 13c0 5-3.5 7.5-7.66 8.95a1 1 0 0 1-.67-.01C7.5 20.5 4 18 4 13V6a1 1 0 0 1 1-1c2 0 4.5-1.2 6.24-2.72a1.17 1.17 0 0 1 1.52 0C14.51 3.81 17 5 19 5a1 1 0 0 1 1 1z"}],["path",{"d":"m9 12 2 2 4-4"}]]],["SPAN",{"class":"quick-row__copy"},["STRONG",{},"Consultar auditoria"],["SMALL",{},"Operacoes registradas em todos os ambientes"]],["BUTTON",{"class":"button-secondary","type":"button"},"Abrir"]]]],["DIV",{"class":"panel panel-section"},["DIV",{"class":"section-title"},["SPAN",{"class":"card-icon"},["svg",{"xmlns":"http://www.w3.org/2000/svg","width":"23","height":"23","viewBox":"0 0 24 24","fill":"none","stroke":"currentColor","stroke-width":"2","stroke-linecap":"round","stroke-linejoin":"round","class":"lucide lucide-trending-up","aria-hidden":"true"},["path",{"d":"M16 7h6v6"}],["path",{"d":"m22 7-8.5 8.5-5-5L2 17"}]]],["DIV",{},["H2",{},"Atividade das empresas"],["P",{},"Volume de eventos operacionais nos ultimos 30 dias."]]],["DIV",{"class":"summary-stack"},["SPAN",{"class":"muted-copy"},"Nenhuma atividade registrada."]]]],["DIV",{"class":"panel panel-section span-2"},["DIV",{"class":"toolbar"},["DIV",{"class":"section-title"},["SPAN",{"class":"card-icon"},["svg",{"xmlns":"http://www.w3.org/2000/svg","width":"23","height":"23","viewBox":"0 0 24 24","fill":"none","stroke":"currentColor","stroke-width":"2","stroke-linecap":"round","stroke-linejoin":"round","class":"lucide lucide-eye","aria-hidden":"true"},["path",{"d":"M2.062 12.348a1 1 0 0 1 0-.696 10.75 10.75 0 0 1 19.876 0 1 1 0 0 1 0 .696 10.75 10.75 0 0 1-19.876 0"}],["circle",{"cx":"12","cy":"12","r":"3"}]]],["DIV",{},["H2",{},"Atividade recente"],["P",{},"Visao consolidada dos ambientes cadastrados."]]],["DIV",{"class":"toolbar__actions"}]],["DIV",{"class":"table-wrap"},["TABLE",{},["THEAD",{},["TR",{},["TH",{},"Quando"],["TH",{},"Empresa"],["TH",{},"Ator"],["TH",{},"Evento"],["TH",{},"Entidade"],["TH",{},"Status"]]],["TBODY",{},["TR",{},["TD",{"colspan":"6"},["DIV",{"class":"empty-state compact"},["svg",{"xmlns":"http://www.w3.org/2000/svg","width":"28","height":"28","viewBox":"0 0 24 24","fill":"none","stroke":"currentColor","stroke-width":"2","stroke-linecap":"round","stroke-linejoin":"round","class":"lucide lucide-search","aria-hidden":"true"},["path",{"d":"m21 21-4.34-4.34"}],["circle",{"cx":"11","cy":"11","r":"8"}]],["STRONG",{},"Nenhum registro encontrado"],["SPAN",{},"Ajuste a busca ou cadastre um novo item."]]]]]]]]]]]]],[[11,85]]]],"viewport":{"width":929,"height":917},"timestamp":50262.088,"wallTime":1786395169439,"collectionTime":2.399999976158142,"resourceOverrides":[],"isMainFrame":true}}
{"type":"screencast-frame","pageId":"page@bcd39af0209cd43733a18028cd932dd2","sha1":"page@bcd39af0209cd43733a18028cd932dd2-1786395169442.jpeg","width":929,"height":917,"timestamp":50264.547,"frameSwapWallTime":1786395169437.7761}
{"type":"screencast-frame","pageId":"page@bcd39af0209cd43733a18028cd932dd2","sha1":"page@bcd39af0209cd43733a18028cd932dd2-1786395169557.jpeg","width":929,"height":917,"timestamp":50379.733,"frameSwapWallTime":1786395169554.193}
{"type":"after","callId":"call@67","endTime":50777.266,"result":{"value":{"v":"undefined"}},"afterSnapshot":"after@call@67"}
{"type":"frame-snapshot","snapshot":{"callId":"call@67","snapshotName":"after@call@67","pageId":"page@bcd39af0209cd43733a18028cd932dd2","frameId":"frame@40b891a766907a2ceb8521f707111a55","frameUrl":"https://volt-staging.onrender.com/core/app","doctype":"html","html":[[1,310]],"viewport":{"width":929,"height":917},"timestamp":50778.975,"wallTime":1786395169957,"collectionTime":0.800000011920929,"resourceOverrides":[],"isMainFrame":true}}
{"type":"before","callId":"call@69","startTime":50779.858,"class":"Frame","method":"ariaSnapshot","params":{"mode":"ai","timeout":30000},"pageId":"page@bcd39af0209cd43733a18028cd932dd2"}
{"type":"after","callId":"call@69","endTime":50796.619,"result":{"snapshot":"- generic [ref=e60]:\n  - complementary [ref=e61]:\n    - generic [ref=e63]:\n      - img \"Volt Core\" [ref=e64]\n      - generic [ref=e65]: VOLTCORE\n    - navigation \"Navegacao principal\" [ref=e66]:\n      - generic [ref=e67]:\n        - button \"Visao global Empresas, usuarios e vinculos\" [expanded] [ref=e68] [cursor=pointer]:\n          - generic [ref=e75]:\n            - strong [ref=e76]: Visao global\n            - generic [ref=e77]: Empresas, usuarios e vinculos\n        - generic [ref=e81]:\n          - button \"Painel master\" [ref=e82] [cursor=pointer]\n          - button \"Empresas\" [ref=e89] [cursor=pointer]\n          - button \"Usuarios\" [ref=e95] [cursor=pointer]\n          - button \"Vinculos\" [ref=e109] [cursor=pointer]\n      - button \"Governanca Modulos, auditoria e sistema\" [ref=e116] [cursor=pointer]:\n        - generic [ref=e121]:\n          - strong [ref=e122]: Governanca\n          - generic [ref=e123]: Modulos, auditoria e sistema\n    - generic [ref=e127]:\n      - generic [ref=e128]:\n        - generic [ref=e129]: A\n        - generic [ref=e131]:\n          - strong [ref=e132]: Master Volt Core\n          - generic [ref=e133]: Admin master\n      - button \"Sair\" [ref=e136] [cursor=pointer]\n  - generic [ref=e141]:\n    - banner [ref=e142]:\n      - generic [ref=e143]:\n        - heading \"Painel Master\" [level=1] [ref=e144]\n        - paragraph [ref=e145]: Visao global dos ambientes, acessos e atividade do Volt Core.\n      - generic [ref=e146]:\n        - generic [ref=e147]: Central Volt\n        - button \"Master Volt Core\" [ref=e149] [cursor=pointer]\n    - main [ref=e150]:\n      - generic [ref=e151]:\n        - generic [ref=e152]:\n          - article [ref=e153]:\n            - generic [ref=e159]:\n              - generic [ref=e160]: Empresas\n              - strong [ref=e161]: \"0\"\n              - generic [ref=e162]: 0 ativas\n          - article [ref=e163]:\n            - generic [ref=e169]:\n              - generic [ref=e170]: Usuarios\n              - strong [ref=e171]: \"0\"\n              - generic [ref=e172]: 0 ativos\n          - article [ref=e173]:\n            - generic [ref=e178]:\n              - generic [ref=e179]: Eventos recentes\n              - strong [ref=e180]: \"0\"\n              - generic [ref=e181]: Ultimos 200 registros\n          - article [ref=e182]:\n            - generic [ref=e186]:\n              - generic [ref=e187]: Segmentos\n              - strong [ref=e188]: \"0\"\n              - generic [ref=e189]: Templates em uso\n        - generic [ref=e190]:\n          - generic [ref=e197]:\n            - heading \"Entrar em uma empresa\" [level=2] [ref=e198]\n            - paragraph [ref=e199]: Abra qualquer ambiente no contexto master para consultar ou executar operacoes.\n          - generic [ref=e200]: Nenhuma empresa cadastrada.\n        - generic [ref=e202]:\n          - generic [ref=e203]:\n            - generic [ref=e209]:\n              - heading \"Administracao central\" [level=2] [ref=e210]\n              - paragraph [ref=e211]: Acessos diretos para governanca e suporte dos ambientes.\n            - generic [ref=e212]:\n              - generic [ref=e213]:\n                - generic [ref=e219]:\n                  - strong [ref=e220]: Gerenciar empresas\n                  - generic [ref=e221]: Cadastro, segmento, plano e acesso ao ambiente\n                - button \"Abrir\" [ref=e222] [cursor=pointer]\n              - generic [ref=e223]:\n                - generic [ref=e237]:\n                  - strong [ref=e238]: Revisar usuarios e vinculos\n                  - generic [ref=e239]: Perfis e empresas associadas a cada acesso\n                - button \"Abrir\" [ref=e240] [cursor=pointer]\n              - generic [ref=e241]:\n                - generic [ref=e246]:\n                  - strong [ref=e247]: Consultar auditoria\n                  - generic [ref=e248]: Operacoes registradas em todos os ambientes\n                - button \"Abrir\" [ref=e249] [cursor=pointer]\n          - generic [ref=e250]:\n            - generic [ref=e256]:\n              - heading \"Atividade das empresas\" [level=2] [ref=e257]\n              - paragraph [ref=e258]: Volume de eventos operacionais nos ultimos 30 dias.\n            - generic [ref=e259]: Nenhuma atividade registrada.\n        - generic [ref=e261]:\n          - generic [ref=e268]:\n            - heading \"Atividade recente\" [level=2] [ref=e269]\n            - paragraph [ref=e270]: Visao consolidada dos ambientes cadastrados.\n          - table [ref=e272]:\n            - rowgroup [ref=e273]:\n              - row [ref=e274]:\n                - columnheader \"Quando\" [ref=e275]\n                - columnheader \"Empresa\" [ref=e276]\n                - columnheader \"Ator\" [ref=e277]\n                - columnheader \"Evento\" [ref=e278]\n                - columnheader \"Entidade\" [ref=e279]\n                - columnheader \"Status\" [ref=e280]\n            - rowgroup [ref=e281]:\n              - row [ref=e282]:\n                - cell \"Nenhum registro encontrado Ajuste a busca ou cadastre um novo item.\" [ref=e283]:\n                  - generic [ref=e284]:\n                    - strong [ref=e288]: Nenhum registro encontrado\n                    - generic [ref=e289]: Ajuste a busca ou cadastre um novo item."}}
{"type":"before","callId":"call@71","startTime":50797.312,"class":"Frame","method":"title","params":{},"pageId":"page@bcd39af0209cd43733a18028cd932dd2"}
{"type":"after","callId":"call@71","endTime":50798.298,"result":{"value":"Volt Core"}}
{"type":"before","callId":"call@73","startTime":50798.655,"class":"Page","method":"consoleMessages","params":{"filter":"since-navigation"},"pageId":"page@bcd39af0209cd43733a18028cd932dd2"}
{"type":"after","callId":"call@73","endTime":50798.864,"result":{"messages":[{"type":"error","text":"Failed to load resource: the server responded with a status of 401 ()","args":[],"location":{"url":"https://volt-staging.onrender.com/api/core/auth/me","lineNumber":0,"columnNumber":0},"timestamp":1786395122429.248}]}}
{"type":"before","callId":"call@75","startTime":50799.189,"class":"Page","method":"pageErrors","params":{"filter":"since-navigation"},"pageId":"page@bcd39af0209cd43733a18028cd932dd2"}
{"type":"after","callId":"call@75","endTime":50799.258,"result":{"errors":[]}}
{"type":"screencast-frame","pageId":"page@bcd39af0209cd43733a18028cd932dd2","sha1":"page@bcd39af0209cd43733a18028cd932dd2-1786395170145.jpeg","width":929,"height":917,"timestamp":50967.855,"frameSwapWallTime":1786395170142.3088}
{"type":"before","callId":"call@77","startTime":53711.781,"class":"Frame","method":"ariaSnapshot","params":{"mode":"ai","timeout":30000},"pageId":"page@bcd39af0209cd43733a18028cd932dd2"}
{"type":"after","callId":"call@77","endTime":53723.509,"result":{"snapshot":"- generic [ref=e60]:\n  - complementary [ref=e61]:\n    - generic [ref=e63]:\n      - img \"Volt Core\" [ref=e64]\n      - generic [ref=e65]: VOLTCORE\n    - navigation \"Navegacao principal\" [ref=e66]:\n      - generic [ref=e67]:\n        - button \"Visao global Empresas, usuarios e vinculos\" [expanded] [ref=e68] [cursor=pointer]:\n          - generic [ref=e75]:\n            - strong [ref=e76]: Visao global\n            - generic [ref=e77]: Empresas, usuarios e vinculos\n        - generic [ref=e81]:\n          - button \"Painel master\" [ref=e82] [cursor=pointer]\n          - button \"Empresas\" [ref=e89] [cursor=pointer]\n          - button \"Usuarios\" [ref=e95] [cursor=pointer]\n          - button \"Vinculos\" [ref=e109] [cursor=pointer]\n      - button \"Governanca Modulos, auditoria e sistema\" [ref=e116] [cursor=pointer]:\n        - generic [ref=e121]:\n          - strong [ref=e122]: Governanca\n          - generic [ref=e123]: Modulos, auditoria e sistema\n    - generic [ref=e127]:\n      - generic [ref=e128]:\n        - generic [ref=e129]: A\n        - generic [ref=e131]:\n          - strong [ref=e132]: Master Volt Core\n          - generic [ref=e133]: Admin master\n      - button \"Sair\" [ref=e136] [cursor=pointer]\n  - generic [ref=e141]:\n    - banner [ref=e142]:\n      - generic [ref=e143]:\n        - heading \"Painel Master\" [level=1] [ref=e144]\n        - paragraph [ref=e145]: Visao global dos ambientes, acessos e atividade do Volt Core.\n      - generic [ref=e146]:\n        - generic [ref=e147]: Central Volt\n        - button \"Master Volt Core\" [ref=e149] [cursor=pointer]\n    - main [ref=e150]:\n      - generic [ref=e151]:\n        - generic [ref=e152]:\n          - article [ref=e153]:\n            - generic [ref=e159]:\n              - generic [ref=e160]: Empresas\n              - strong [ref=e161]: \"1\"\n              - generic [ref=e162]: 1 ativas\n          - article [ref=e163]:\n            - generic [ref=e169]:\n              - generic [ref=e170]: Usuarios\n              - strong [ref=e171]: \"2\"\n              - generic [ref=e172]: 2 ativos\n          - article [ref=e173]:\n            - generic [ref=e178]:\n              - generic [ref=e179]: Eventos recentes\n              - strong [ref=e180]: \"148\"\n              - generic [ref=e181]: Ultimos 200 registros\n          - article [ref=e182]:\n            - generic [ref=e186]:\n              - generic [ref=e187]: Segmentos\n              - strong [ref=e188]: \"1\"\n              - generic [ref=e189]: Templates em uso\n        - generic [ref=e190]:\n          - generic [ref=e197]:\n            - heading \"Entrar em uma empresa\" [level=2] [ref=e198]\n            - paragraph [ref=e199]: Abra qualquer ambiente no contexto master para consultar ou executar operacoes.\n          - button \"Otica Nacional Sabaudia Otica - starter Ativo\" [ref=e290] [cursor=pointer]:\n            - generic [ref=e296]:\n              - strong [ref=e297]: Otica Nacional Sabaudia\n              - generic [ref=e298]: Otica - starter\n            - generic [ref=e299]: Ativo\n        - generic [ref=e202]:\n          - generic [ref=e203]:\n            - generic [ref=e209]:\n              - heading \"Administracao central\" [level=2] [ref=e210]\n              - paragraph [ref=e211]: Acessos diretos para governanca e suporte dos ambientes.\n            - generic [ref=e212]:\n              - generic [ref=e213]:\n                - generic [ref=e219]:\n                  - strong [ref=e220]: Gerenciar empresas\n                  - generic [ref=e221]: Cadastro, segmento, plano e acesso ao ambiente\n                - button \"Abrir\" [ref=e222] [cursor=pointer]\n              - generic [ref=e223]:\n                - generic [ref=e237]:\n                  - strong [ref=e238]: Revisar usuarios e vinculos\n                  - generic [ref=e239]: Perfis e empresas associadas a cada acesso\n                - button \"Abrir\" [ref=e240] [cursor=pointer]\n              - generic [ref=e241]:\n                - generic [ref=e246]:\n                  - strong [ref=e247]: Consultar auditoria\n                  - generic [ref=e248]: Operacoes registradas em todos os ambientes\n                - button \"Abrir\" [ref=e249] [cursor=pointer]\n          - generic [ref=e250]:\n            - generic [ref=e256]:\n              - heading \"Atividade das empresas\" [level=2] [ref=e257]\n              - paragraph [ref=e258]: Volume de eventos operacionais nos ultimos 30 dias.\n            - button \"Otica Nacional Sabaudia 10/08/2026, 17:11:59 87 eventos\" [ref=e302] [cursor=pointer]:\n              - generic [ref=e303]:\n                - strong [ref=e304]: Otica Nacional Sabaudia\n                - generic [ref=e305]: 10/08/2026, 17:11:59\n              - generic [ref=e306]: 87 eventos\n        - generic [ref=e261]:\n          - generic [ref=e268]:\n            - heading \"Atividade recente\" [level=2] [ref=e269]\n            - paragraph [ref=e270]: Visao consolidada dos ambientes cadastrados.\n          - table [ref=e272]:\n            - rowgroup [ref=e273]:\n              - row [ref=e274]:\n                - columnheader \"Quando\" [ref=e275]\n                - columnheader \"Empresa\" [ref=e276]\n                - columnheader \"Ator\" [ref=e277]\n                - columnheader \"Evento\" [ref=e278]\n                - columnheader \"Entidade\" [ref=e279]\n                - columnheader \"Status\" [ref=e280]\n            - rowgroup [ref=e281]:\n              - row [ref=e307]:\n                - cell \"10/08/2026, 17:11:59\" [ref=e308]\n                - cell \"Otica Nacional Sabaudia\" [ref=e309]\n                - cell \"Master Volt Core\" [ref=e310]\n                - cell \"cash.session.closed\" [ref=e311]\n                - cell \"cash_session\" [ref=e312]\n                - cell \"success\" [ref=e313]\n              - row [ref=e315]:\n                - cell \"10/08/2026, 17:10:49\" [ref=e316]\n                - cell \"Otica Nacional Sabaudia\" [ref=e317]\n                - cell \"Master Volt Core\" [ref=e318]\n                - cell \"sale.canceled\" [ref=e319]\n                - cell \"sale\" [ref=e320]\n                - cell \"warn\" [ref=e321]\n              - row [ref=e323]:\n                - cell \"10/08/2026, 17:09:47\" [ref=e324]\n                - cell \"Otica Nacional Sabaudia\" [ref=e325]\n                - cell \"Master Volt Core\" [ref=e326]\n                - cell \"optical_order.status_changed\" [ref=e327]\n                - cell \"optical_order\" [ref=e328]\n                - cell \"success\" [ref=e329]\n              - row [ref=e331]:\n                - cell \"10/08/2026, 17:07:08\" [ref=e332]\n                - cell \"Otica Nacional Sabaudia\" [ref=e333]\n                - cell \"Master Volt Core\" [ref=e334]\n                - cell \"sale.created\" [ref=e335]\n                - cell \"sale\" [ref=e336]\n                - cell \"success\" [ref=e337]\n              - row [ref=e339]:\n                - cell \"10/08/2026, 17:04:38\" [ref=e340]\n                - cell \"Otica Nacional Sabaudia\" [ref=e341]\n                - cell \"Master Volt Core\" [ref=e342]\n                - cell \"stock.moved\" [ref=e343]\n                - cell \"inventory_movement\" [ref=e344]\n                - cell \"success\" [ref=e345]\n              - row [ref=e347]:\n                - cell \"10/08/2026, 17:04:06\" [ref=e348]\n                - cell \"Otica Nacional Sabaudia\" [ref=e349]\n                - cell \"Master Volt Core\" [ref=e350]\n                - cell \"product.created\" [ref=e351]\n                - cell \"product\" [ref=e352]\n                - cell \"success\" [ref=e353]"}}
{"type":"before","callId":"call@79","startTime":53724.239,"class":"Frame","method":"title","params":{},"pageId":"page@bcd39af0209cd43733a18028cd932dd2"}
{"type":"after","callId":"call@79","endTime":53725.132,"result":{"value":"Volt Core"}}
{"type":"before","callId":"call@81","startTime":53725.455,"class":"Page","method":"consoleMessages","params":{"filter":"since-navigation"},"pageId":"page@bcd39af0209cd43733a18028cd932dd2"}
{"type":"after","callId":"call@81","endTime":53725.542,"result":{"messages":[{"type":"error","text":"Failed to load resource: the server responded with a status of 401 ()","args":[],"location":{"url":"https://volt-staging.onrender.com/api/core/auth/me","lineNumber":0,"columnNumber":0},"timestamp":1786395122429.248}]}}
{"type":"before","callId":"call@83","startTime":53725.809,"class":"Page","method":"pageErrors","params":{"filter":"since-navigation"},"pageId":"page@bcd39af0209cd43733a18028cd932dd2"}
{"type":"after","callId":"call@83","endTime":53725.853,"result":{"errors":[]}}
{"type":"before","callId":"call@86","startTime":75241.503,"class":"Frame","method":"click","params":{"selector":"aria-ref=e290","strict":true,"timeout":5000},"pageId":"page@bcd39af0209cd43733a18028cd932dd2","beforeSnapshot":"before@call@86"}
{"type":"frame-snapshot","snapshot":{"callId":"call@86","snapshotName":"before@call@86","pageId":"page@bcd39af0209cd43733a18028cd932dd2","frameId":"frame@40b891a766907a2ceb8521f707111a55","frameUrl":"https://volt-staging.onrender.com/core/app","doctype":"html","html":["HTML",{"lang":"pt-BR"},[[13,18]],[[13,19]],["BODY",{},[[13,20]],["DIV",{"id":"root"},["DIV",{"class":"app-shell min-h-screen"},[[2,99]],["DIV",{"class":"main-shell"},[[2,111]],["MAIN",{"class":"page-content"},["DIV",{"class":"master-workspace"},["SECTION",{"class":"report-grid"},["ARTICLE",{"class":"report-card"},[[2,120]],["DIV",{},[[2,122]],["STRONG",{},"1"],["SPAN",{},"1 ativas"]]],["ARTICLE",{"class":"report-card"},[[2,133]],["DIV",{},[[2,135]],["STRONG",{},"2"],["SPAN",{},"2 ativos"]]],["ARTICLE",{"class":"report-card"},[[2,145]],["DIV",{},[[2,147]],["STRONG",{},"148"],[[2,151]]]],["ARTICLE",{"class":"report-card"},[[2,158]],["DIV",{},[[2,160]],["STRONG",{},"1"],[[2,164]]]]],["SECTION",{"class":"panel panel-section master-company-entry"},[[2,182]],["DIV",{"class":"master-company-entry__list"},["BUTTON",{"class":"master-company-entry__item","type":"button"},["SPAN",{"class":"card-icon"},["svg",{"xmlns":"http://www.w3.org/2000/svg","width":"18","height":"18","viewBox":"0 0 24 24","fill":"none","stroke":"currentColor","stroke-width":"2","stroke-linecap":"round","stroke-linejoin":"round","class":"lucide lucide-building2 lucide-building-2","aria-hidden":"true"},["path",{"d":"M6 22V4a2 2 0 0 1 2-2h8a2 2 0 0 1 2 2v18Z"}],["path",{"d":"M6 12H4a2 2 0 0 0-2 2v6a2 2 0 0 0 2 2h2"}],["path",{"d":"M18 9h2a2 2 0 0 1 2 2v9a2 2 0 0 1-2 2h-2"}],["path",{"d":"M10 6h4"}],["path",{"d":"M10 10h4"}],["path",{"d":"M10 14h4"}],["path",{"d":"M10 18h4"}]]],["SPAN",{},["STRONG",{},"Otica Nacional Sabaudia"],["SMALL",{},"Otica"," - ","starter"]],["SPAN",{"class":"status-pill status-pill--success"},"Ativo"],["svg",{"xmlns":"http://www.w3.org/2000/svg","width":"18","height":"18","viewBox":"0 0 24 24","fill":"none","stroke":"currentColor","stroke-width":"2","stroke-linecap":"round","stroke-linejoin":"round","class":"lucide lucide-arrow-right","aria-hidden":"true"},["path",{"d":"M5 12h14"}],["path",{"d":"m12 5 7 7-7 7"}]]]]],["SECTION",{"class":"workspace-grid grid"},[[2,248]],["DIV",{"class":"panel panel-section"},[[2,258]],["DIV",{"class":"summary-stack"},["BUTTON",{"class":"master-activity-row","type":"button"},["SPAN",{},["STRONG",{},"Otica Nacional Sabaudia"],["SMALL",{},"10/08/2026, 17:11:59"]],["SPAN",{"class":"badge"},"87"," eventos"]]]]],["DIV",{"class":"panel panel-section span-2"},[[2,275]],["DIV",{"class":"table-wrap"},["TABLE",{},[[2,289]],["TBODY",{},["TR",{},["TD",{},"10/08/2026, 17:11:59"],["TD",{},"Otica Nacional Sabaudia"],["TD",{},"Master Volt Core"],["TD",{},"cash.session.closed"],["TD",{},"cash_session"],["TD",{},["SPAN",{"class":"status-pill status-pill--success"},"success"]]],["TR",{},["TD",{},"10/08/2026, 17:10:49"],["TD",{},"Otica Nacional Sabaudia"],["TD",{},"Master Volt Core"],["TD",{},"sale.canceled"],["TD",{},"sale"],["TD",{},["SPAN",{"class":"status-pill status-pill--warning"},"warn"]]],["TR",{},["TD",{},"10/08/2026, 17:09:47"],["TD",{},"Otica Nacional Sabaudia"],["TD",{},"Master Volt Core"],["TD",{},"optical_order.status_changed"],["TD",{},"optical_order"],["TD",{},["SPAN",{"class":"status-pill status-pill--success"},"success"]]],["TR",{},["TD",{},"10/08/2026, 17:07:08"],["TD",{},"Otica Nacional Sabaudia"],["TD",{},"Master Volt Core"],["TD",{},"sale.created"],["TD",{},"sale"],["TD",{},["SPAN",{"class":"status-pill status-pill--success"},"success"]]],["TR",{},["TD",{},"10/08/2026, 17:04:38"],["TD",{},"Otica Nacional Sabaudia"],["TD",{},"Master Volt Core"],["TD",{},"stock.moved"],["TD",{},"inventory_movement"],["TD",{},["SPAN",{"class":"status-pill status-pill--success"},"success"]]],["TR",{},["TD",{},"10/08/2026, 17:04:06"],["TD",{},"Otica Nacional Sabaudia"],["TD",{},"Master Volt Core"],["TD",{},"product.created"],["TD",{},"product"],["TD",{},["SPAN",{"class":"status-pill status-pill--success"},"success"]]]]]]]]]]]],[[13,85]]]],"viewport":{"width":929,"height":917},"timestamp":75244.915,"wallTime":1786395194426,"collectionTime":1.800000011920929,"resourceOverrides":[],"isMainFrame":true}}
{"type":"log","callId":"call@86","time":75245.36,"message":"waiting for locator('aria-ref=e290')"}
{"type":"log","callId":"call@86","time":75247.412,"message":"  locator resolved to <button type=\"button\" class=\"master-company-entry__item\">…</button>"}
{"type":"log","callId":"call@86","time":75248.25,"message":"attempting click action"}
{"type":"log","callId":"call@86","time":75248.302,"message":"  waiting for element to be visible, enabled and stable"}
{"type":"log","callId":"call@86","time":75258.663,"message":"  element is visible, enabled and stable"}
{"type":"log","callId":"call@86","time":75258.689,"message":"  scrolling into view if needed"}
{"type":"log","callId":"call@86","time":75259.302,"message":"  done scrolling"}
{"type":"input","callId":"call@86","point":{"x":586.18,"y":458.25},"inputSnapshot":"input@call@86"}
{"type":"frame-snapshot","snapshot":{"callId":"call@86","snapshotName":"input@call@86","pageId":"page@bcd39af0209cd43733a18028cd932dd2","frameId":"frame@40b891a766907a2ceb8521f707111a55","frameUrl":"https://volt-staging.onrender.com/core/app","doctype":"html","html":["HTML",{"__playwright_scroll_top_":"656","lang":"pt-BR"},[[14,18]],[[14,19]],["BODY",{},[[14,20]],["DIV",{"id":"root"},["DIV",{"class":"app-shell min-h-screen"},[[3,99]],["DIV",{"class":"main-shell"},[[3,111]],["MAIN",{"class":"page-content"},["DIV",{"class":"master-workspace"},[[1,20]],["SECTION",{"class":"panel panel-section master-company-entry"},[[3,182]],["DIV",{"class":"master-company-entry__list"},["BUTTON",{"__playwright_target__":"","class":"master-company-entry__item","type":"button"},[[1,29]],[[1,36]],[[1,38]],[[1,41]]]]],[[1,56]],[[1,144]]]]]]],[[14,85]]]],"viewport":{"width":929,"height":917},"timestamp":75261.74,"wallTime":1786395194444,"collectionTime":0.8999999761581421,"resourceOverrides":[],"isMainFrame":true}}
{"type":"log","callId":"call@86","time":75263.046,"message":"  performing click action"}
{"type":"log","callId":"call@86","time":75279.78,"message":"  click action done"}
{"type":"log","callId":"call@86","time":75279.869,"message":"  waiting for scheduled navigations to finish"}
{"type":"log","callId":"call@86","time":75283.423,"message":"  navigations have finished"}
{"type":"after","callId":"call@86","endTime":75283.781,"afterSnapshot":"after@call@86"}
{"type":"frame-snapshot","snapshot":{"callId":"call@86","snapshotName":"after@call@86","pageId":"page@bcd39af0209cd43733a18028cd932dd2","frameId":"frame@40b891a766907a2ceb8521f707111a55","frameUrl":"https://volt-staging.onrender.com/core/app","doctype":"html","html":["HTML",{"__playwright_scroll_top_":"15","lang":"pt-BR"},[[15,18]],[[15,19]],["BODY",{},[[15,20]],["DIV",{"id":"root"},["DIV",{"class":"app-shell min-h-screen"},["ASIDE",{"class":"sidebar"},[[4,6]],["NAV",{"class":"nav-list","aria-label":"Navegacao principal"},["SECTION",{"class":"nav-group nav-group--open"},["BUTTON",{"class":"nav-group__toggle","type":"button","aria-expanded":"true"},["SPAN",{"class":"nav-group__icon"},["svg",{"xmlns":"http://www.w3.org/2000/svg","width":"16","height":"16","viewBox":"0 0 24 24","fill":"none","stroke":"currentColor","stroke-width":"2","stroke-linecap":"round","stroke-linejoin":"round","class":"lucide lucide-shopping-cart","aria-hidden":"true"},["circle",{"cx":"8","cy":"21","r":"1"}],["circle",{"cx":"19","cy":"21","r":"1"}],["path",{"d":"M2.05 2.05h2l2.66 12.42a2 2 0 0 0 2 1.58h9.78a2 2 0 0 0 1.95-1.57l1.65-7.43H5.12"}]]],["SPAN",{"class":"nav-group__meta"},["STRONG",{},"Operacao"],["SMALL",{},"Vendas, clientes e estoque"]],["SPAN",{"class":"nav-group__chevron"},["svg",{"xmlns":"http://www.w3.org/2000/svg","width":"14","height":"14","viewBox":"0 0 24 24","fill":"none","stroke":"currentColor","stroke-width":"2","stroke-linecap":"round","stroke-linejoin":"round","class":"lucide lucide-chevron-right","aria-hidden":"true"},["path",{"d":"m9 18 6-6-6-6"}]]]],["DIV",{"class":"nav-group__items"},["BUTTON",{"class":"nav-item nav-item--active","data-page":"dashboard","type":"button","title":"Dashboard"},["svg",{"xmlns":"http://www.w3.org/2000/svg","width":"19","height":"19","viewBox":"0 0 24 24","fill":"none","stroke":"currentColor","stroke-width":"1.9","stroke-linecap":"round","stroke-linejoin":"round","class":"lucide lucide-layout-dashboard","aria-hidden":"true"},["rect",{"width":"7","height":"9","x":"3","y":"3","rx":"1"}],["rect",{"width":"7","height":"5","x":"14","y":"3","rx":"1"}],["rect",{"width":"7","height":"9","x":"14","y":"12","rx":"1"}],["rect",{"width":"7","height":"5","x":"3","y":"16","rx":"1"}]],["SPAN",{},"Dashboard"]]]]],[[4,98]]],["DIV",{"class":"main-shell"},["HEADER",{"class":"topbar"},["DIV",{"class":"topbar-copy"},["H1",{},"Dashboard"],["P",{},"Visao executiva da empresa, rotina de hoje e alertas de operacao."]],["DIV",{"class":"topbar-actions"},["LABEL",{"class":"topbar-select"},"Empresa",["SELECT"]],["SPAN",{"class":"badge topbar-sector"},"Setor pendente"],["SPAN",{"class":"badge topbar-badge"},[[4,105]],"Banco real"],["BUTTON",{"class":"button-secondary","type":"button"},["svg",{"xmlns":"http://www.w3.org/2000/svg","width":"17","height":"17","viewBox":"0 0 24 24","fill":"none","stroke":"currentColor","stroke-width":"2","stroke-linecap":"round","stroke-linejoin":"round","class":"lucide lucide-shield-check","aria-hidden":"true"},["path",{"d":"M20 13c0 5-3.5 7.5-7.66 8.95a1 1 0 0 1-.67-.01C7.5 20.5 4 18 4 13V6a1 1 0 0 1 1-1c2 0 4.5-1.2 6.24-2.72a1.17 1.17 0 0 1 1.52 0C14.51 3.81 17 5 19 5a1 1 0 0 1 1 1z"}],["path",{"d":"m9 12 2 2 4-4"}]],"Painel master"],["BUTTON",{"class":"button-secondary","type":"button"},"Carregando..."]]],["MAIN",{"class":"page-content"},["DIV",{"class":"panel panel-section runtime-state","role":"status"},["SPAN",{"class":"spinner"}],["DIV",{},["H2",{},"Carregando ambiente"],["P",{},"Buscando configuracoes, modulos e dados da empresa."]]]]],["DIV",{"class":"app-toast","role":"status"},"Ambiente da empresa carregado."]]],[[15,85]]]],"viewport":{"width":929,"height":917},"timestamp":75286.272,"wallTime":1786395194468,"collectionTime":0.800000011920929,"resourceOverrides":[],"isMainFrame":true}}
{"type":"before","callId":"call@88","startTime":75287.061,"class":"Frame","method":"evaluateExpression","params":{"expression":"(ms) => new Promise((f) => setTimeout(f, ms))","isFunction":true,"arg":{"value":{"n":500},"handles":[]}},"pageId":"page@bcd39af0209cd43733a18028cd932dd2","beforeSnapshot":"before@call@88"}
{"type":"frame-snapshot","snapshot":{"callId":"call@88","snapshotName":"before@call@88","pageId":"page@bcd39af0209cd43733a18028cd932dd2","frameId":"frame@40b891a766907a2ceb8521f707111a55","frameUrl":"https://volt-staging.onrender.com/core/app","doctype":"html","html":[[1,61]],"viewport":{"width":929,"height":917},"timestamp":75288.211,"wallTime":1786395194470,"collectionTime":0.3999999761581421,"resourceOverrides":[],"isMainFrame":true}}
{"type":"screencast-frame","pageId":"page@bcd39af0209cd43733a18028cd932dd2","sha1":"page@bcd39af0209cd43733a18028cd932dd2-1786395194536.jpeg","width":929,"height":917,"timestamp":75353.843,"frameSwapWallTime":1786395194530.0679}
{"type":"screencast-frame","pageId":"page@bcd39af0209cd43733a18028cd932dd2","sha1":"page@bcd39af0209cd43733a18028cd932dd2-1786395194552.jpeg","width":929,"height":917,"timestamp":75369.514,"frameSwapWallTime":1786395194548.065}
{"type":"screencast-frame","pageId":"page@bcd39af0209cd43733a18028cd932dd2","sha1":"page@bcd39af0209cd43733a18028cd932dd2-1786395194556.jpeg","width":929,"height":917,"timestamp":75374.241,"frameSwapWallTime":1786395194552.376}
{"type":"screencast-frame","pageId":"page@bcd39af0209cd43733a18028cd932dd2","sha1":"page@bcd39af0209cd43733a18028cd932dd2-1786395194565.jpeg","width":929,"height":917,"timestamp":75383.176,"frameSwapWallTime":1786395194561.7458}
{"type":"screencast-frame","pageId":"page@bcd39af0209cd43733a18028cd932dd2","sha1":"page@bcd39af0209cd43733a18028cd932dd2-1786395194583.jpeg","width":929,"height":917,"timestamp":75400.629,"frameSwapWallTime":1786395194578.818}
{"type":"screencast-frame","pageId":"page@bcd39af0209cd43733a18028cd932dd2","sha1":"page@bcd39af0209cd43733a18028cd932dd2-1786395194599.jpeg","width":929,"height":917,"timestamp":75417.473,"frameSwapWallTime":1786395194595.688}
{"type":"screencast-frame","pageId":"page@bcd39af0209cd43733a18028cd932dd2","sha1":"page@bcd39af0209cd43733a18028cd932dd2-1786395194622.jpeg","width":929,"height":917,"timestamp":75439.665,"frameSwapWallTime":1786395194618.834}
{"type":"screencast-frame","pageId":"page@bcd39af0209cd43733a18028cd932dd2","sha1":"page@bcd39af0209cd43733a18028cd932dd2-1786395194633.jpeg","width":929,"height":917,"timestamp":75450.575,"frameSwapWallTime":1786395194628.546}
{"type":"screencast-frame","pageId":"page@bcd39af0209cd43733a18028cd932dd2","sha1":"page@bcd39af0209cd43733a18028cd932dd2-1786395194653.jpeg","width":929,"height":917,"timestamp":75470.793,"frameSwapWallTime":1786395194650.06}
{"type":"screencast-frame","pageId":"page@bcd39af0209cd43733a18028cd932dd2","sha1":"page@bcd39af0209cd43733a18028cd932dd2-1786395194669.jpeg","width":929,"height":917,"timestamp":75486.936,"frameSwapWallTime":1786395194666.173}
{"type":"screencast-frame","pageId":"page@bcd39af0209cd43733a18028cd932dd2","sha1":"page@bcd39af0209cd43733a18028cd932dd2-1786395194685.jpeg","width":929,"height":917,"timestamp":75503.056,"frameSwapWallTime":1786395194682.152}
{"type":"screencast-frame","pageId":"page@bcd39af0209cd43733a18028cd932dd2","sha1":"page@bcd39af0209cd43733a18028cd932dd2-1786395194701.jpeg","width":929,"height":917,"timestamp":75518.917,"frameSwapWallTime":1786395194698.14}
{"type":"screencast-frame","pageId":"page@bcd39af0209cd43733a18028cd932dd2","sha1":"page@bcd39af0209cd43733a18028cd932dd2-1786395194716.jpeg","width":929,"height":917,"timestamp":75534.239,"frameSwapWallTime":1786395194713.4521}
{"type":"screencast-frame","pageId":"page@bcd39af0209cd43733a18028cd932dd2","sha1":"page@bcd39af0209cd43733a18028cd932dd2-1786395194732.jpeg","width":929,"height":917,"timestamp":75550.134,"frameSwapWallTime":1786395194729.008}
{"type":"screencast-frame","pageId":"page@bcd39af0209cd43733a18028cd932dd2","sha1":"page@bcd39af0209cd43733a18028cd932dd2-1786395194762.jpeg","width":929,"height":917,"timestamp":75579.733,"frameSwapWallTime":1786395194757.944}
{"type":"screencast-frame","pageId":"page@bcd39af0209cd43733a18028cd932dd2","sha1":"page@bcd39af0209cd43733a18028cd932dd2-1786395194778.jpeg","width":929,"height":917,"timestamp":75596.125,"frameSwapWallTime":1786395194774.783}
{"type":"screencast-frame","pageId":"page@bcd39af0209cd43733a18028cd932dd2","sha1":"page@bcd39af0209cd43733a18028cd932dd2-1786395194796.jpeg","width":929,"height":917,"timestamp":75614.11,"frameSwapWallTime":1786395194791.474}
{"type":"screencast-frame","pageId":"page@bcd39af0209cd43733a18028cd932dd2","sha1":"page@bcd39af0209cd43733a18028cd932dd2-1786395194813.jpeg","width":929,"height":917,"timestamp":75630.531,"frameSwapWallTime":1786395194808.388}
{"type":"screencast-frame","pageId":"page@bcd39af0209cd43733a18028cd932dd2","sha1":"page@bcd39af0209cd43733a18028cd932dd2-1786395194829.jpeg","width":929,"height":917,"timestamp":75647.418,"frameSwapWallTime":1786395194825.102}
{"type":"screencast-frame","pageId":"page@bcd39af0209cd43733a18028cd932dd2","sha1":"page@bcd39af0209cd43733a18028cd932dd2-1786395194845.jpeg","width":929,"height":917,"timestamp":75662.583,"frameSwapWallTime":1786395194839.613}
{"type":"screencast-frame","pageId":"page@bcd39af0209cd43733a18028cd932dd2","sha1":"page@bcd39af0209cd43733a18028cd932dd2-1786395194859.jpeg","width":929,"height":917,"timestamp":75676.555,"frameSwapWallTime":1786395194854.7249}
{"type":"screencast-frame","pageId":"page@bcd39af0209cd43733a18028cd932dd2","sha1":"page@bcd39af0209cd43733a18028cd932dd2-1786395194873.jpeg","width":929,"height":917,"timestamp":75690.832,"frameSwapWallTime":1786395194870.035}
{"type":"screencast-frame","pageId":"page@bcd39af0209cd43733a18028cd932dd2","sha1":"page@bcd39af0209cd43733a18028cd932dd2-1786395194889.jpeg","width":929,"height":917,"timestamp":75707.261,"frameSwapWallTime":1786395194885.4512}
{"type":"screencast-frame","pageId":"page@bcd39af0209cd43733a18028cd932dd2","sha1":"page@bcd39af0209cd43733a18028cd932dd2-1786395194904.jpeg","width":929,"height":917,"timestamp":75721.635,"frameSwapWallTime":1786395194900.524}
{"type":"screencast-frame","pageId":"page@bcd39af0209cd43733a18028cd932dd2","sha1":"page@bcd39af0209cd43733a18028cd932dd2-1786395194920.jpeg","width":929,"height":917,"timestamp":75737.516,"frameSwapWallTime":1786395194916.307}
{"type":"screencast-frame","pageId":"page@bcd39af0209cd43733a18028cd932dd2","sha1":"page@bcd39af0209cd43733a18028cd932dd2-1786395194936.jpeg","width":929,"height":917,"timestamp":75754.081,"frameSwapWallTime":1786395194932.884}
{"type":"screencast-frame","pageId":"page@bcd39af0209cd43733a18028cd932dd2","sha1":"page@bcd39af0209cd43733a18028cd932dd2-1786395194951.jpeg","width":929,"height":917,"timestamp":75769.485,"frameSwapWallTime":1786395194948.6548}
{"type":"screencast-frame","pageId":"page@bcd39af0209cd43733a18028cd932dd2","sha1":"page@bcd39af0209cd43733a18028cd932dd2-1786395194967.jpeg","width":929,"height":917,"timestamp":75785.396,"frameSwapWallTime":1786395194964.686}
{"type":"after","callId":"call@88","endTime":75792.753,"result":{"value":{"v":"undefined"}},"afterSnapshot":"after@call@88"}
{"type":"frame-snapshot","snapshot":{"callId":"call@88","snapshotName":"after@call@88","pageId":"page@bcd39af0209cd43733a18028cd932dd2","frameId":"frame@40b891a766907a2ceb8521f707111a55","frameUrl":"https://volt-staging.onrender.com/core/app","doctype":"html","html":[[2,61]],"viewport":{"width":929,"height":917},"timestamp":75794.603,"wallTime":1786395194977,"collectionTime":0.8999999761581421,"resourceOverrides":[],"isMainFrame":true}}
{"type":"screencast-frame","pageId":"page@bcd39af0209cd43733a18028cd932dd2","sha1":"page@bcd39af0209cd43733a18028cd932dd2-1786395194983.jpeg","width":929,"height":917,"timestamp":75800.561,"frameSwapWallTime":1786395194979.734}
{"type":"screencast-frame","pageId":"page@bcd39af0209cd43733a18028cd932dd2","sha1":"page@bcd39af0209cd43733a18028cd932dd2-1786395195013.jpeg","width":929,"height":917,"timestamp":75830.774,"frameSwapWallTime":1786395195008.39}
{"type":"screencast-frame","pageId":"page@bcd39af0209cd43733a18028cd932dd2","sha1":"page@bcd39af0209cd43733a18028cd932dd2-1786395195029.jpeg","width":929,"height":917,"timestamp":75847.012,"frameSwapWallTime":1786395195024.911}
{"type":"screencast-frame","pageId":"page@bcd39af0209cd43733a18028cd932dd2","sha1":"page@bcd39af0209cd43733a18028cd932dd2-1786395195045.jpeg","width":929,"height":917,"timestamp":75863.259,"frameSwapWallTime":1786395195041.906}
{"type":"screencast-frame","pageId":"page@bcd39af0209cd43733a18028cd932dd2","sha1":"page@bcd39af0209cd43733a18028cd932dd2-1786395195062.jpeg","width":929,"height":917,"timestamp":75880.181,"frameSwapWallTime":1786395195058.522}
{"type":"screencast-frame","pageId":"page@bcd39af0209cd43733a18028cd932dd2","sha1":"page@bcd39af0209cd43733a18028cd932dd2-1786395195078.jpeg","width":929,"height":917,"timestamp":75895.778,"frameSwapWallTime":1786395195073.5159}
{"type":"screencast-frame","pageId":"page@bcd39af0209cd43733a18028cd932dd2","sha1":"page@bcd39af0209cd43733a18028cd932dd2-1786395195093.jpeg","width":929,"height":917,"timestamp":75911.239,"frameSwapWallTime":1786395195089.336}
{"type":"screencast-frame","pageId":"page@bcd39af0209cd43733a18028cd932dd2","sha1":"page@bcd39af0209cd43733a18028cd932dd2-1786395195109.jpeg","width":929,"height":917,"timestamp":75926.574,"frameSwapWallTime":1786395195104.717}
{"type":"screencast-frame","pageId":"page@bcd39af0209cd43733a18028cd932dd2","sha1":"page@bcd39af0209cd43733a18028cd932dd2-1786395195124.jpeg","width":929,"height":917,"timestamp":75941.782,"frameSwapWallTime":1786395195120.2732}
{"type":"screencast-frame","pageId":"page@bcd39af0209cd43733a18028cd932dd2","sha1":"page@bcd39af0209cd43733a18028cd932dd2-1786395195139.jpeg","width":929,"height":917,"timestamp":75957.061,"frameSwapWallTime":1786395195136.101}
{"type":"screencast-frame","pageId":"page@bcd39af0209cd43733a18028cd932dd2","sha1":"page@bcd39af0209cd43733a18028cd932dd2-1786395195154.jpeg","width":929,"height":917,"timestamp":75972.405,"frameSwapWallTime":1786395195151.4731}
{"type":"screencast-frame","pageId":"page@bcd39af0209cd43733a18028cd932dd2","sha1":"page@bcd39af0209cd43733a18028cd932dd2-1786395195170.jpeg","width":929,"height":917,"timestamp":75988.413,"frameSwapWallTime":1786395195166.99}
{"type":"screencast-frame","pageId":"page@bcd39af0209cd43733a18028cd932dd2","sha1":"page@bcd39af0209cd43733a18028cd932dd2-1786395195185.jpeg","width":929,"height":917,"timestamp":76003.372,"frameSwapWallTime":1786395195182.6501}
{"type":"screencast-frame","pageId":"page@bcd39af0209cd43733a18028cd932dd2","sha1":"page@bcd39af0209cd43733a18028cd932dd2-1786395195201.jpeg","width":929,"height":917,"timestamp":76019.39,"frameSwapWallTime":1786395195198.606}
{"type":"screencast-frame","pageId":"page@bcd39af0209cd43733a18028cd932dd2","sha1":"page@bcd39af0209cd43733a18028cd932dd2-1786395195218.jpeg","width":929,"height":917,"timestamp":76035.893,"frameSwapWallTime":1786395195214.856}
{"type":"screencast-frame","pageId":"page@bcd39af0209cd43733a18028cd932dd2","sha1":"page@bcd39af0209cd43733a18028cd932dd2-1786395195233.jpeg","width":929,"height":917,"timestamp":76050.952,"frameSwapWallTime":1786395195230.217}
{"type":"screencast-frame","pageId":"page@bcd39af0209cd43733a18028cd932dd2","sha1":"page@bcd39af0209cd43733a18028cd932dd2-1786395195263.jpeg","width":929,"height":917,"timestamp":76080.872,"frameSwapWallTime":1786395195258.5298}
{"type":"screencast-frame","pageId":"page@bcd39af0209cd43733a18028cd932dd2","sha1":"page@bcd39af0209cd43733a18028cd932dd2-1786395195281.jpeg","width":929,"height":917,"timestamp":76098.763,"frameSwapWallTime":1786395195275.373}
{"type":"screencast-frame","pageId":"page@bcd39af0209cd43733a18028cd932dd2","sha1":"page@bcd39af0209cd43733a18028cd932dd2-1786395195297.jpeg","width":929,"height":917,"timestamp":76114.565,"frameSwapWallTime":1786395195292.164}
{"type":"screencast-frame","pageId":"page@bcd39af0209cd43733a18028cd932dd2","sha1":"page@bcd39af0209cd43733a18028cd932dd2-1786395195312.jpeg","width":929,"height":917,"timestamp":76130.325,"frameSwapWallTime":1786395195308.0261}
{"type":"before","callId":"call@91","startTime":76132.735,"class":"Frame","method":"evaluateExpression","params":{"expression":"(ms) => new Promise((f) => setTimeout(f, ms))","isFunction":true,"arg":{"value":{"n":500},"handles":[]}},"pageId":"page@bcd39af0209cd43733a18028cd932dd2","beforeSnapshot":"before@call@91"}
{"type":"screencast-frame","pageId":"page@bcd39af0209cd43733a18028cd932dd2","sha1":"page@bcd39af0209cd43733a18028cd932dd2-1786395195328.jpeg","width":929,"height":917,"timestamp":76145.891,"frameSwapWallTime":1786395195323.048}
{"type":"screencast-frame","pageId":"page@bcd39af0209cd43733a18028cd932dd2","sha1":"page@bcd39af0209cd43733a18028cd932dd2-1786395195342.jpeg","width":929,"height":917,"timestamp":76159.793,"frameSwapWallTime":1786395195338.5269}
{"type":"frame-snapshot","snapshot":{"callId":"call@91","snapshotName":"before@call@91","pageId":"page@bcd39af0209cd43733a18028cd932dd2","frameId":"frame@40b891a766907a2ceb8521f707111a55","frameUrl":"https://volt-staging.onrender.com/core/app","doctype":"html","html":["HTML",{"__playwright_scroll_top_":"467","lang":"pt-BR"},[[18,18]],[[18,19]],["BODY",{},[[18,20]],["DIV",{"id":"root"},["DIV",{"class":"app-shell min-h-screen"},["ASIDE",{"class":"sidebar"},[[7,6]],["NAV",{"class":"nav-list","aria-label":"Navegacao principal"},["SECTION",{"class":"nav-group nav-group--open"},[[3,13]],["DIV",{"class":"nav-group__items"},[[3,21]],["BUTTON",{"class":"nav-item ","data-page":"sales","type":"button","title":"Vendas"},["svg",{"xmlns":"http://www.w3.org/2000/svg","width":"19","height":"19","viewBox":"0 0 24 24","fill":"none","stroke":"currentColor","stroke-width":"1.9","stroke-linecap":"round","stroke-linejoin":"round","class":"lucide lucide-shopping-cart","aria-hidden":"true"},["circle",{"cx":"8","cy":"21","r":"1"}],["circle",{"cx":"19","cy":"21","r":"1"}],["path",{"d":"M2.05 2.05h2l2.66 12.42a2 2 0 0 0 2 1.58h9.78a2 2 0 0 0 1.95-1.57l1.65-7.43H5.12"}]],["SPAN",{},"Vendas"]],["BUTTON",{"class":"nav-item ","data-page":"customers","type":"button","title":"Clientes"},["svg",{"xmlns":"http://www.w3.org/2000/svg","width":"19","height":"19","viewBox":"0 0 24 24","fill":"none","stroke":"currentColor","stroke-width":"1.9","stroke-linecap":"round","stroke-linejoin":"round","class":"lucide lucide-users-round","aria-hidden":"true"},["path",{"d":"M18 21a8 8 0 0 0-16 0"}],["circle",{"cx":"10","cy":"8","r":"5"}],["path",{"d":"M22 20c0-3.37-2-6.5-4-8a5 5 0 0 0-.45-8.3"}]],["SPAN",{},"Clientes"]],["BUTTON",{"class":"nav-item ","data-page":"products","type":"button","title":"Produtos e servicos"},["svg",{"xmlns":"http://www.w3.org/2000/svg","width":"19","height":"19","viewBox":"0 0 24 24","fill":"none","stroke":"currentColor","stroke-width":"1.9","stroke-linecap":"round","stroke-linejoin":"round","class":"lucide lucide-package-plus","aria-hidden":"true"},["path",{"d":"M16 16h6"}],["path",{"d":"M19 13v6"}],["path",{"d":"M21 10V8a2 2 0 0 0-1-1.73l-7-4a2 2 0 0 0-2 0l-7 4A2 2 0 0 0 3 8v8a2 2 0 0 0 1 1.73l7 4a2 2 0 0 0 2 0l2-1.14"}],["path",{"d":"m7.5 4.27 9 5.15"}],["polyline",{"points":"3.29 7 12 12 20.71 7"}],["line",{"x1":"12","x2":"12","y1":"22","y2":"12"}]],["SPAN",{},"Produtos e servicos"]],["BUTTON",{"class":"nav-item ","data-page":"inventory","type":"button","title":"Estoque"},["svg",{"xmlns":"http://www.w3.org/2000/svg","width":"19","height":"19","viewBox":"0 0 24 24","fill":"none","stroke":"currentColor","stroke-width":"1.9","stroke-linecap":"round","stroke-linejoin":"round","class":"lucide lucide-boxes","aria-hidden":"true"},["path",{"d":"M2.97 12.92A2 2 0 0 0 2 14.63v3.24a2 2 0 0 0 .97 1.71l3 1.8a2 2 0 0 0 2.06 0L12 19v-5.5l-5-3-4.03 2.42Z"}],["path",{"d":"m7 16.5-4.74-2.85"}],["path",{"d":"m7 16.5 5-3"}],["path",{"d":"M7 16.5v5.17"}],["path",{"d":"M12 13.5V19l3.97 2.38a2 2 0 0 0 2.06 0l3-1.8a2 2 0 0 0 .97-1.71v-3.24a2 2 0 0 0-.97-1.71L17 10.5l-5 3Z"}],["path",{"d":"m17 16.5-5-3"}],["path",{"d":"m17 16.5 4.74-2.85"}],["path",{"d":"M17 16.5v5.17"}],["path",{"d":"M7.97 4.42A2 2 0 0 0 7 6.13v4.37l5 3 5-3V6.13a2 2 0 0 0-.97-1.71l-3-1.8a2 2 0 0 0-2.06 0l-3 1.8Z"}],["path",{"d":"M12 8 7.26 5.15"}],["path",{"d":"m12 8 4.74-2.85"}],["path",{"d":"M12 13.5V8"}]],["SPAN",{},"Estoque"]]]],["SECTION",{"class":"nav-group "},["BUTTON",{"class":"nav-group__toggle","type":"button","aria-expanded":"false"},["SPAN",{"class":"nav-group__icon"},["svg",{"xmlns":"http://www.w3.org/2000/svg","width":"16","height":"16","viewBox":"0 0 24 24","fill":"none","stroke":"currentColor","stroke-width":"2","stroke-linecap":"round","stroke-linejoin":"round","class":"lucide lucide-landmark","aria-hidden":"true"},["path",{"d":"M10 18v-7"}],["path",{"d":"M11.12 2.198a2 2 0 0 1 1.76.006l7.866 3.847c.476.233.31.949-.22.949H3.474c-.53 0-.695-.716-.22-.949z"}],["path",{"d":"M14 18v-7"}],["path",{"d":"M18 18v-7"}],["path",{"d":"M3 22h18"}],["path",{"d":"M6 18v-7"}]]],["SPAN",{"class":"nav-group__meta"},["STRONG",{},"Financeiro"],["SMALL",{},"Caixa, recebiveis e pagamentos"]],["SPAN",{"class":"nav-group__chevron"},["svg",{"xmlns":"http://www.w3.org/2000/svg","width":"14","height":"14","viewBox":"0 0 24 24","fill":"none","stroke":"currentColor","stroke-width":"2","stroke-linecap":"round","stroke-linejoin":"round","class":"lucide lucide-chevron-right","aria-hidden":"true"},["path",{"d":"m9 18 6-6-6-6"}]]]]],["SECTION",{"class":"nav-group "},["BUTTON",{"class":"nav-group__toggle","type":"button","aria-expanded":"false"},["SPAN",{"class":"nav-group__icon"},["svg",{"xmlns":"http://www.w3.org/2000/svg","width":"16","height":"16","viewBox":"0 0 24 24","fill":"none","stroke":"currentColor","stroke-width":"2","stroke-linecap":"round","stroke-linejoin":"round","class":"lucide lucide-wrench","aria-hidden":"true"},["path",{"d":"M14.7 6.3a1 1 0 0 0 0 1.4l1.6 1.6a1 1 0 0 0 1.4 0l3.106-3.105c.32-.322.863-.22.983.218a6 6 0 0 1-8.259 7.057l-7.91 7.91a1 1 0 0 1-2.999-3l7.91-7.91a6 6 0 0 1 7.057-8.259c.438.12.54.662.219.984z"}]]],["SPAN",{"class":"nav-group__meta"},["STRONG",{},"Setorial"],["SMALL",{},"Fluxos do segmento da empresa"]],["SPAN",{"class":"nav-group__chevron"},["svg",{"xmlns":"http://www.w3.org/2000/svg","width":"14","height":"14","viewBox":"0 0 24 24","fill":"none","stroke":"currentColor","stroke-width":"2","stroke-linecap":"round","stroke-linejoin":"round","class":"lucide lucide-chevron-right","aria-hidden":"true"},["path",{"d":"m9 18 6-6-6-6"}]]]]],["SECTION",{"class":"nav-group "},["BUTTON",{"class":"nav-group__toggle","type":"button","aria-expanded":"false"},["SPAN",{"class":"nav-group__icon"},["svg",{"xmlns":"http://www.w3.org/2000/svg","width":"16","height":"16","viewBox":"0 0 24 24","fill":"none","stroke":"currentColor","stroke-width":"2","stroke-linecap":"round","stroke-linejoin":"round","class":"lucide lucide-chart-column","aria-hidden":"true"},["path",{"d":"M3 3v16a2 2 0 0 0 2 2h16"}],["path",{"d":"M18 17V9"}],["path",{"d":"M13 17V5"}],["path",{"d":"M8 17v-3"}]]],["SPAN",{"class":"nav-group__meta"},["STRONG",{},"Gestao"],["SMALL",{},"Relatorios e leitura gerencial"]],["SPAN",{"class":"nav-group__chevron"},["svg",{"xmlns":"http://www.w3.org/2000/svg","width":"14","height":"14","viewBox":"0 0 24 24","fill":"none","stroke":"currentColor","stroke-width":"2","stroke-linecap":"round","stroke-linejoin":"round","class":"lucide lucide-chevron-right","aria-hidden":"true"},["path",{"d":"m9 18 6-6-6-6"}]]]]],["SECTION",{"class":"nav-group "},["BUTTON",{"class":"nav-group__toggle","type":"button","aria-expanded":"false"},["SPAN",{"class":"nav-group__icon"},["svg",{"xmlns":"http://www.w3.org/2000/svg","width":"16","height":"16","viewBox":"0 0 24 24","fill":"none","stroke":"currentColor","stroke-width":"2","stroke-linecap":"round","stroke-linejoin":"round","class":"lucide lucide-settings","aria-hidden":"true"},["path",{"d":"M9.671 4.136a2.34 2.34 0 0 1 4.659 0 2.34 2.34 0 0 0 3.319 1.915 2.34 2.34 0 0 1 2.33 4.033 2.34 2.34 0 0 0 0 3.831 2.34 2.34 0 0 1-2.33 4.033 2.34 2.34 0 0 0-3.319 1.915 2.34 2.34 0 0 1-4.659 0 2.34 2.34 0 0 0-3.32-1.915 2.34 2.34 0 0 1-2.33-4.033 2.34 2.34 0 0 0 0-3.831A2.34 2.34 0 0 1 6.35 6.051a2.34 2.34 0 0 0 3.319-1.915"}],["circle",{"cx":"12","cy":"12","r":"3"}]]],["SPAN",{"class":"nav-group__meta"},["STRONG",{},"Administracao"],["SMALL",{},"Implantacao, usuarios e parametros"]],["SPAN",{"class":"nav-group__chevron"},["svg",{"xmlns":"http://www.w3.org/2000/svg","width":"14","height":"14","viewBox":"0 0 24 24","fill":"none","stroke":"currentColor","stroke-width":"2","stroke-linecap":"round","stroke-linejoin":"round","class":"lucide lucide-chevron-right","aria-hidden":"true"},["path",{"d":"m9 18 6-6-6-6"}]]]]]],[[7,98]]],["DIV",{"class":"main-shell"},["HEADER",{"class":"topbar"},[[3,30]],["DIV",{"class":"topbar-actions"},["LABEL",{"class":"topbar-select"},[[3,31]],["SELECT",{},["OPTION",{"__playwright_selected_":"true","value":"e602f1a7-44b8-47be-a7ff-45017d7e1003"},"Otica Nacional Sabaudia"]]],["SPAN",{"class":"badge topbar-sector"},"Setor: Otica"],[[3,37]],[[3,42]],["BUTTON",{"class":"button-secondary","type":"button"},"Master Volt Core"]]],["MAIN",{"class":"page-content"},["SECTION",{"class":"dashboard-grid grid"},["BUTTON",{"class":"metric-card metric-card--blue metric-card--button","type":"button"},["SMALL",{},"Clientes"],["STRONG",{},"28"],["SPAN",{},"Cadastros ativos"]],["BUTTON",{"class":"metric-card metric-card--blue metric-card--button","type":"button"},["SMALL",{},"Produtos"],["STRONG",{},"96"],["SPAN",{},"Catalogo da empresa"]],["BUTTON",{"class":"metric-card metric-card--amber metric-card--button","type":"button"},["SMALL",{},"Estoque critico"],["STRONG",{},"1"],["SPAN",{},"Itens abaixo do minimo"]],["BUTTON",{"class":"metric-card metric-card--violet metric-card--button","type":"button"},["SMALL",{},"Recebiveis"],["STRONG",{},"R$ 596,98"],["SPAN",{},"Saldo em aberto"]]],["SECTION",{"class":"workspace-grid grid"},["DIV",{"class":"panel panel-section"},["DIV",{"class":"section-title"},["SPAN",{"class":"card-icon"},["svg",{"xmlns":"http://www.w3.org/2000/svg","width":"23","height":"23","viewBox":"0 0 24 24","fill":"none","stroke":"currentColor","stroke-width":"2","stroke-linecap":"round","stroke-linejoin":"round","class":"lucide lucide-shopping-cart","aria-hidden":"true"},["circle",{"cx":"8","cy":"21","r":"1"}],["circle",{"cx":"19","cy":"21","r":"1"}],["path",{"d":"M2.05 2.05h2l2.66 12.42a2 2 0 0 0 2 1.58h9.78a2 2 0 0 0 1.95-1.57l1.65-7.43H5.12"}]]],["DIV",{},["H2",{},"Rotina operacional"],["P",{},"Atalhos principais para as tarefas que a empresa usa todos os dias."]]],["DIV",{"class":"quick-list"},["DIV",{"class":"quick-row"},["SPAN",{"class":"quick-row__icon"},["svg",{"xmlns":"http://www.w3.org/2000/svg","width":"19","height":"19","viewBox":"0 0 24 24","fill":"none","stroke":"currentColor","stroke-width":"2","stroke-linecap":"round","stroke-linejoin":"round","class":"lucide lucide-badge-dollar-sign","aria-hidden":"true"},["path",{"d":"M3.85 8.62a4 4 0 0 1 4.78-4.77 4 4 0 0 1 6.74 0 4 4 0 0 1 4.78 4.78 4 4 0 0 1 0 6.74 4 4 0 0 1-4.77 4.78 4 4 0 0 1-6.75 0 4 4 0 0 1-4.78-4.77 4 4 0 0 1 0-6.76Z"}],["path",{"d":"M16 8h-6a2 2 0 1 0 0 4h4a2 2 0 1 1 0 4H8"}],["path",{"d":"M12 18V6"}]]],["SPAN",{"class":"quick-row__copy"},["STRONG",{},"Abrir PDV"],["SMALL",{},"Venda rapida com cliente avulso ou cadastrado"]],["BUTTON",{"class":"button-secondary","type":"button"},"Vendas"]],["DIV",{"class":"quick-row"},["SPAN",{"class":"quick-row__icon"},["svg",{"xmlns":"http://www.w3.org/2000/svg","width":"19","height":"19","viewBox":"0 0 24 24","fill":"none","stroke":"currentColor","stroke-width":"2","stroke-linecap":"round","stroke-linejoin":"round","class":"lucide lucide-users-round","aria-hidden":"true"},["path",{"d":"M18 21a8 8 0 0 0-16 0"}],["circle",{"cx":"10","cy":"8","r":"5"}],["path",{"d":"M22 20c0-3.37-2-6.5-4-8a5 5 0 0 0-.45-8.3"}]]],["SPAN",{"class":"quick-row__copy"},["STRONG",{},"Cadastrar cliente"],["SMALL",{},"Historico, tags e campos personalizados"]],["BUTTON",{"class":"button-secondary","type":"button"},"Clientes"]],["DIV",{"class":"quick-row"},["SPAN",{"class":"quick-row__icon"},["svg",{"xmlns":"http://www.w3.org/2000/svg","width":"19","height":"19","viewBox":"0 0 24 24","fill":"none","stroke":"currentColor","stroke-width":"2","stroke-linecap":"round","stroke-linejoin":"round","class":"lucide lucide-boxes","aria-hidden":"true"},["path",{"d":"M2.97 12.92A2 2 0 0 0 2 14.63v3.24a2 2 0 0 0 .97 1.71l3 1.8a2 2 0 0 0 2.06 0L12 19v-5.5l-5-3-4.03 2.42Z"}],["path",{"d":"m7 16.5-4.74-2.85"}],["path",{"d":"m7 16.5 5-3"}],["path",{"d":"M7 16.5v5.17"}],["path",{"d":"M12 13.5V19l3.97 2.38a2 2 0 0 0 2.06 0l3-1.8a2 2 0 0 0 .97-1.71v-3.24a2 2 0 0 0-.97-1.71L17 10.5l-5 3Z"}],["path",{"d":"m17 16.5-5-3"}],["path",{"d":"m17 16.5 4.74-2.85"}],["path",{"d":"M17 16.5v5.17"}],["path",{"d":"M7.97 4.42A2 2 0 0 0 7 6.13v4.37l5 3 5-3V6.13a2 2 0 0 0-.97-1.71l-3-1.8a2 2 0 0 0-2.06 0l-3 1.8Z"}],["path",{"d":"M12 8 7.26 5.15"}],["path",{"d":"m12 8 4.74-2.85"}],["path",{"d":"M12 13.5V8"}]]],["SPAN",{"class":"quick-row__copy"},["STRONG",{},"Receber produtos"],["SMALL",{},"Informe o que chegou e a quantidade"]],["BUTTON",{"class":"button-secondary","type":"button"},"Estoque"]],["DIV",{"class":"quick-row"},["SPAN",{"class":"quick-row__icon"},["svg",{"xmlns":"http://www.w3.org/2000/svg","width":"19","height":"19","viewBox":"0 0 24 24","fill":"none","stroke":"currentColor","stroke-width":"2","stroke-linecap":"round","stroke-linejoin":"round","class":"lucide lucide-circle-dollar-sign","aria-hidden":"true"},["circle",{"cx":"12","cy":"12","r":"10"}],["path",{"d":"M16 8h-6a2 2 0 1 0 0 4h4a2 2 0 1 1 0 4H8"}],["path",{"d":"M12 18V6"}]]],["SPAN",{"class":"quick-row__copy"},["STRONG",{},"Fechar caixa"],["SMALL",{},"Conferencia de entradas, saidas e diferencas"]],["BUTTON",{"class":"button-secondary","type":"button"},"Caixa"]]]],["DIV",{"class":"panel panel-section"},["DIV",{"class":"section-title"},["SPAN",{"class":"card-icon"},["svg",{"xmlns":"http://www.w3.org/2000/svg","width":"23","height":"23","viewBox":"0 0 24 24","fill":"none","stroke":"currentColor","stroke-width":"2","stroke-linecap":"round","stroke-linejoin":"round","class":"lucide lucide-panels-top-left","aria-hidden":"true"},["rect",{"width":"18","height":"18","x":"3","y":"3","rx":"2"}],["path",{"d":"M3 9h18"}],["path",{"d":"M9 21V9"}]]],["DIV",{},["H2",{},"Saude da operacao - Otica"],["P",{},"A configuracao da empresa muda os modulos e telas disponiveis."]]],["DIV",{"class":"action-strip"},["DIV",{"class":"action-tile"},["svg",{"xmlns":"http://www.w3.org/2000/svg","width":"20","height":"20","viewBox":"0 0 24 24","fill":"none","stroke":"currentColor","stroke-width":"2","stroke-linecap":"round","stroke-linejoin":"round","class":"lucide lucide-wallet-cards","aria-hidden":"true"},["rect",{"width":"18","height":"18","x":"3","y":"3","rx":"2"}],["path",{"d":"M3 9a2 2 0 0 1 2-2h14a2 2 0 0 1 2 2"}],["path",{"d":"M3 11h3c.8 0 1.6.3 2.1.9l1.1.9c1.6 1.6 4.1 1.6 5.7 0l1.1-.9c.5-.5 1.3-.9 2.1-.9H21"}]],["STRONG",{},"13 modulos"],["SPAN",{},"Ativos para esta empresa"]],["DIV",{"class":"action-tile"},["svg",{"xmlns":"http://www.w3.org/2000/svg","width":"20","height":"20","viewBox":"0 0 24 24","fill":"none","stroke":"currentColor","stroke-width":"2","stroke-linecap":"round","stroke-linejoin":"round","class":"lucide lucide-calendar-clock","aria-hidden":"true"},["path",{"d":"M16 14v2.2l1.6 1"}],["path",{"d":"M16 2v4"}],["path",{"d":"M21 7.5V6a2 2 0 0 0-2-2H5a2 2 0 0 0-2 2v14a2 2 0 0 0 2 2h3.5"}],["path",{"d":"M3 10h5"}],["path",{"d":"M8 2v4"}],["circle",{"cx":"16","cy":"16","r":"6"}]],["STRONG",{},"14 telas"],["SPAN",{},"Menu filtrado por setor"]]],["DIV",{"class":"dashboard-alerts"},["DIV",{"class":"dashboard-alerts__header"},["DIV",{},["STRONG",{},"Proximos vencimentos"],["SPAN",{},"Recebimentos, contas, producao e estoque para acompanhar agora."]]],["DIV",{"class":"dashboard-alert-list"},["BUTTON",{"class":"dashboard-alert dashboard-alert--warning","type":"button"},["SPAN",{"class":"dashboard-alert__icon"},["svg",{"xmlns":"http://www.w3.org/2000/svg","width":"17","height":"17","viewBox":"0 0 24 24","fill":"none","stroke":"currentColor","stroke-width":"2","stroke-linecap":"round","stroke-linejoin":"round","class":"lucide lucide-boxes","aria-hidden":"true"},["path",{"d":"M2.97 12.92A2 2 0 0 0 2 14.63v3.24a2 2 0 0 0 .97 1.71l3 1.8a2 2 0 0 0 2.06 0L12 19v-5.5l-5-3-4.03 2.42Z"}],["path",{"d":"m7 16.5-4.74-2.85"}],["path",{"d":"m7 16.5 5-3"}],["path",{"d":"M7 16.5v5.17"}],["path",{"d":"M12 13.5V19l3.97 2.38a2 2 0 0 0 2.06 0l3-1.8a2 2 0 0 0 .97-1.71v-3.24a2 2 0 0 0-.97-1.71L17 10.5l-5 3Z"}],["path",{"d":"m17 16.5-5-3"}],["path",{"d":"m17 16.5 4.74-2.85"}],["path",{"d":"M17 16.5v5.17"}],["path",{"d":"M7.97 4.42A2 2 0 0 0 7 6.13v4.37l5 3 5-3V6.13a2 2 0 0 0-.97-1.71l-3-1.8a2 2 0 0 0-2.06 0l-3 1.8Z"}],["path",{"d":"M12 8 7.26 5.15"}],["path",{"d":"m12 8 4.74-2.85"}],["path",{"d":"M12 13.5V8"}]]],["SPAN",{"class":"dashboard-alert__body"},["STRONG",{},"1 item em estoque critico"],["SMALL",{},"Reponha ou ajuste o minimo para evitar venda sem produto."]],["SPAN",{"class":"dashboard-alert__meta"},["STRONG",{},"Estoque"],["SMALL",{},"Atencao hoje"]]]]]]]]],[[3,57]]]],[[18,85]]]],"viewport":{"width":929,"height":917},"timestamp":76171.107,"wallTime":1786395195351,"collectionTime":6.899999976158142,"resourceOverrides":[],"isMainFrame":true}}
{"type":"screencast-frame","pageId":"page@bcd39af0209cd43733a18028cd932dd2","sha1":"page@bcd39af0209cd43733a18028cd932dd2-1786395195360.jpeg","width":929,"height":917,"timestamp":76177.645,"frameSwapWallTime":1786395195354.5999}
{"type":"screencast-frame","pageId":"page@bcd39af0209cd43733a18028cd932dd2","sha1":"page@bcd39af0209cd43733a18028cd932dd2-1786395195587.jpeg","width":929,"height":917,"timestamp":76404.922,"frameSwapWallTime":1786395195583.6091}
{"type":"screencast-frame","pageId":"page@bcd39af0209cd43733a18028cd932dd2","sha1":"page@bcd39af0209cd43733a18028cd932dd2-1786395195664.jpeg","width":929,"height":917,"timestamp":76481.517,"frameSwapWallTime":1786395195658.7168}
{"type":"after","callId":"call@91","endTime":76686.011,"result":{"value":{"v":"undefined"}},"afterSnapshot":"after@call@91"}
{"type":"frame-snapshot","snapshot":{"callId":"call@91","snapshotName":"after@call@91","pageId":"page@bcd39af0209cd43733a18028cd932dd2","frameId":"frame@40b891a766907a2ceb8521f707111a55","frameUrl":"https://volt-staging.onrender.com/core/app","doctype":"html","html":[[1,291]],"viewport":{"width":929,"height":917},"timestamp":76687.837,"wallTime":1786395195870,"collectionTime":0.9000000357627869,"resourceOverrides":[],"isMainFrame":true}}
{"type":"before","callId":"call@93","startTime":76688.426,"class":"Frame","method":"ariaSnapshot","params":{"mode":"ai","timeout":30000},"pageId":"page@bcd39af0209cd43733a18028cd932dd2"}
{"type":"after","callId":"call@93","endTime":76701.956,"result":{"snapshot":"- generic [ref=e60]:\n  - complementary [ref=e61]:\n    - generic [ref=e63]:\n      - img \"Volt Core\" [ref=e64]\n      - generic [ref=e65]: VOLTCORE\n    - navigation \"Navegacao principal\" [ref=e66]:\n      - generic [ref=e355]:\n        - button \"Operacao Vendas, clientes e estoque\" [expanded] [ref=e356] [cursor=pointer]:\n          - generic [ref=e362]:\n            - strong [ref=e363]: Operacao\n            - generic [ref=e364]: Vendas, clientes e estoque\n        - generic [ref=e368]:\n          - button \"Dashboard\" [ref=e369] [cursor=pointer]\n          - button \"Vendas\" [ref=e376] [cursor=pointer]\n          - button \"Clientes\" [ref=e382] [cursor=pointer]\n          - button \"Produtos e servicos\" [ref=e388] [cursor=pointer]\n          - button \"Estoque\" [ref=e394] [cursor=pointer]\n      - button \"Financeiro Caixa, recebiveis e pagamentos\" [ref=e407] [cursor=pointer]:\n        - generic [ref=e411]:\n          - strong [ref=e412]: Financeiro\n          - generic [ref=e413]: Caixa, recebiveis e pagamentos\n      - button \"Setorial Fluxos do segmento da empresa\" [ref=e418] [cursor=pointer]:\n        - generic [ref=e422]:\n          - strong [ref=e423]: Setorial\n          - generic [ref=e424]: Fluxos do segmento da empresa\n      - button \"Gestao Relatorios e leitura gerencial\" [ref=e429] [cursor=pointer]:\n        - generic [ref=e433]:\n          - strong [ref=e434]: Gestao\n          - generic [ref=e435]: Relatorios e leitura gerencial\n      - button \"Administracao Implantacao, usuarios e parametros\" [ref=e440] [cursor=pointer]:\n        - generic [ref=e445]:\n          - strong [ref=e446]: Administracao\n          - generic [ref=e447]: Implantacao, usuarios e parametros\n    - generic [ref=e127]:\n      - generic [ref=e128]:\n        - generic [ref=e129]: A\n        - generic [ref=e131]:\n          - strong [ref=e132]: Master Volt Core\n          - generic [ref=e133]: Admin master\n      - button \"Sair\" [ref=e136] [cursor=pointer]\n  - generic [ref=e141]:\n    - banner [ref=e142]:\n      - generic [ref=e143]:\n        - heading \"Dashboard\" [level=1] [ref=e451]\n        - paragraph [ref=e145]: Visao executiva da empresa, rotina de hoje e alertas de operacao.\n      - generic [ref=e146]:\n        - generic [ref=e452]:\n          - text: Empresa\n          - combobox \"Empresa\" [ref=e453]:\n            - option \"Otica Nacional Sabaudia\" [selected]\n        - generic [ref=e454]: \"Setor: Otica\"\n        - generic [ref=e147]: Banco real\n        - button \"Painel master\" [ref=e455] [cursor=pointer]\n        - button \"Master Volt Core\" [ref=e149] [cursor=pointer]\n    - main [ref=e150]:\n      - generic [ref=e459]:\n        - button \"Clientes 28 Cadastros ativos\" [ref=e460] [cursor=pointer]:\n          - generic [ref=e461]: Clientes\n          - strong [ref=e462]: \"28\"\n          - generic [ref=e463]: Cadastros ativos\n        - button \"Produtos 96 Catalogo da empresa\" [ref=e464] [cursor=pointer]:\n          - generic [ref=e465]: Produtos\n          - strong [ref=e466]: \"96\"\n          - generic [ref=e467]: Catalogo da empresa\n        - button \"Estoque critico 1 Itens abaixo do minimo\" [ref=e468] [cursor=pointer]:\n          - generic [ref=e469]: Estoque critico\n          - strong [ref=e470]: \"1\"\n          - generic [ref=e471]: Itens abaixo do minimo\n        - button \"Recebiveis R$ 596,98 Saldo em aberto\" [ref=e472] [cursor=pointer]:\n          - generic [ref=e473]: Recebiveis\n          - strong [ref=e474]: R$ 596,98\n          - generic [ref=e475]: Saldo em aberto\n      - generic [ref=e476]:\n        - generic [ref=e477]:\n          - generic [ref=e484]:\n            - heading \"Rotina operacional\" [level=2] [ref=e485]\n            - paragraph [ref=e486]: Atalhos principais para as tarefas que a empresa usa todos os dias.\n          - generic [ref=e487]:\n            - generic [ref=e488]:\n              - generic [ref=e493]:\n                - strong [ref=e494]: Abrir PDV\n                - generic [ref=e495]: Venda rapida com cliente avulso ou cadastrado\n              - button \"Vendas\" [ref=e496] [cursor=pointer]\n            - generic [ref=e497]:\n              - generic [ref=e503]:\n                - strong [ref=e504]: Cadastrar cliente\n                - generic [ref=e505]: Historico, tags e campos personalizados\n              - button \"Clientes\" [ref=e506] [cursor=pointer]\n            - generic [ref=e507]:\n              - generic [ref=e519]:\n                - strong [ref=e520]: Receber produtos\n                - generic [ref=e521]: Informe o que chegou e a quantidade\n              - button \"Estoque\" [ref=e522] [cursor=pointer]\n            - generic [ref=e523]:\n              - generic [ref=e528]:\n                - strong [ref=e529]: Fechar caixa\n                - generic [ref=e530]: Conferencia de entradas, saidas e diferencas\n              - button \"Caixa\" [ref=e531] [cursor=pointer]\n        - generic [ref=e532]:\n          - generic [ref=e537]:\n            - heading \"Saude da operacao - Otica\" [level=2] [ref=e538]\n            - paragraph [ref=e539]: A configuracao da empresa muda os modulos e telas disponiveis.\n          - generic [ref=e540]:\n            - generic [ref=e541]:\n              - strong [ref=e546]: 13 modulos\n              - generic [ref=e547]: Ativos para esta empresa\n            - generic [ref=e548]:\n              - strong [ref=e553]: 14 telas\n              - generic [ref=e554]: Menu filtrado por setor\n          - generic [ref=e555]:\n            - generic [ref=e557]:\n              - strong [ref=e558]: Proximos vencimentos\n              - generic [ref=e559]: Recebimentos, contas, producao e estoque para acompanhar agora.\n            - button \"1 item em estoque critico Reponha ou ajuste o minimo para evitar venda sem produto. Estoque Atencao hoje\" [ref=e561] [cursor=pointer]:\n              - generic [ref=e573]:\n                - strong [ref=e574]: 1 item em estoque critico\n                - generic [ref=e575]: Reponha ou ajuste o minimo para evitar venda sem produto.\n              - generic [ref=e576]:\n                - strong [ref=e577]: Estoque\n                - generic [ref=e578]: Atencao hoje\n  - status [ref=e579]: Ambiente da empresa carregado."}}
{"type":"before","callId":"call@95","startTime":76702.715,"class":"Frame","method":"title","params":{},"pageId":"page@bcd39af0209cd43733a18028cd932dd2"}
{"type":"after","callId":"call@95","endTime":76703.513,"result":{"value":"Volt Core"}}
{"type":"before","callId":"call@97","startTime":76703.814,"class":"Page","method":"consoleMessages","params":{"filter":"since-navigation"},"pageId":"page@bcd39af0209cd43733a18028cd932dd2"}
{"type":"after","callId":"call@97","endTime":76703.91,"result":{"messages":[{"type":"error","text":"Failed to load resource: the server responded with a status of 401 ()","args":[],"location":{"url":"https://volt-staging.onrender.com/api/core/auth/me","lineNumber":0,"columnNumber":0},"timestamp":1786395122429.248}]}}
{"type":"before","callId":"call@99","startTime":76704.619,"class":"Page","method":"pageErrors","params":{"filter":"since-navigation"},"pageId":"page@bcd39af0209cd43733a18028cd932dd2"}
{"type":"after","callId":"call@99","endTime":76704.684,"result":{"errors":[]}}
{"type":"screencast-frame","pageId":"page@bcd39af0209cd43733a18028cd932dd2","sha1":"page@bcd39af0209cd43733a18028cd932dd2-1786395197093.jpeg","width":929,"height":917,"timestamp":77910.704,"frameSwapWallTime":1786395197088.458}
{"type":"before","callId":"call@101","startTime":79611.262,"class":"Frame","method":"ariaSnapshot","params":{"mode":"ai","timeout":30000},"pageId":"page@bcd39af0209cd43733a18028cd932dd2"}
{"type":"after","callId":"call@101","endTime":79624.912,"result":{"snapshot":"- generic [ref=e60]:\n  - complementary [ref=e61]:\n    - generic [ref=e63]:\n      - img \"Volt Core\" [ref=e64]\n      - generic [ref=e65]: VOLTCORE\n    - navigation \"Navegacao principal\" [ref=e66]:\n      - generic [ref=e355]:\n        - button \"Operacao Vendas, clientes e estoque\" [expanded] [ref=e356] [cursor=pointer]:\n          - generic [ref=e362]:\n            - strong [ref=e363]: Operacao\n            - generic [ref=e364]: Vendas, clientes e estoque\n        - generic [ref=e368]:\n          - button \"Dashboard\" [ref=e369] [cursor=pointer]\n          - button \"Vendas\" [ref=e376] [cursor=pointer]\n          - button \"Clientes\" [ref=e382] [cursor=pointer]\n          - button \"Produtos e servicos\" [ref=e388] [cursor=pointer]\n          - button \"Estoque\" [ref=e394] [cursor=pointer]\n      - button \"Financeiro Caixa, recebiveis e pagamentos\" [ref=e407] [cursor=pointer]:\n        - generic [ref=e411]:\n          - strong [ref=e412]: Financeiro\n          - generic [ref=e413]: Caixa, recebiveis e pagamentos\n      - button \"Setorial Fluxos do segmento da empresa\" [ref=e418] [cursor=pointer]:\n        - generic [ref=e422]:\n          - strong [ref=e423]: Setorial\n          - generic [ref=e424]: Fluxos do segmento da empresa\n      - button \"Gestao Relatorios e leitura gerencial\" [ref=e429] [cursor=pointer]:\n        - generic [ref=e433]:\n          - strong [ref=e434]: Gestao\n          - generic [ref=e435]: Relatorios e leitura gerencial\n      - button \"Administracao Implantacao, usuarios e parametros\" [ref=e440] [cursor=pointer]:\n        - generic [ref=e445]:\n          - strong [ref=e446]: Administracao\n          - generic [ref=e447]: Implantacao, usuarios e parametros\n    - generic [ref=e127]:\n      - generic [ref=e128]:\n        - generic [ref=e129]: A\n        - generic [ref=e131]:\n          - strong [ref=e132]: Master Volt Core\n          - generic [ref=e133]: Admin master\n      - button \"Sair\" [ref=e136] [cursor=pointer]\n  - generic [ref=e141]:\n    - banner [ref=e142]:\n      - generic [ref=e143]:\n        - heading \"Dashboard\" [level=1] [ref=e451]\n        - paragraph [ref=e145]: Visao executiva da empresa, rotina de hoje e alertas de operacao.\n      - generic [ref=e146]:\n        - generic [ref=e452]:\n          - text: Empresa\n          - combobox \"Empresa\" [ref=e453]:\n            - option \"Otica Nacional Sabaudia\" [selected]\n        - generic [ref=e454]: \"Setor: Otica\"\n        - generic [ref=e147]: Banco real\n        - button \"Painel master\" [ref=e455] [cursor=pointer]\n        - button \"Master Volt Core\" [ref=e149] [cursor=pointer]\n    - main [ref=e150]:\n      - generic [ref=e459]:\n        - button \"Clientes 28 Cadastros ativos\" [ref=e460] [cursor=pointer]:\n          - generic [ref=e461]: Clientes\n          - strong [ref=e462]: \"28\"\n          - generic [ref=e463]: Cadastros ativos\n        - button \"Produtos 96 Catalogo da empresa\" [ref=e464] [cursor=pointer]:\n          - generic [ref=e465]: Produtos\n          - strong [ref=e466]: \"96\"\n          - generic [ref=e467]: Catalogo da empresa\n        - button \"Estoque critico 1 Itens abaixo do minimo\" [ref=e468] [cursor=pointer]:\n          - generic [ref=e469]: Estoque critico\n          - strong [ref=e470]: \"1\"\n          - generic [ref=e471]: Itens abaixo do minimo\n        - button \"Recebiveis R$ 596,98 Saldo em aberto\" [ref=e472] [cursor=pointer]:\n          - generic [ref=e473]: Recebiveis\n          - strong [ref=e474]: R$ 596,98\n          - generic [ref=e475]: Saldo em aberto\n      - generic [ref=e476]:\n        - generic [ref=e477]:\n          - generic [ref=e484]:\n            - heading \"Rotina operacional\" [level=2] [ref=e485]\n            - paragraph [ref=e486]: Atalhos principais para as tarefas que a empresa usa todos os dias.\n          - generic [ref=e487]:\n            - generic [ref=e488]:\n              - generic [ref=e493]:\n                - strong [ref=e494]: Abrir PDV\n                - generic [ref=e495]: Venda rapida com cliente avulso ou cadastrado\n              - button \"Vendas\" [ref=e496] [cursor=pointer]\n            - generic [ref=e497]:\n              - generic [ref=e503]:\n                - strong [ref=e504]: Cadastrar cliente\n                - generic [ref=e505]: Historico, tags e campos personalizados\n              - button \"Clientes\" [ref=e506] [cursor=pointer]\n            - generic [ref=e507]:\n              - generic [ref=e519]:\n                - strong [ref=e520]: Receber produtos\n                - generic [ref=e521]: Informe o que chegou e a quantidade\n              - button \"Estoque\" [ref=e522] [cursor=pointer]\n            - generic [ref=e523]:\n              - generic [ref=e528]:\n                - strong [ref=e529]: Fechar caixa\n                - generic [ref=e530]: Conferencia de entradas, saidas e diferencas\n              - button \"Caixa\" [ref=e531] [cursor=pointer]\n        - generic [ref=e532]:\n          - generic [ref=e537]:\n            - heading \"Saude da operacao - Otica\" [level=2] [ref=e538]\n            - paragraph [ref=e539]: A configuracao da empresa muda os modulos e telas disponiveis.\n          - generic [ref=e540]:\n            - generic [ref=e541]:\n              - strong [ref=e546]: 13 modulos\n              - generic [ref=e547]: Ativos para esta empresa\n            - generic [ref=e548]:\n              - strong [ref=e553]: 14 telas\n              - generic [ref=e554]: Menu filtrado por setor\n          - generic [ref=e555]:\n            - generic [ref=e557]:\n              - strong [ref=e558]: Proximos vencimentos\n              - generic [ref=e559]: Recebimentos, contas, producao e estoque para acompanhar agora.\n            - button \"1 item em estoque critico Reponha ou ajuste o minimo para evitar venda sem produto. Estoque Atencao hoje\" [ref=e561] [cursor=pointer]:\n              - generic [ref=e573]:\n                - strong [ref=e574]: 1 item em estoque critico\n                - generic [ref=e575]: Reponha ou ajuste o minimo para evitar venda sem produto.\n              - generic [ref=e576]:\n                - strong [ref=e577]: Estoque\n                - generic [ref=e578]: Atencao hoje"}}
{"type":"before","callId":"call@103","startTime":79625.678,"class":"Frame","method":"title","params":{},"pageId":"page@bcd39af0209cd43733a18028cd932dd2"}
{"type":"after","callId":"call@103","endTime":79626.666,"result":{"value":"Volt Core"}}
{"type":"before","callId":"call@105","startTime":79627.102,"class":"Page","method":"consoleMessages","params":{"filter":"since-navigation"},"pageId":"page@bcd39af0209cd43733a18028cd932dd2"}
{"type":"after","callId":"call@105","endTime":79627.183,"result":{"messages":[{"type":"error","text":"Failed to load resource: the server responded with a status of 401 ()","args":[],"location":{"url":"https://volt-staging.onrender.com/api/core/auth/me","lineNumber":0,"columnNumber":0},"timestamp":1786395122429.248}]}}
{"type":"before","callId":"call@107","startTime":79627.494,"class":"Page","method":"pageErrors","params":{"filter":"since-navigation"},"pageId":"page@bcd39af0209cd43733a18028cd932dd2"}
{"type":"after","callId":"call@107","endTime":79627.552,"result":{"errors":[]}}
{"type":"before","callId":"call@110","startTime":93375.001,"class":"Frame","method":"click","params":{"selector":"aria-ref=e531","strict":true,"timeout":5000},"pageId":"page@bcd39af0209cd43733a18028cd932dd2","beforeSnapshot":"before@call@110"}
{"type":"frame-snapshot","snapshot":{"callId":"call@110","snapshotName":"before@call@110","pageId":"page@bcd39af0209cd43733a18028cd932dd2","frameId":"frame@40b891a766907a2ceb8521f707111a55","frameUrl":"https://volt-staging.onrender.com/core/app","doctype":"html","html":["HTML",{"__playwright_scroll_top_":"467","lang":"pt-BR"},[[20,18]],[[20,19]],["BODY",{},[[20,20]],["DIV",{"id":"root"},["DIV",{"class":"app-shell min-h-screen"},[[2,104]],[[2,287]]]],[[20,85]]]],"viewport":{"width":929,"height":917},"timestamp":93378.065,"wallTime":1786395212560,"collectionTime":1.5999999642372131,"resourceOverrides":[],"isMainFrame":true}}
{"type":"log","callId":"call@110","time":93378.668,"message":"waiting for locator('aria-ref=e531')"}
{"type":"log","callId":"call@110","time":93381.852,"message":"  locator resolved to <button type=\"button\" class=\"button-secondary\">Caixa</button>"}
{"type":"log","callId":"call@110","time":93382.709,"message":"attempting click action"}
{"type":"log","callId":"call@110","time":93382.786,"message":"  waiting for element to be visible, enabled and stable"}
{"type":"log","callId":"call@110","time":93393.655,"message":"  element is visible, enabled and stable"}
{"type":"log","callId":"call@110","time":93393.685,"message":"  scrolling into view if needed"}
{"type":"log","callId":"call@110","time":93394.461,"message":"  done scrolling"}
{"type":"input","callId":"call@110","point":{"x":809.64,"y":418.5},"inputSnapshot":"input@call@110"}
{"type":"frame-snapshot","snapshot":{"callId":"call@110","snapshotName":"input@call@110","pageId":"page@bcd39af0209cd43733a18028cd932dd2","frameId":"frame@40b891a766907a2ceb8521f707111a55","frameUrl":"https://volt-staging.onrender.com/core/app","doctype":"html","html":["HTML",{"__playwright_scroll_top_":"467","lang":"pt-BR"},[[21,18]],[[21,19]],["BODY",{},[[21,20]],["DIV",{"id":"root"},["DIV",{"class":"app-shell min-h-screen"},[[3,104]],["DIV",{"class":"main-shell"},[[3,114]],["MAIN",{"class":"page-content"},[[3,143]],["SECTION",{"class":"workspace-grid grid"},["DIV",{"class":"panel panel-section"},[[3,154]],["DIV",{"class":"quick-list"},[[3,167]],[[3,180]],[[3,202]],["DIV",{"class":"quick-row"},[[3,207]],[[3,212]],["BUTTON",{"__playwright_target__":"","class":"button-secondary","type":"button"},[[3,213]]]]]],[[3,284]]]]]]],[[21,85]]]],"viewport":{"width":929,"height":917},"timestamp":93398.114,"wallTime":1786395212580,"collectionTime":1.5,"resourceOverrides":[],"isMainFrame":true}}
{"type":"log","callId":"call@110","time":93399.562,"message":"  performing click action"}
{"type":"log","callId":"call@110","time":93419.13,"message":"  click action done"}
{"type":"log","callId":"call@110","time":93419.243,"message":"  waiting for scheduled navigations to finish"}
{"type":"log","callId":"call@110","time":93419.881,"message":"  navigations have finished"}
{"type":"after","callId":"call@110","endTime":93419.99,"afterSnapshot":"after@call@110"}
{"type":"frame-snapshot","snapshot":{"callId":"call@110","snapshotName":"after@call@110","pageId":"page@bcd39af0209cd43733a18028cd932dd2","frameId":"frame@40b891a766907a2ceb8521f707111a55","frameUrl":"https://volt-staging.onrender.com/core/app","doctype":"html","html":["HTML",{"__playwright_scroll_top_":"229","lang":"pt-BR"},[[22,18]],[[22,19]],["BODY",{},[[22,20]],["DIV",{"id":"root"},["DIV",{"class":"app-shell min-h-screen"},["ASIDE",{"class":"sidebar"},[[11,6]],["NAV",{"class":"nav-list","aria-label":"Navegacao principal"},["SECTION",{"class":"nav-group "},["BUTTON",{"class":"nav-group__toggle","type":"button","aria-expanded":"false"},[[7,4]],[[7,9]],[[7,12]]]],["SECTION",{"class":"nav-group nav-group--open"},["BUTTON",{"class":"nav-group__toggle","type":"button","aria-expanded":"true"},[[4,49]],[[4,54]],[[4,57]]],["DIV",{"class":"nav-group__items"},["BUTTON",{"class":"nav-item ","data-page":"payments","type":"button","title":"Pagamentos"},["svg",{"xmlns":"http://www.w3.org/2000/svg","width":"19","height":"19","viewBox":"0 0 24 24","fill":"none","stroke":"currentColor","stroke-width":"1.9","stroke-linecap":"round","stroke-linejoin":"round","class":"lucide lucide-credit-card","aria-hidden":"true"},["rect",{"width":"20","height":"14","x":"2","y":"5","rx":"2"}],["line",{"x1":"2","x2":"22","y1":"10","y2":"10"}]],["SPAN",{},"Pagamentos"]],["BUTTON",{"class":"nav-item ","data-page":"receivables","type":"button","title":"Recebiveis"},["svg",{"xmlns":"http://www.w3.org/2000/svg","width":"19","height":"19","viewBox":"0 0 24 24","fill":"none","stroke":"currentColor","stroke-width":"1.9","stroke-linecap":"round","stroke-linejoin":"round","class":"lucide lucide-wallet-cards","aria-hidden":"true"},["rect",{"width":"18","height":"18","x":"3","y":"3","rx":"2"}],["path",{"d":"M3 9a2 2 0 0 1 2-2h14a2 2 0 0 1 2 2"}],["path",{"d":"M3 11h3c.8 0 1.6.3 2.1.9l1.1.9c1.6 1.6 4.1 1.6 5.7 0l1.1-.9c.5-.5 1.3-.9 2.1-.9H21"}]],["SPAN",{},"Recebiveis"]],["BUTTON",{"class":"nav-item nav-item--active","data-page":"cash_register","type":"button","title":"Caixa"},["svg",{"xmlns":"http://www.w3.org/2000/svg","width":"19","height":"19","viewBox":"0 0 24 24","fill":"none","stroke":"currentColor","stroke-width":"1.9","stroke-linecap":"round","stroke-linejoin":"round","class":"lucide lucide-circle-dollar-sign","aria-hidden":"true"},["circle",{"cx":"12","cy":"12","r":"10"}],["path",{"d":"M16 8h-6a2 2 0 1 0 0 4h4a2 2 0 1 1 0 4H8"}],["path",{"d":"M12 18V6"}]],["SPAN",{},"Caixa"]],["BUTTON",{"class":"nav-item ","data-page":"receipts","type":"button","title":"Recibos"},["svg",{"xmlns":"http://www.w3.org/2000/svg","width":"19","height":"19","viewBox":"0 0 24 24","fill":"none","stroke":"currentColor","stroke-width":"1.9","stroke-linecap":"round","stroke-linejoin":"round","class":"lucide lucide-receipt-text","aria-hidden":"true"},["path",{"d":"M4 2v20l2-1 2 1 2-1 2 1 2-1 2 1 2-1 2 1V2l-2 1-2-1-2 1-2-1-2 1-2-1-2 1Z"}],["path",{"d":"M14 8H8"}],["path",{"d":"M16 12H8"}],["path",{"d":"M13 16H8"}]],["SPAN",{},"Recibos"]]]],[[4,72]],[[4,88]],[[4,102]]],[[11,98]]],["DIV",{"class":"main-shell"},["HEADER",{"class":"topbar"},["DIV",{"class":"topbar-copy"},["H1",{},"Caixa"],["P",{},"Abertura, sangria, reforco, conferencia e fechamento."]],[[4,113]]],["MAIN",{"class":"page-content"},["DIV",{"class":"module-page"},["DIV",{"class":"tabbar","role":"tablist"},["BUTTON",{"class":"tabbar__item tabbar__item--active","data-tab":"session","type":"button"},["svg",{"xmlns":"http://www.w3.org/2000/svg","width":"17","height":"17","viewBox":"0 0 24 24","fill":"none","stroke":"currentColor","stroke-width":"2","stroke-linecap":"round","stroke-linejoin":"round","class":"lucide lucide-circle-dollar-sign","aria-hidden":"true"},["circle",{"cx":"12","cy":"12","r":"10"}],["path",{"d":"M16 8h-6a2 2 0 1 0 0 4h4a2 2 0 1 1 0 4H8"}],["path",{"d":"M12 18V6"}]],"Sessao"],["BUTTON",{"class":"tabbar__item ","data-tab":"conference","type":"button"},["svg",{"xmlns":"http://www.w3.org/2000/svg","width":"17","height":"17","viewBox":"0 0 24 24","fill":"none","stroke":"currentColor","stroke-width":"2","stroke-linecap":"round","stroke-linejoin":"round","class":"lucide lucide-banknote-arrow-down","aria-hidden":"true"},["path",{"d":"M12 18H4a2 2 0 0 1-2-2V8a2 2 0 0 1 2-2h16a2 2 0 0 1 2 2v5"}],["path",{"d":"m16 19 3 3 3-3"}],["path",{"d":"M18 12h.01"}],["path",{"d":"M19 16v6"}],["path",{"d":"M6 12h.01"}],["circle",{"cx":"12","cy":"12","r":"2"}]],"Conferencia"],["BUTTON",{"class":"tabbar__item ","data-tab":"history","type":"button"},["svg",{"xmlns":"http://www.w3.org/2000/svg","width":"17","height":"17","viewBox":"0 0 24 24","fill":"none","stroke":"currentColor","stroke-width":"2","stroke-linecap":"round","stroke-linejoin":"round","class":"lucide lucide-receipt-text","aria-hidden":"true"},["path",{"d":"M4 2v20l2-1 2 1 2-1 2 1 2-1 2 1 2-1 2 1V2l-2 1-2-1-2 1-2-1-2 1-2-1-2 1Z"}],["path",{"d":"M14 8H8"}],["path",{"d":"M16 12H8"}],["path",{"d":"M13 16H8"}]],"Historico"]],["DIV",{"class":"module-page__body"},["DIV",{"class":"screen-grid"},["DIV",{"class":"panel panel-section"},["DIV",{"class":"toolbar"},["DIV",{"class":"section-title"},["SPAN",{"class":"card-icon"},["svg",{"xmlns":"http://www.w3.org/2000/svg","width":"23","height":"23","viewBox":"0 0 24 24","fill":"none","stroke":"currentColor","stroke-width":"2","stroke-linecap":"round","stroke-linejoin":"round","class":"lucide lucide-circle-dollar-sign","aria-hidden":"true"},["circle",{"cx":"12","cy":"12","r":"10"}],["path",{"d":"M16 8h-6a2 2 0 1 0 0 4h4a2 2 0 1 1 0 4H8"}],["path",{"d":"M12 18V6"}]]],["DIV",{},["H2",{},"Sessao de caixa"],["P",{},"Dados e configuracoes do ambiente selecionado."]]],["DIV",{"class":"toolbar__actions"},["BUTTON",{"class":"button-primary","type":"button"},["svg",{"xmlns":"http://www.w3.org/2000/svg","width":"17","height":"17","viewBox":"0 0 24 24","fill":"none","stroke":"currentColor","stroke-width":"2","stroke-linecap":"round","stroke-linejoin":"round","class":"lucide lucide-plus","aria-hidden":"true"},["path",{"d":"M5 12h14"}],["path",{"d":"M12 5v14"}]],"Abrir caixa"]]],["DIV",{"class":"cash-summary"},["SMALL",{},"Saldo esperado"],["STRONG",{},"R$ 1.106,87"],["SPAN",{},"Caixa fechado ou nao iniciado"]],["DIV",{"class":"cash-kpi-grid"},["DIV",{"class":"summary-line"},["SPAN",{},"Entradas"],["STRONG",{},"R$ 1.531,87"]],["DIV",{"class":"summary-line"},["SPAN",{},"Saidas"],["STRONG",{},"-R$ 425,00"]],["DIV",{"class":"summary-line"},["SPAN",{},"Movimentos"],["STRONG",{},"15"]],["DIV",{"class":"summary-line"},["SPAN",{},"Status"],["STRONG",{},"Fechado"]]],["DIV",{"class":"quick-actions"},["BUTTON",{"class":"button-secondary","type":"button","title":"Adicionar dinheiro fisico ao caixa"},"Reforco"],["BUTTON",{"class":"button-secondary","type":"button","title":"Retirar dinheiro fisico do caixa"},"Sangria"],["BUTTON",{"class":"button-secondary","type":"button","title":"Contar o dinheiro e comparar com o sistema"},"Conferir"]],["DIV",{"class":"cash-latest-list"},["STRONG",{},"Ultimos movimentos"],["DIV",{},["SPAN",{},"Estorno venda #9"],["SMALL",{},"Saida"," | ","Pix"," | ","R$ 175,00"," | ","17:10"]],["DIV",{},["SPAN",{},"Venda #9"],["SMALL",{},"Entrada"," | ","Pix"," | ","R$ 175,00"," | ","17:07"]],["DIV",{},["SPAN",{},"Estorno venda #8"],["SMALL",{},"Saida"," | ","Pix"," | ","R$ 150,00"," | ","14:41"]],["DIV",{},["SPAN",{},"Venda #8"],["SMALL",{},"Entrada"," | ","Pix"," | ","R$ 150,00"," | ","14:40"]]]],["DIV",{"class":"panel panel-section"},["DIV",{"class":"toolbar"},["DIV",{"class":"section-title"},["SPAN",{"class":"card-icon"},["svg",{"xmlns":"http://www.w3.org/2000/svg","width":"23","height":"23","viewBox":"0 0 24 24","fill":"none","stroke":"currentColor","stroke-width":"2","stroke-linecap":"round","stroke-linejoin":"round","class":"lucide lucide-shield-check","aria-hidden":"true"},["path",{"d":"M20 13c0 5-3.5 7.5-7.66 8.95a1 1 0 0 1-.67-.01C7.5 20.5 4 18 4 13V6a1 1 0 0 1 1-1c2 0 4.5-1.2 6.24-2.72a1.17 1.17 0 0 1 1.52 0C14.51 3.81 17 5 19 5a1 1 0 0 1 1 1z"}],["path",{"d":"m9 12 2 2 4-4"}]]],["DIV",{},["H2",{},"Rotina do caixa"],["P",{},"Dados e configuracoes do ambiente selecionado."]]],["DIV",{"class":"toolbar__actions"}]],["DIV",{"class":"cash-action-help"},["DIV",{},["STRONG",{},"Reforco"],["SPAN",{},"Entrada manual de dinheiro, como troco adicional."]],["DIV",{},["STRONG",{},"Sangria"],["SPAN",{},"Retirada de dinheiro para reduzir o valor fisico no caixa."]],["DIV",{},["STRONG",{},"Conferir"],["SPAN",{},"Compara o valor contado com o saldo esperado pelo sistema."]],["DIV",{},["STRONG",{},"Recebimento"],["SPAN",{},"Valores recebidos devem aparecer como entrada e reduzir pendencias."]]],["DIV",{"class":"toggle-list"},["LABEL",{"class":"toggle-row"},["SPAN",{},"Exigir caixa aberto para vender"],["INPUT",{"__playwright_value_":"on","__playwright_checked_":"true","type":"checkbox","checked":""}]],["LABEL",{"class":"toggle-row"},["SPAN",{},"Permitir sangria por operador"],["INPUT",{"__playwright_value_":"on","__playwright_checked_":"true","type":"checkbox","checked":""}]],["LABEL",{"class":"toggle-row"},["SPAN",{},"Solicitar senha no fechamento"],["INPUT",{"__playwright_value_":"on","__playwright_checked_":"true","type":"checkbox","checked":""}]],["LABEL",{"class":"toggle-row"},["SPAN",{},"Imprimir relatorio ao fechar"],["INPUT",{"__playwright_value_":"on","__playwright_checked_":"true","type":"checkbox","checked":""}]]]]]]]]]]],[[22,85]]]],"viewport":{"width":929,"height":917},"timestamp":93427.508,"wallTime":1786395212607,"collectionTime":4.400000035762787,"resourceOverrides":[],"isMainFrame":true}}
{"type":"before","callId":"call@112","startTime":93428.772,"class":"Frame","method":"evaluateExpression","params":{"expression":"(ms) => new Promise((f) => setTimeout(f, ms))","isFunction":true,"arg":{"value":{"n":500},"handles":[]}},"pageId":"page@bcd39af0209cd43733a18028cd932dd2","beforeSnapshot":"before@call@112"}
{"type":"frame-snapshot","snapshot":{"callId":"call@112","snapshotName":"before@call@112","pageId":"page@bcd39af0209cd43733a18028cd932dd2","frameId":"frame@40b891a766907a2ceb8521f707111a55","frameUrl":"https://volt-staging.onrender.com/core/app","doctype":"html","html":[[1,224]],"viewport":{"width":929,"height":917},"timestamp":93435.187,"wallTime":1786395212615,"collectionTime":2.399999976158142,"resourceOverrides":[],"isMainFrame":true}}
{"type":"screencast-frame","pageId":"page@bcd39af0209cd43733a18028cd932dd2","sha1":"page@bcd39af0209cd43733a18028cd932dd2-1786395212676.jpeg","width":929,"height":917,"timestamp":93494.449,"frameSwapWallTime":1786395212670.802}
{"type":"screencast-frame","pageId":"page@bcd39af0209cd43733a18028cd932dd2","sha1":"page@bcd39af0209cd43733a18028cd932dd2-1786395212693.jpeg","width":929,"height":917,"timestamp":93511.348,"frameSwapWallTime":1786395212687.896}
{"type":"screencast-frame","pageId":"page@bcd39af0209cd43733a18028cd932dd2","sha1":"page@bcd39af0209cd43733a18028cd932dd2-1786395212695.jpeg","width":929,"height":917,"timestamp":93513.258,"frameSwapWallTime":1786395212689.311}
{"type":"screencast-frame","pageId":"page@bcd39af0209cd43733a18028cd932dd2","sha1":"page@bcd39af0209cd43733a18028cd932dd2-1786395212762.jpeg","width":929,"height":917,"timestamp":93579.979,"frameSwapWallTime":1786395212755.295}
{"type":"screencast-frame","pageId":"page@bcd39af0209cd43733a18028cd932dd2","sha1":"page@bcd39af0209cd43733a18028cd932dd2-1786395212770.jpeg","width":929,"height":917,"timestamp":93588.31,"frameSwapWallTime":1786395212764.374}
{"type":"screencast-frame","pageId":"page@bcd39af0209cd43733a18028cd932dd2","sha1":"page@bcd39af0209cd43733a18028cd932dd2-1786395212806.jpeg","width":929,"height":917,"timestamp":93623.904,"frameSwapWallTime":1786395212800.025}
{"type":"screencast-frame","pageId":"page@bcd39af0209cd43733a18028cd932dd2","sha1":"page@bcd39af0209cd43733a18028cd932dd2-1786395212811.jpeg","width":929,"height":917,"timestamp":93629.276,"frameSwapWallTime":1786395212805.5662}
{"type":"screencast-frame","pageId":"page@bcd39af0209cd43733a18028cd932dd2","sha1":"page@bcd39af0209cd43733a18028cd932dd2-1786395212819.jpeg","width":929,"height":917,"timestamp":93636.724,"frameSwapWallTime":1786395212813.8472}
{"type":"screencast-frame","pageId":"page@bcd39af0209cd43733a18028cd932dd2","sha1":"page@bcd39af0209cd43733a18028cd932dd2-1786395212831.jpeg","width":929,"height":917,"timestamp":93648.714,"frameSwapWallTime":1786395212826.0479}
{"type":"after","callId":"call@112","endTime":93940.218,"result":{"value":{"v":"undefined"}},"afterSnapshot":"after@call@112"}
{"type":"frame-snapshot","snapshot":{"callId":"call@112","snapshotName":"after@call@112","pageId":"page@bcd39af0209cd43733a18028cd932dd2","frameId":"frame@40b891a766907a2ceb8521f707111a55","frameUrl":"https://volt-staging.onrender.com/core/app","doctype":"html","html":[[2,224]],"viewport":{"width":929,"height":917},"timestamp":93941.832,"wallTime":1786395213124,"collectionTime":0.800000011920929,"resourceOverrides":[],"isMainFrame":true}}
{"type":"before","callId":"call@114","startTime":93942.477,"class":"Frame","method":"ariaSnapshot","params":{"mode":"ai","timeout":30000},"pageId":"page@bcd39af0209cd43733a18028cd932dd2"}
{"type":"after","callId":"call@114","endTime":93953.592,"result":{"snapshot":"- generic [ref=e60]:\n  - complementary [ref=e61]:\n    - generic [ref=e63]:\n      - img \"Volt Core\" [ref=e64]\n      - generic [ref=e65]: VOLTCORE\n    - navigation \"Navegacao principal\" [ref=e66]:\n      - button \"Operacao Vendas, clientes e estoque\" [ref=e356] [cursor=pointer]:\n        - generic [ref=e362]:\n          - strong [ref=e363]: Operacao\n          - generic [ref=e364]: Vendas, clientes e estoque\n      - generic [ref=e406]:\n        - button \"Financeiro Caixa, recebiveis e pagamentos\" [expanded] [ref=e407] [cursor=pointer]:\n          - generic [ref=e411]:\n            - strong [ref=e412]: Financeiro\n            - generic [ref=e413]: Caixa, recebiveis e pagamentos\n        - generic [ref=e580]:\n          - button \"Pagamentos\" [ref=e581] [cursor=pointer]\n          - button \"Recebiveis\" [ref=e585] [cursor=pointer]\n          - button \"Caixa\" [ref=e591] [cursor=pointer]\n          - button \"Recibos\" [ref=e596] [cursor=pointer]\n      - button \"Setorial Fluxos do segmento da empresa\" [ref=e418] [cursor=pointer]:\n        - generic [ref=e422]:\n          - strong [ref=e423]: Setorial\n          - generic [ref=e424]: Fluxos do segmento da empresa\n      - button \"Gestao Relatorios e leitura gerencial\" [ref=e429] [cursor=pointer]:\n        - generic [ref=e433]:\n          - strong [ref=e434]: Gestao\n          - generic [ref=e435]: Relatorios e leitura gerencial\n      - button \"Administracao Implantacao, usuarios e parametros\" [ref=e440] [cursor=pointer]:\n        - generic [ref=e445]:\n          - strong [ref=e446]: Administracao\n          - generic [ref=e447]: Implantacao, usuarios e parametros\n    - generic [ref=e127]:\n      - generic [ref=e128]:\n        - generic [ref=e129]: A\n        - generic [ref=e131]:\n          - strong [ref=e132]: Master Volt Core\n          - generic [ref=e133]: Admin master\n      - button \"Sair\" [ref=e136] [cursor=pointer]\n  - generic [ref=e141]:\n    - banner [ref=e142]:\n      - generic [ref=e143]:\n        - heading \"Caixa\" [level=1] [ref=e600]\n        - paragraph [ref=e145]: Abertura, sangria, reforco, conferencia e fechamento.\n      - generic [ref=e146]:\n        - generic [ref=e452]:\n          - text: Empresa\n          - combobox \"Empresa\" [ref=e453]:\n            - option \"Otica Nacional Sabaudia\" [selected]\n        - generic [ref=e454]: \"Setor: Otica\"\n        - generic [ref=e147]: Banco real\n        - button \"Painel master\" [ref=e455] [cursor=pointer]\n        - button \"Master Volt Core\" [ref=e149] [cursor=pointer]\n    - main [ref=e150]:\n      - generic [ref=e601]:\n        - tablist [ref=e602]:\n          - button \"Sessao\" [ref=e603] [cursor=pointer]\n          - button \"Conferencia\" [ref=e607] [cursor=pointer]\n          - button \"Historico\" [ref=e612] [cursor=pointer]\n        - generic [ref=e616]:\n          - generic [ref=e617]:\n            - generic [ref=e618]:\n              - generic [ref=e624]:\n                - heading \"Sessao de caixa\" [level=2] [ref=e625]\n                - paragraph [ref=e626]: Dados e configuracoes do ambiente selecionado.\n              - button \"Abrir caixa\" [ref=e628] [cursor=pointer]\n            - generic [ref=e630]:\n              - generic [ref=e631]: Saldo esperado\n              - strong [ref=e632]: R$ 1.106,87\n              - generic [ref=e633]: Caixa fechado ou nao iniciado\n            - generic [ref=e634]:\n              - generic [ref=e635]:\n                - generic [ref=e636]: Entradas\n                - strong [ref=e637]: R$ 1.531,87\n              - generic [ref=e638]:\n                - generic [ref=e639]: Saidas\n                - strong [ref=e640]: \"-R$ 425,00\"\n              - generic [ref=e641]:\n                - generic [ref=e642]: Movimentos\n                - strong [ref=e643]: \"15\"\n              - generic [ref=e644]:\n                - generic [ref=e645]: Status\n                - strong [ref=e646]: Fechado\n            - generic [ref=e647]:\n              - button \"Reforco\" [ref=e648] [cursor=pointer]\n              - button \"Sangria\" [ref=e649] [cursor=pointer]\n              - button \"Conferir\" [ref=e650] [cursor=pointer]\n            - generic [ref=e651]:\n              - strong [ref=e652]: Ultimos movimentos\n              - generic [ref=e653]:\n                - generic [ref=e654]: \"Estorno venda #9\"\n                - generic [ref=e655]: Saida | Pix | R$ 175,00 | 17:10\n              - generic [ref=e656]:\n                - generic [ref=e657]: \"Venda #9\"\n                - generic [ref=e658]: Entrada | Pix | R$ 175,00 | 17:07\n              - generic [ref=e659]:\n                - generic [ref=e660]: \"Estorno venda #8\"\n                - generic [ref=e661]: Saida | Pix | R$ 150,00 | 14:41\n              - generic [ref=e662]:\n                - generic [ref=e663]: \"Venda #8\"\n                - generic [ref=e664]: Entrada | Pix | R$ 150,00 | 14:40\n          - generic [ref=e665]:\n            - generic [ref=e672]:\n              - heading \"Rotina do caixa\" [level=2] [ref=e673]\n              - paragraph [ref=e674]: Dados e configuracoes do ambiente selecionado.\n            - generic [ref=e675]:\n              - generic [ref=e676]:\n                - strong [ref=e677]: Reforco\n                - generic [ref=e678]: Entrada manual de dinheiro, como troco adicional.\n              - generic [ref=e679]:\n                - strong [ref=e680]: Sangria\n                - generic [ref=e681]: Retirada de dinheiro para reduzir o valor fisico no caixa.\n              - generic [ref=e682]:\n                - strong [ref=e683]: Conferir\n                - generic [ref=e684]: Compara o valor contado com o saldo esperado pelo sistema.\n              - generic [ref=e685]:\n                - strong [ref=e686]: Recebimento\n                - generic [ref=e687]: Valores recebidos devem aparecer como entrada e reduzir pendencias.\n            - generic [ref=e688]:\n              - generic [ref=e689]:\n                - generic [ref=e690]: Exigir caixa aberto para vender\n                - checkbox \"Exigir caixa aberto para vender\" [checked] [ref=e691]\n              - generic [ref=e692]:\n                - generic [ref=e693]: Permitir sangria por operador\n                - checkbox \"Permitir sangria por operador\" [checked] [ref=e694]\n              - generic [ref=e695]:\n                - generic [ref=e696]: Solicitar senha no fechamento\n                - checkbox \"Solicitar senha no fechamento\" [checked] [ref=e697]\n              - generic [ref=e698]:\n                - generic [ref=e699]: Imprimir relatorio ao fechar\n                - checkbox \"Imprimir relatorio ao fechar\" [checked] [ref=e700]"}}
{"type":"before","callId":"call@116","startTime":93954.312,"class":"Frame","method":"title","params":{},"pageId":"page@bcd39af0209cd43733a18028cd932dd2"}
{"type":"after","callId":"call@116","endTime":93955.401,"result":{"value":"Volt Core"}}
{"type":"before","callId":"call@118","startTime":93955.839,"class":"Page","method":"consoleMessages","params":{"filter":"since-navigation"},"pageId":"page@bcd39af0209cd43733a18028cd932dd2"}
{"type":"after","callId":"call@118","endTime":93955.903,"result":{"messages":[{"type":"error","text":"Failed to load resource: the server responded with a status of 401 ()","args":[],"location":{"url":"https://volt-staging.onrender.com/api/core/auth/me","lineNumber":0,"columnNumber":0},"timestamp":1786395122429.248}]}}
{"type":"before","callId":"call@120","startTime":93956.179,"class":"Page","method":"pageErrors","params":{"filter":"since-navigation"},"pageId":"page@bcd39af0209cd43733a18028cd932dd2"}
{"type":"after","callId":"call@120","endTime":93956.219,"result":{"errors":[]}}
{"type":"before","callId":"call@122","startTime":97354.579,"class":"Frame","method":"ariaSnapshot","params":{"mode":"ai","timeout":30000},"pageId":"page@bcd39af0209cd43733a18028cd932dd2"}
{"type":"after","callId":"call@122","endTime":97363.041,"result":{"snapshot":"- generic [ref=e60]:\n  - complementary [ref=e61]:\n    - generic [ref=e63]:\n      - img \"Volt Core\" [ref=e64]\n      - generic [ref=e65]: VOLTCORE\n    - navigation \"Navegacao principal\" [ref=e66]:\n      - button \"Operacao Vendas, clientes e estoque\" [ref=e356] [cursor=pointer]:\n        - generic [ref=e362]:\n          - strong [ref=e363]: Operacao\n          - generic [ref=e364]: Vendas, clientes e estoque\n      - generic [ref=e406]:\n        - button \"Financeiro Caixa, recebiveis e pagamentos\" [expanded] [ref=e407] [cursor=pointer]:\n          - generic [ref=e411]:\n            - strong [ref=e412]: Financeiro\n            - generic [ref=e413]: Caixa, recebiveis e pagamentos\n        - generic [ref=e580]:\n          - button \"Pagamentos\" [ref=e581] [cursor=pointer]\n          - button \"Recebiveis\" [ref=e585] [cursor=pointer]\n          - button \"Caixa\" [ref=e591] [cursor=pointer]\n          - button \"Recibos\" [ref=e596] [cursor=pointer]\n      - button \"Setorial Fluxos do segmento da empresa\" [ref=e418] [cursor=pointer]:\n        - generic [ref=e422]:\n          - strong [ref=e423]: Setorial\n          - generic [ref=e424]: Fluxos do segmento da empresa\n      - button \"Gestao Relatorios e leitura gerencial\" [ref=e429] [cursor=pointer]:\n        - generic [ref=e433]:\n          - strong [ref=e434]: Gestao\n          - generic [ref=e435]: Relatorios e leitura gerencial\n      - button \"Administracao Implantacao, usuarios e parametros\" [ref=e440] [cursor=pointer]:\n        - generic [ref=e445]:\n          - strong [ref=e446]: Administracao\n          - generic [ref=e447]: Implantacao, usuarios e parametros\n    - generic [ref=e127]:\n      - generic [ref=e128]:\n        - generic [ref=e129]: A\n        - generic [ref=e131]:\n          - strong [ref=e132]: Master Volt Core\n          - generic [ref=e133]: Admin master\n      - button \"Sair\" [ref=e136] [cursor=pointer]\n  - generic [ref=e141]:\n    - banner [ref=e142]:\n      - generic [ref=e143]:\n        - heading \"Caixa\" [level=1] [ref=e600]\n        - paragraph [ref=e145]: Abertura, sangria, reforco, conferencia e fechamento.\n      - generic [ref=e146]:\n        - generic [ref=e452]:\n          - text: Empresa\n          - combobox \"Empresa\" [ref=e453]:\n            - option \"Otica Nacional Sabaudia\" [selected]\n        - generic [ref=e454]: \"Setor: Otica\"\n        - generic [ref=e147]: Banco real\n        - button \"Painel master\" [ref=e455] [cursor=pointer]\n        - button \"Master Volt Core\" [ref=e149] [cursor=pointer]\n    - main [ref=e150]:\n      - generic [ref=e601]:\n        - tablist [ref=e602]:\n          - button \"Sessao\" [ref=e603] [cursor=pointer]\n          - button \"Conferencia\" [ref=e607] [cursor=pointer]\n          - button \"Historico\" [ref=e612] [cursor=pointer]\n        - generic [ref=e616]:\n          - generic [ref=e617]:\n            - generic [ref=e618]:\n              - generic [ref=e624]:\n                - heading \"Sessao de caixa\" [level=2] [ref=e625]\n                - paragraph [ref=e626]: Dados e configuracoes do ambiente selecionado.\n              - button \"Abrir caixa\" [ref=e628] [cursor=pointer]\n            - generic [ref=e630]:\n              - generic [ref=e631]: Saldo esperado\n              - strong [ref=e632]: R$ 1.106,87\n              - generic [ref=e633]: Caixa fechado ou nao iniciado\n            - generic [ref=e634]:\n              - generic [ref=e635]:\n                - generic [ref=e636]: Entradas\n                - strong [ref=e637]: R$ 1.531,87\n              - generic [ref=e638]:\n                - generic [ref=e639]: Saidas\n                - strong [ref=e640]: \"-R$ 425,00\"\n              - generic [ref=e641]:\n                - generic [ref=e642]: Movimentos\n                - strong [ref=e643]: \"15\"\n              - generic [ref=e644]:\n                - generic [ref=e645]: Status\n                - strong [ref=e646]: Fechado\n            - generic [ref=e647]:\n              - button \"Reforco\" [ref=e648] [cursor=pointer]\n              - button \"Sangria\" [ref=e649] [cursor=pointer]\n              - button \"Conferir\" [ref=e650] [cursor=pointer]\n            - generic [ref=e651]:\n              - strong [ref=e652]: Ultimos movimentos\n              - generic [ref=e653]:\n                - generic [ref=e654]: \"Estorno venda #9\"\n                - generic [ref=e655]: Saida | Pix | R$ 175,00 | 17:10\n              - generic [ref=e656]:\n                - generic [ref=e657]: \"Venda #9\"\n                - generic [ref=e658]: Entrada | Pix | R$ 175,00 | 17:07\n              - generic [ref=e659]:\n                - generic [ref=e660]: \"Estorno venda #8\"\n                - generic [ref=e661]: Saida | Pix | R$ 150,00 | 14:41\n              - generic [ref=e662]:\n                - generic [ref=e663]: \"Venda #8\"\n                - generic [ref=e664]: Entrada | Pix | R$ 150,00 | 14:40\n          - generic [ref=e665]:\n            - generic [ref=e672]:\n              - heading \"Rotina do caixa\" [level=2] [ref=e673]\n              - paragraph [ref=e674]: Dados e configuracoes do ambiente selecionado.\n            - generic [ref=e675]:\n              - generic [ref=e676]:\n                - strong [ref=e677]: Reforco\n                - generic [ref=e678]: Entrada manual de dinheiro, como troco adicional.\n              - generic [ref=e679]:\n                - strong [ref=e680]: Sangria\n                - generic [ref=e681]: Retirada de dinheiro para reduzir o valor fisico no caixa.\n              - generic [ref=e682]:\n                - strong [ref=e683]: Conferir\n                - generic [ref=e684]: Compara o valor contado com o saldo esperado pelo sistema.\n              - generic [ref=e685]:\n                - strong [ref=e686]: Recebimento\n                - generic [ref=e687]: Valores recebidos devem aparecer como entrada e reduzir pendencias.\n            - generic [ref=e688]:\n              - generic [ref=e689]:\n                - generic [ref=e690]: Exigir caixa aberto para vender\n                - checkbox \"Exigir caixa aberto para vender\" [checked] [ref=e691]\n              - generic [ref=e692]:\n                - generic [ref=e693]: Permitir sangria por operador\n                - checkbox \"Permitir sangria por operador\" [checked] [ref=e694]\n              - generic [ref=e695]:\n                - generic [ref=e696]: Solicitar senha no fechamento\n                - checkbox \"Solicitar senha no fechamento\" [checked] [ref=e697]\n              - generic [ref=e698]:\n                - generic [ref=e699]: Imprimir relatorio ao fechar\n                - checkbox \"Imprimir relatorio ao fechar\" [checked] [ref=e700]"}}
{"type":"before","callId":"call@124","startTime":97364.002,"class":"Frame","method":"title","params":{},"pageId":"page@bcd39af0209cd43733a18028cd932dd2"}
{"type":"after","callId":"call@124","endTime":97364.946,"result":{"value":"Volt Core"}}
{"type":"before","callId":"call@126","startTime":97365.469,"class":"Page","method":"consoleMessages","params":{"filter":"since-navigation"},"pageId":"page@bcd39af0209cd43733a18028cd932dd2"}
{"type":"after","callId":"call@126","endTime":97365.58,"result":{"messages":[{"type":"error","text":"Failed to load resource: the server responded with a status of 401 ()","args":[],"location":{"url":"https://volt-staging.onrender.com/api/core/auth/me","lineNumber":0,"columnNumber":0},"timestamp":1786395122429.248}]}}
{"type":"before","callId":"call@128","startTime":97365.942,"class":"Page","method":"pageErrors","params":{"filter":"since-navigation"},"pageId":"page@bcd39af0209cd43733a18028cd932dd2"}
{"type":"after","callId":"call@128","endTime":97366.001,"result":{"errors":[]}}
{"type":"before","callId":"call@130","startTime":111934.553,"class":"Frame","method":"title","params":{},"pageId":"page@bcd39af0209cd43733a18028cd932dd2"}
{"type":"after","callId":"call@130","endTime":111935.683,"result":{"value":"Volt Core"}}
{"type":"before","callId":"call@132","startTime":111936.051,"class":"Page","method":"consoleMessages","params":{"filter":"since-navigation"},"pageId":"page@bcd39af0209cd43733a18028cd932dd2"}
{"type":"after","callId":"call@132","endTime":111936.115,"result":{"messages":[{"type":"error","text":"Failed to load resource: the server responded with a status of 401 ()","args":[],"location":{"url":"https://volt-staging.onrender.com/api/core/auth/me","lineNumber":0,"columnNumber":0},"timestamp":1786395122429.248}]}}
{"type":"before","callId":"call@134","startTime":111936.406,"class":"Page","method":"pageErrors","params":{"filter":"since-navigation"},"pageId":"page@bcd39af0209cd43733a18028cd932dd2"}
{"type":"after","callId":"call@134","endTime":111936.446,"result":{"errors":[]}}
{"type":"before","callId":"call@136","startTime":121290.41,"class":"Response","method":"body","params":{},"pageId":"page@bcd39af0209cd43733a18028cd932dd2"}
{"type":"after","callId":"call@136","endTime":121290.84,"result":{"binary":"<Buffer>"}}
{"type":"before","callId":"call@138","startTime":121292.129,"class":"Frame","method":"title","params":{},"pageId":"page@bcd39af0209cd43733a18028cd932dd2"}
{"type":"after","callId":"call@138","endTime":121293.323,"result":{"value":"Volt Core"}}
{"type":"before","callId":"call@140","startTime":121293.668,"class":"Page","method":"consoleMessages","params":{"filter":"since-navigation"},"pageId":"page@bcd39af0209cd43733a18028cd932dd2"}
{"type":"after","callId":"call@140","endTime":121293.773,"result":{"messages":[{"type":"error","text":"Failed to load resource: the server responded with a status of 401 ()","args":[],"location":{"url":"https://volt-staging.onrender.com/api/core/auth/me","lineNumber":0,"columnNumber":0},"timestamp":1786395122429.248}]}}
{"type":"before","callId":"call@142","startTime":121294.242,"class":"Page","method":"pageErrors","params":{"filter":"since-navigation"},"pageId":"page@bcd39af0209cd43733a18028cd932dd2"}
{"type":"after","callId":"call@142","endTime":121294.296,"result":{"errors":[]}}
{"type":"before","callId":"call@144","startTime":135007.782,"class":"Frame","method":"evaluateExpression","params":{"expression":"async (expr) => {\n              const value = eval(`(${expr})`);\n              const isFunction = typeof value === \"function\";\n              const result = await (isFunction ? value() : value);\n              return { result, isFunction };\n            }","isFunction":true,"arg":{"value":{"s":"async () => { const r = await fetch('/api/core/runtime/companies/e602f1a7-44b8-47be-a7ff-45017d7e1003/workspace'); const j = await r.json(); return { status:r.status, keys:Object.keys(j.workspace||{}), cashSummary:j.workspace?.cashSummary, cashSessions:j.workspace?.cashSessions?.slice?.(0,2), cashMovementsCount:j.workspace?.cashMovements?.length, dashboard:j.workspace?.dashboard }; }"},"handles":[]}},"pageId":"page@bcd39af0209cd43733a18028cd932dd2","beforeSnapshot":"before@call@144"}
{"type":"frame-snapshot","snapshot":{"callId":"call@144","snapshotName":"before@call@144","pageId":"page@bcd39af0209cd43733a18028cd932dd2","frameId":"frame@40b891a766907a2ceb8521f707111a55","frameUrl":"https://volt-staging.onrender.com/core/app","doctype":"html","html":[[3,224]],"viewport":{"width":929,"height":917},"timestamp":135010.129,"wallTime":1786395254192,"collectionTime":0.9000000357627869,"resourceOverrides":[],"isMainFrame":true}}
{"type":"after","callId":"call@144","endTime":136356.155,"result":{"value":{"o":[{"k":"result","v":{"o":[{"k":"status","v":{"n":200}},{"k":"keys","v":{"a":[{"s":"companies"},{"s":"configuration"},{"s":"modules"},{"s":"screens"},{"s":"segments"},{"s":"customers"},{"s":"productCategories"},{"s":"productBrands"},{"s":"products"},{"s":"stock"},{"s":"receivables"},{"s":"cashSummary"},{"s":"sales"},{"s":"inventoryMovements"},{"s":"cashMovements"},{"s":"cashSessions"},{"s":"receipts"},{"s":"expenses"},{"s":"serviceOrders"},{"s":"prescriptions"},{"s":"opticalLaboratories"},{"s":"opticalOrders"},{"s":"fiscalDocuments"},{"s":"paymentMethods"},{"s":"users"},{"s":"auditLogs"},{"s":"dashboard"}],"id":3}},{"k":"cashSummary","v":{"o":[{"k":"balance","v":{"n":0}},{"k":"expectedAmount","v":{"n":0}},{"k":"movementCount","v":{"n":0}},{"k":"movementTotal","v":{"n":0}},{"k":"openingAmount","v":{"n":0}},{"k":"sessionId","v":{"v":"null"}},{"k":"sessionNumber","v":{"v":"null"}},{"k":"status","v":{"s":"closed"}},{"k":"openedAt","v":{"v":"null"}}],"id":4}},{"k":"cashSessions","v":{"a":[{"o":[{"k":"id","v":{"s":"cas_msnnuzo4_l6gx2jfx"}},{"k":"number","v":{"n":2}},{"k":"status","v":{"s":"closed"}},{"k":"openingAmount","v":{"s":"50.00"}},{"k":"expectedAmount","v":{"s":"50.00"}},{"k":"countedAmount","v":{"s":"1106.87"}},{"k":"differenceAmount","v":{"s":"1056.87"}},{"k":"openedBy","v":{"s":"usr_dd016d710f1c90be7831"}},{"k":"closedBy","v":{"s":"usr_dd016d710f1c90be7831"}},{"k":"openedAt","v":{"s":"2026-08-10T20:05:14.643Z"}},{"k":"closedAt","v":{"s":"2026-08-10T20:11:59.221Z"}},{"k":"notes","v":{"s":"Encerramento golden path RLS 014"}}],"id":6},{"o":[{"k":"id","v":{"s":"cas_msnijfun_dxfnftxj"}},{"k":"number","v":{"n":1}},{"k":"status","v":{"s":"closed"}},{"k":"openingAmount","v":{"s":"0.00"}},{"k":"expectedAmount","v":{"s":"0.00"}},{"k":"countedAmount","v":{"s":"1106.87"}},{"k":"differenceAmount","v":{"s":"1106.87"}},{"k":"openedBy","v":{"s":"usr_dd016d710f1c90be7831"}},{"k":"closedBy","v":{"s":"usr_dd016d710f1c90be7831"}},{"k":"openedAt","v":{"s":"2026-08-10T17:36:17.661Z"}},{"k":"closedAt","v":{"s":"2026-08-10T18:45:12.507Z"}},{"k":"notes","v":{"s":"QA Pre-Go-Live 2026-08-10"}}],"id":7}],"id":5}},{"k":"cashMovementsCount","v":{"n":15}},{"k":"dashboard","v":{"o":[{"k":"metrics","v":{"a":[{"o":[{"k":"label","v":{"s":"Clientes"}},{"k":"value","v":{"n":28}},{"k":"hint","v":{"s":"Cadastros ativos"}}],"id":10},{"o":[{"k":"label","v":{"s":"Produtos"}},{"k":"value","v":{"n":96}},{"k":"hint","v":{"s":"Catalogo da empresa"}}],"id":11},{"o":[{"k":"label","v":{"s":"Estoque critico"}},{"k":"value","v":{"n":1}},{"k":"hint","v":{"s":"Itens abaixo do minimo"}}],"id":12},{"o":[{"k":"label","v":{"s":"Recebiveis"}},{"k":"value","v":{"n":596.98}},{"k":"hint","v":{"s":"Saldo em aberto"}}],"id":13}],"id":9}},{"k":"cashBalance","v":{"n":0}},{"k":"lowStock","v":{"n":1}},{"k":"openReceivables","v":{"n":596.98}}],"id":8}}],"id":2}},{"k":"isFunction","v":{"b":true}}],"id":1}},"afterSnapshot":"after@call@144"}
{"type":"frame-snapshot","snapshot":{"callId":"call@144","snapshotName":"after@call@144","pageId":"page@bcd39af0209cd43733a18028cd932dd2","frameId":"frame@40b891a766907a2ceb8521f707111a55","frameUrl":"https://volt-staging.onrender.com/core/app","doctype":"html","html":[[4,224]],"viewport":{"width":929,"height":917},"timestamp":136366.478,"wallTime":1786395255546,"collectionTime":2.100000023841858,"resourceOverrides":[],"isMainFrame":true}}
{"type":"before","callId":"call@146","startTime":136370.323,"class":"Frame","method":"evaluateExpression","params":{"expression":"(ms) => new Promise((f) => setTimeout(f, ms))","isFunction":true,"arg":{"value":{"n":500},"handles":[]}},"pageId":"page@bcd39af0209cd43733a18028cd932dd2","beforeSnapshot":"before@call@146"}
{"type":"frame-snapshot","snapshot":{"callId":"call@146","snapshotName":"before@call@146","pageId":"page@bcd39af0209cd43733a18028cd932dd2","frameId":"frame@40b891a766907a2ceb8521f707111a55","frameUrl":"https://volt-staging.onrender.com/core/app","doctype":"html","html":[[5,224]],"viewport":{"width":929,"height":917},"timestamp":136374.398,"wallTime":1786395255559,"collectionTime":2.100000023841858,"resourceOverrides":[],"isMainFrame":true}}
{"type":"after","callId":"call@146","endTime":136880.773,"result":{"value":{"v":"undefined"}},"afterSnapshot":"after@call@146"}
{"type":"frame-snapshot","snapshot":{"callId":"call@146","snapshotName":"after@call@146","pageId":"page@bcd39af0209cd43733a18028cd932dd2","frameId":"frame@40b891a766907a2ceb8521f707111a55","frameUrl":"https://volt-staging.onrender.com/core/app","doctype":"html","html":[[6,224]],"viewport":{"width":929,"height":917},"timestamp":136883.09,"wallTime":1786395256068,"collectionTime":1.199999988079071,"resourceOverrides":[],"isMainFrame":true}}
{"type":"before","callId":"call@149","startTime":136883.986,"class":"Frame","method":"evaluateExpression","params":{"expression":"(ms) => new Promise((f) => setTimeout(f, ms))","isFunction":true,"arg":{"value":{"n":500},"handles":[]}},"pageId":"page@bcd39af0209cd43733a18028cd932dd2","beforeSnapshot":"before@call@149"}
{"type":"frame-snapshot","snapshot":{"callId":"call@149","snapshotName":"before@call@149","pageId":"page@bcd39af0209cd43733a18028cd932dd2","frameId":"frame@40b891a766907a2ceb8521f707111a55","frameUrl":"https://volt-staging.onrender.com/core/app","doctype":"html","html":[[7,224]],"viewport":{"width":929,"height":917},"timestamp":136886.45,"wallTime":1786395256072,"collectionTime":1.2999999523162842,"resourceOverrides":[],"isMainFrame":true}}
{"type":"after","callId":"call@149","endTime":137395.913,"result":{"value":{"v":"undefined"}},"afterSnapshot":"after@call@149"}
{"type":"frame-snapshot","snapshot":{"callId":"call@149","snapshotName":"after@call@149","pageId":"page@bcd39af0209cd43733a18028cd932dd2","frameId":"frame@40b891a766907a2ceb8521f707111a55","frameUrl":"https://volt-staging.onrender.com/core/app","doctype":"html","html":[[8,224]],"viewport":{"width":929,"height":917},"timestamp":137398.329,"wallTime":1786395256584,"collectionTime":1.300000011920929,"resourceOverrides":[],"isMainFrame":true}}
{"type":"before","callId":"call@151","startTime":137398.954,"class":"Frame","method":"title","params":{},"pageId":"page@bcd39af0209cd43733a18028cd932dd2"}
{"type":"after","callId":"call@151","endTime":137400.006,"result":{"value":"Volt Core"}}
{"type":"before","callId":"call@153","startTime":137400.366,"class":"Page","method":"consoleMessages","params":{"filter":"since-navigation"},"pageId":"page@bcd39af0209cd43733a18028cd932dd2"}
{"type":"after","callId":"call@153","endTime":137400.428,"result":{"messages":[{"type":"error","text":"Failed to load resource: the server responded with a status of 401 ()","args":[],"location":{"url":"https://volt-staging.onrender.com/api/core/auth/me","lineNumber":0,"columnNumber":0},"timestamp":1786395122429.248}]}}
{"type":"before","callId":"call@155","startTime":137401.314,"class":"Page","method":"pageErrors","params":{"filter":"since-navigation"},"pageId":"page@bcd39af0209cd43733a18028cd932dd2"}
{"type":"after","callId":"call@155","endTime":137401.373,"result":{"errors":[]}}
{"type":"before","callId":"call@158","startTime":148708.396,"class":"Frame","method":"click","params":{"selector":"aria-ref=e628","strict":true,"timeout":5000},"pageId":"page@bcd39af0209cd43733a18028cd932dd2","beforeSnapshot":"before@call@158"}
{"type":"frame-snapshot","snapshot":{"callId":"call@158","snapshotName":"before@call@158","pageId":"page@bcd39af0209cd43733a18028cd932dd2","frameId":"frame@40b891a766907a2ceb8521f707111a55","frameUrl":"https://volt-staging.onrender.com/core/app","doctype":"html","html":[[9,224]],"viewport":{"width":929,"height":917},"timestamp":148711.878,"wallTime":1786395267896,"collectionTime":1.399999976158142,"resourceOverrides":[],"isMainFrame":true}}
{"type":"log","callId":"call@158","time":148712.136,"message":"waiting for locator('aria-ref=e628')"}
{"type":"log","callId":"call@158","time":148715.093,"message":"  locator resolved to <button type=\"button\" class=\"button-primary\">…</button>"}
{"type":"log","callId":"call@158","time":148716.458,"message":"attempting click action"}
{"type":"log","callId":"call@158","time":148716.577,"message":"  waiting for element to be visible, enabled and stable"}
{"type":"log","callId":"call@158","time":148732.201,"message":"  element is visible, enabled and stable"}
{"type":"log","callId":"call@158","time":148732.23,"message":"  scrolling into view if needed"}
{"type":"log","callId":"call@158","time":148732.963,"message":"  done scrolling"}
{"type":"input","callId":"call@158","point":{"x":790.23,"y":123.5},"inputSnapshot":"input@call@158"}
{"type":"frame-snapshot","snapshot":{"callId":"call@158","snapshotName":"input@call@158","pageId":"page@bcd39af0209cd43733a18028cd932dd2","frameId":"frame@40b891a766907a2ceb8521f707111a55","frameUrl":"https://volt-staging.onrender.com/core/app","doctype":"html","html":["HTML",{"__playwright_scroll_top_":"229","lang":"pt-BR"},[[32,18]],[[32,19]],["BODY",{},[[32,20]],["DIV",{"id":"root"},["DIV",{"class":"app-shell min-h-screen"},[[10,34]],["DIV",{"class":"main-shell"},[[10,40]],["MAIN",{"class":"page-content"},["DIV",{"class":"module-page"},[[10,63]],["DIV",{"class":"module-page__body"},["DIV",{"class":"screen-grid"},["DIV",{"class":"panel panel-section"},["DIV",{"class":"toolbar"},[[10,74]],["DIV",{"class":"toolbar__actions"},["BUTTON",{"__playwright_target__":"","class":"button-primary","type":"button"},[[10,77]],[[10,78]]]]],[[10,88]],[[10,109]],[[10,116]],[[10,163]]],[[10,215]]]]]]]]],[[32,85]]]],"viewport":{"width":929,"height":917},"timestamp":148736.915,"wallTime":1786395267922,"collectionTime":1.4000000357627869,"resourceOverrides":[],"isMainFrame":true}}
{"type":"log","callId":"call@158","time":148739.209,"message":"  performing click action"}
{"type":"log","callId":"call@158","time":148756.616,"message":"  click action done"}
{"type":"log","callId":"call@158","time":148756.643,"message":"  waiting for scheduled navigations to finish"}
{"type":"log","callId":"call@158","time":148757.826,"message":"  navigations have finished"}
{"type":"after","callId":"call@158","endTime":148757.995,"afterSnapshot":"after@call@158"}
{"type":"frame-snapshot","snapshot":{"callId":"call@158","snapshotName":"after@call@158","pageId":"page@bcd39af0209cd43733a18028cd932dd2","frameId":"frame@40b891a766907a2ceb8521f707111a55","frameUrl":"https://volt-staging.onrender.com/core/app","doctype":"html","html":["HTML",{"__playwright_scroll_top_":"229","lang":"pt-BR"},[[33,18]],[[33,19]],["BODY",{},[[33,20]],["DIV",{"id":"root"},["DIV",{"class":"app-shell min-h-screen"},[[11,34]],[[1,8]],["DIV",{"class":"modal-backdrop","role":"presentation"},["SECTION",{"class":"modal-shell","role":"dialog","aria-modal":"true","aria-labelledby":"action-modal-title","data-modal":"cashSession"},["HEADER",{"class":"modal-header"},["SPAN",{"class":"card-icon"},["svg",{"xmlns":"http://www.w3.org/2000/svg","width":"23","height":"23","viewBox":"0 0 24 24","fill":"none","stroke":"currentColor","stroke-width":"2","stroke-linecap":"round","stroke-linejoin":"round","class":"lucide lucide-circle-dollar-sign","aria-hidden":"true"},["circle",{"cx":"12","cy":"12","r":"10"}],["path",{"d":"M16 8h-6a2 2 0 1 0 0 4h4a2 2 0 1 1 0 4H8"}],["path",{"d":"M12 18V6"}]]],["DIV",{},["H2",{"id":"action-modal-title"},"Abrir caixa"],["P",{},"Informe o saldo inicial da sessao."]],["BUTTON",{"class":"icon-button","type":"button","aria-label":"Fechar"},["svg",{"xmlns":"http://www.w3.org/2000/svg","width":"18","height":"18","viewBox":"0 0 24 24","fill":"none","stroke":"currentColor","stroke-width":"2","stroke-linecap":"round","stroke-linejoin":"round","class":"lucide lucide-x","aria-hidden":"true"},["path",{"d":"M18 6 6 18"}],["path",{"d":"m6 6 12 12"}]]]],["FORM",{"class":"modal-form"},["DIV",{"class":"form-grid"},["LABEL",{"class":"field-label "},"Saldo inicial",["INPUT",{"__playwright_value_":"0,00","class":"input","inputmode":"decimal","placeholder":"Saldo inicial","type":"text","value":"0,00"}]],["LABEL",{"class":"field-label field-label--wide"},"Observacao",["TEXTAREA",{"__playwright_value_":"","class":"input input--textarea","placeholder":"Observacao"}]]],["FOOTER",{"class":"modal-footer"},["BUTTON",{"class":"button-secondary","type":"button"},"Cancelar"],["BUTTON",{"class":"button-primary","type":"submit"},["svg",{"xmlns":"http://www.w3.org/2000/svg","width":"18","height":"18","viewBox":"0 0 24 24","fill":"none","stroke":"currentColor","stroke-width":"2","stroke-linecap":"round","stroke-linejoin":"round","class":"lucide lucide-circle-check","aria-hidden":"true"},["circle",{"cx":"12","cy":"12","r":"10"}],["path",{"d":"m9 12 2 2 4-4"}]],"Abrir caixa"]]]]]]],[[33,85]]]],"viewport":{"width":929,"height":917},"timestamp":148762.685,"wallTime":1786395267947,"collectionTime":2.5,"resourceOverrides":[],"isMainFrame":true}}
{"type":"before","callId":"call@160","startTime":148764.189,"class":"Frame","method":"evaluateExpression","params":{"expression":"(ms) => new Promise((f) => setTimeout(f, ms))","isFunction":true,"arg":{"value":{"n":500},"handles":[]}},"pageId":"page@bcd39af0209cd43733a18028cd932dd2","beforeSnapshot":"before@call@160"}
{"type":"frame-snapshot","snapshot":{"callId":"call@160","snapshotName":"before@call@160","pageId":"page@bcd39af0209cd43733a18028cd932dd2","frameId":"frame@40b891a766907a2ceb8521f707111a55","frameUrl":"https://volt-staging.onrender.com/core/app","doctype":"html","html":["HTML",{"__playwright_scroll_top_":"229","lang":"pt-BR"},[[34,18]],[[34,19]],["BODY",{},[[34,20]],["DIV",{"id":"root"},["DIV",{"class":"app-shell min-h-screen"},[[12,34]],["DIV",{"class":"main-shell"},[[12,40]],["MAIN",{"class":"page-content"},["DIV",{"class":"module-page"},[[12,63]],["DIV",{"class":"module-page__body"},["DIV",{"class":"screen-grid"},["DIV",{"class":"panel panel-section"},["DIV",{"class":"toolbar"},[[12,74]],["DIV",{"class":"toolbar__actions"},["BUTTON",{"class":"button-primary","type":"button"},[[12,77]],[[12,78]]]]],[[12,88]],[[12,109]],[[12,116]],[[12,163]]],[[12,215]]]]]]],[[1,32]]]],[[34,85]]]],"viewport":{"width":929,"height":917},"timestamp":148768.889,"wallTime":1786395267954,"collectionTime":2.299999952316284,"resourceOverrides":[],"isMainFrame":true}}
{"type":"screencast-frame","pageId":"page@bcd39af0209cd43733a18028cd932dd2","sha1":"page@bcd39af0209cd43733a18028cd932dd2-1786395268124.jpeg","width":929,"height":917,"timestamp":148938.925,"frameSwapWallTime":1786395268117.985}
{"type":"after","callId":"call@160","endTime":149277.539,"result":{"value":{"v":"undefined"}},"afterSnapshot":"after@call@160"}
{"type":"frame-snapshot","snapshot":{"callId":"call@160","snapshotName":"after@call@160","pageId":"page@bcd39af0209cd43733a18028cd932dd2","frameId":"frame@40b891a766907a2ceb8521f707111a55","frameUrl":"https://volt-staging.onrender.com/core/app","doctype":"html","html":[[1,12]],"viewport":{"width":929,"height":917},"timestamp":149280.39,"wallTime":1786395268466,"collectionTime":1.5999999642372131,"resourceOverrides":[],"isMainFrame":true}}
{"type":"before","callId":"call@162","startTime":149281.441,"class":"Frame","method":"ariaSnapshot","params":{"mode":"ai","timeout":30000},"pageId":"page@bcd39af0209cd43733a18028cd932dd2"}
{"type":"after","callId":"call@162","endTime":149297.812,"result":{"snapshot":"- generic [ref=e60]:\n  - complementary [ref=e61]:\n    - generic [ref=e63]:\n      - img \"Volt Core\" [ref=e64]\n      - generic [ref=e65]: VOLTCORE\n    - navigation \"Navegacao principal\" [ref=e66]:\n      - button \"Operacao Vendas, clientes e estoque\" [ref=e356] [cursor=pointer]:\n        - generic [ref=e362]:\n          - strong [ref=e363]: Operacao\n          - generic [ref=e364]: Vendas, clientes e estoque\n      - generic [ref=e406]:\n        - button \"Financeiro Caixa, recebiveis e pagamentos\" [expanded] [ref=e407] [cursor=pointer]:\n          - generic [ref=e411]:\n            - strong [ref=e412]: Financeiro\n            - generic [ref=e413]: Caixa, recebiveis e pagamentos\n        - generic [ref=e580]:\n          - button \"Pagamentos\" [ref=e581] [cursor=pointer]\n          - button \"Recebiveis\" [ref=e585] [cursor=pointer]\n          - button \"Caixa\" [ref=e591] [cursor=pointer]\n          - button \"Recibos\" [ref=e596] [cursor=pointer]\n      - button \"Setorial Fluxos do segmento da empresa\" [ref=e418] [cursor=pointer]:\n        - generic [ref=e422]:\n          - strong [ref=e423]: Setorial\n          - generic [ref=e424]: Fluxos do segmento da empresa\n      - button \"Gestao Relatorios e leitura gerencial\" [ref=e429] [cursor=pointer]:\n        - generic [ref=e433]:\n          - strong [ref=e434]: Gestao\n          - generic [ref=e435]: Relatorios e leitura gerencial\n      - button \"Administracao Implantacao, usuarios e parametros\" [ref=e440] [cursor=pointer]:\n        - generic [ref=e445]:\n          - strong [ref=e446]: Administracao\n          - generic [ref=e447]: Implantacao, usuarios e parametros\n    - generic [ref=e127]:\n      - generic [ref=e128]:\n        - generic [ref=e129]: A\n        - generic [ref=e131]:\n          - strong [ref=e132]: Master Volt Core\n          - generic [ref=e133]: Admin master\n      - button \"Sair\" [ref=e136] [cursor=pointer]\n  - generic [ref=e141]:\n    - banner [ref=e142]:\n      - generic [ref=e143]:\n        - heading \"Caixa\" [level=1] [ref=e600]\n        - paragraph [ref=e145]: Abertura, sangria, reforco, conferencia e fechamento.\n      - generic [ref=e146]:\n        - generic [ref=e452]:\n          - text: Empresa\n          - combobox \"Empresa\" [ref=e453]:\n            - option \"Otica Nacional Sabaudia\" [selected]\n        - generic [ref=e454]: \"Setor: Otica\"\n        - generic [ref=e147]: Banco real\n        - button \"Painel master\" [ref=e455] [cursor=pointer]\n        - button \"Master Volt Core\" [ref=e149] [cursor=pointer]\n    - main [ref=e150]:\n      - generic [ref=e601]:\n        - tablist [ref=e602]:\n          - button \"Sessao\" [ref=e603] [cursor=pointer]\n          - button \"Conferencia\" [ref=e607] [cursor=pointer]\n          - button \"Historico\" [ref=e612] [cursor=pointer]\n        - generic [ref=e616]:\n          - generic [ref=e617]:\n            - generic [ref=e618]:\n              - generic [ref=e624]:\n                - heading \"Sessao de caixa\" [level=2] [ref=e625]\n                - paragraph [ref=e626]: Dados e configuracoes do ambiente selecionado.\n              - button \"Abrir caixa\" [active] [ref=e628] [cursor=pointer]\n            - generic [ref=e630]:\n              - generic [ref=e631]: Saldo esperado\n              - strong [ref=e632]: R$ 1.106,87\n              - generic [ref=e633]: Caixa fechado ou nao iniciado\n            - generic [ref=e634]:\n              - generic [ref=e635]:\n                - generic [ref=e636]: Entradas\n                - strong [ref=e637]: R$ 1.531,87\n              - generic [ref=e638]:\n                - generic [ref=e639]: Saidas\n                - strong [ref=e640]: \"-R$ 425,00\"\n              - generic [ref=e641]:\n                - generic [ref=e642]: Movimentos\n                - strong [ref=e643]: \"15\"\n              - generic [ref=e644]:\n                - generic [ref=e645]: Status\n                - strong [ref=e646]: Fechado\n            - generic [ref=e647]:\n              - button \"Reforco\" [ref=e648] [cursor=pointer]\n              - button \"Sangria\" [ref=e649] [cursor=pointer]\n              - button \"Conferir\" [ref=e650] [cursor=pointer]\n            - generic [ref=e651]:\n              - strong [ref=e652]: Ultimos movimentos\n              - generic [ref=e653]:\n                - generic [ref=e654]: \"Estorno venda #9\"\n                - generic [ref=e655]: Saida | Pix | R$ 175,00 | 17:10\n              - generic [ref=e656]:\n                - generic [ref=e657]: \"Venda #9\"\n                - generic [ref=e658]: Entrada | Pix | R$ 175,00 | 17:07\n              - generic [ref=e659]:\n                - generic [ref=e660]: \"Estorno venda #8\"\n                - generic [ref=e661]: Saida | Pix | R$ 150,00 | 14:41\n              - generic [ref=e662]:\n                - generic [ref=e663]: \"Venda #8\"\n                - generic [ref=e664]: Entrada | Pix | R$ 150,00 | 14:40\n          - generic [ref=e665]:\n            - generic [ref=e672]:\n              - heading \"Rotina do caixa\" [level=2] [ref=e673]\n              - paragraph [ref=e674]: Dados e configuracoes do ambiente selecionado.\n            - generic [ref=e675]:\n              - generic [ref=e676]:\n                - strong [ref=e677]: Reforco\n                - generic [ref=e678]: Entrada manual de dinheiro, como troco adicional.\n              - generic [ref=e679]:\n                - strong [ref=e680]: Sangria\n                - generic [ref=e681]: Retirada de dinheiro para reduzir o valor fisico no caixa.\n              - generic [ref=e682]:\n                - strong [ref=e683]: Conferir\n                - generic [ref=e684]: Compara o valor contado com o saldo esperado pelo sistema.\n              - generic [ref=e685]:\n                - strong [ref=e686]: Recebimento\n                - generic [ref=e687]: Valores recebidos devem aparecer como entrada e reduzir pendencias.\n            - generic [ref=e688]:\n              - generic [ref=e689]:\n                - generic [ref=e690]: Exigir caixa aberto para vender\n                - checkbox \"Exigir caixa aberto para vender\" [checked] [ref=e691]\n              - generic [ref=e692]:\n                - generic [ref=e693]: Permitir sangria por operador\n                - checkbox \"Permitir sangria por operador\" [checked] [ref=e694]\n              - generic [ref=e695]:\n                - generic [ref=e696]: Solicitar senha no fechamento\n                - checkbox \"Solicitar senha no fechamento\" [checked] [ref=e697]\n              - generic [ref=e698]:\n                - generic [ref=e699]: Imprimir relatorio ao fechar\n                - checkbox \"Imprimir relatorio ao fechar\" [checked] [ref=e700]\n  - dialog [ref=e701]:\n    - banner [ref=e702]:\n      - generic [ref=e707]:\n        - heading \"Abrir caixa\" [level=2] [ref=e708]\n        - paragraph [ref=e709]: Informe o saldo inicial da sessao.\n      - button \"Fechar\" [ref=e710] [cursor=pointer]\n    - generic [ref=e714]:\n      - generic [ref=e715]:\n        - generic [ref=e716]:\n          - text: Saldo inicial\n          - textbox \"Saldo inicial\" [ref=e717]: 0,00\n        - generic [ref=e718]:\n          - text: Observacao\n          - textbox \"Observacao\" [ref=e719]\n      - contentinfo [ref=e720]:\n        - button \"Cancelar\" [ref=e721] [cursor=pointer]\n        - button \"Abrir caixa\" [ref=e722] [cursor=pointer]"}}
{"type":"before","callId":"call@164","startTime":149298.585,"class":"Frame","method":"title","params":{},"pageId":"page@bcd39af0209cd43733a18028cd932dd2"}
{"type":"after","callId":"call@164","endTime":149300.058,"result":{"value":"Volt Core"}}
{"type":"before","callId":"call@166","startTime":149300.506,"class":"Page","method":"consoleMessages","params":{"filter":"since-navigation"},"pageId":"page@bcd39af0209cd43733a18028cd932dd2"}
{"type":"after","callId":"call@166","endTime":149300.595,"result":{"messages":[{"type":"error","text":"Failed to load resource: the server responded with a status of 401 ()","args":[],"location":{"url":"https://volt-staging.onrender.com/api/core/auth/me","lineNumber":0,"columnNumber":0},"timestamp":1786395122429.248}]}}
{"type":"before","callId":"call@168","startTime":149300.949,"class":"Page","method":"pageErrors","params":{"filter":"since-navigation"},"pageId":"page@bcd39af0209cd43733a18028cd932dd2"}
{"type":"after","callId":"call@168","endTime":149300.999,"result":{"errors":[]}}
{"type":"before","callId":"call@170","startTime":152967.315,"class":"Frame","method":"ariaSnapshot","params":{"mode":"ai","timeout":30000},"pageId":"page@bcd39af0209cd43733a18028cd932dd2"}
{"type":"after","callId":"call@170","endTime":152983.444,"result":{"snapshot":"- generic [ref=e60]:\n  - complementary [ref=e61]:\n    - generic [ref=e63]:\n      - img \"Volt Core\" [ref=e64]\n      - generic [ref=e65]: VOLTCORE\n    - navigation \"Navegacao principal\" [ref=e66]:\n      - button \"Operacao Vendas, clientes e estoque\" [ref=e356] [cursor=pointer]:\n        - generic [ref=e362]:\n          - strong [ref=e363]: Operacao\n          - generic [ref=e364]: Vendas, clientes e estoque\n      - generic [ref=e406]:\n        - button \"Financeiro Caixa, recebiveis e pagamentos\" [expanded] [ref=e407] [cursor=pointer]:\n          - generic [ref=e411]:\n            - strong [ref=e412]: Financeiro\n            - generic [ref=e413]: Caixa, recebiveis e pagamentos\n        - generic [ref=e580]:\n          - button \"Pagamentos\" [ref=e581] [cursor=pointer]\n          - button \"Recebiveis\" [ref=e585] [cursor=pointer]\n          - button \"Caixa\" [ref=e591] [cursor=pointer]\n          - button \"Recibos\" [ref=e596] [cursor=pointer]\n      - button \"Setorial Fluxos do segmento da empresa\" [ref=e418] [cursor=pointer]:\n        - generic [ref=e422]:\n          - strong [ref=e423]: Setorial\n          - generic [ref=e424]: Fluxos do segmento da empresa\n      - button \"Gestao Relatorios e leitura gerencial\" [ref=e429] [cursor=pointer]:\n        - generic [ref=e433]:\n          - strong [ref=e434]: Gestao\n          - generic [ref=e435]: Relatorios e leitura gerencial\n      - button \"Administracao Implantacao, usuarios e parametros\" [ref=e440] [cursor=pointer]:\n        - generic [ref=e445]:\n          - strong [ref=e446]: Administracao\n          - generic [ref=e447]: Implantacao, usuarios e parametros\n    - generic [ref=e127]:\n      - generic [ref=e128]:\n        - generic [ref=e129]: A\n        - generic [ref=e131]:\n          - strong [ref=e132]: Master Volt Core\n          - generic [ref=e133]: Admin master\n      - button \"Sair\" [ref=e136] [cursor=pointer]\n  - generic [ref=e141]:\n    - banner [ref=e142]:\n      - generic [ref=e143]:\n        - heading \"Caixa\" [level=1] [ref=e600]\n        - paragraph [ref=e145]: Abertura, sangria, reforco, conferencia e fechamento.\n      - generic [ref=e146]:\n        - generic [ref=e452]:\n          - text: Empresa\n          - combobox \"Empresa\" [ref=e453]:\n            - option \"Otica Nacional Sabaudia\" [selected]\n        - generic [ref=e454]: \"Setor: Otica\"\n        - generic [ref=e147]: Banco real\n        - button \"Painel master\" [ref=e455] [cursor=pointer]\n        - button \"Master Volt Core\" [ref=e149] [cursor=pointer]\n    - main [ref=e150]:\n      - generic [ref=e601]:\n        - tablist [ref=e602]:\n          - button \"Sessao\" [ref=e603] [cursor=pointer]\n          - button \"Conferencia\" [ref=e607] [cursor=pointer]\n          - button \"Historico\" [ref=e612] [cursor=pointer]\n        - generic [ref=e616]:\n          - generic [ref=e617]:\n            - generic [ref=e618]:\n              - generic [ref=e624]:\n                - heading \"Sessao de caixa\" [level=2] [ref=e625]\n                - paragraph [ref=e626]: Dados e configuracoes do ambiente selecionado.\n              - button \"Abrir caixa\" [active] [ref=e628] [cursor=pointer]\n            - generic [ref=e630]:\n              - generic [ref=e631]: Saldo esperado\n              - strong [ref=e632]: R$ 1.106,87\n              - generic [ref=e633]: Caixa fechado ou nao iniciado\n            - generic [ref=e634]:\n              - generic [ref=e635]:\n                - generic [ref=e636]: Entradas\n                - strong [ref=e637]: R$ 1.531,87\n              - generic [ref=e638]:\n                - generic [ref=e639]: Saidas\n                - strong [ref=e640]: \"-R$ 425,00\"\n              - generic [ref=e641]:\n                - generic [ref=e642]: Movimentos\n                - strong [ref=e643]: \"15\"\n              - generic [ref=e644]:\n                - generic [ref=e645]: Status\n                - strong [ref=e646]: Fechado\n            - generic [ref=e647]:\n              - button \"Reforco\" [ref=e648] [cursor=pointer]\n              - button \"Sangria\" [ref=e649] [cursor=pointer]\n              - button \"Conferir\" [ref=e650] [cursor=pointer]\n            - generic [ref=e651]:\n              - strong [ref=e652]: Ultimos movimentos\n              - generic [ref=e653]:\n                - generic [ref=e654]: \"Estorno venda #9\"\n                - generic [ref=e655]: Saida | Pix | R$ 175,00 | 17:10\n              - generic [ref=e656]:\n                - generic [ref=e657]: \"Venda #9\"\n                - generic [ref=e658]: Entrada | Pix | R$ 175,00 | 17:07\n              - generic [ref=e659]:\n                - generic [ref=e660]: \"Estorno venda #8\"\n                - generic [ref=e661]: Saida | Pix | R$ 150,00 | 14:41\n              - generic [ref=e662]:\n                - generic [ref=e663]: \"Venda #8\"\n                - generic [ref=e664]: Entrada | Pix | R$ 150,00 | 14:40\n          - generic [ref=e665]:\n            - generic [ref=e672]:\n              - heading \"Rotina do caixa\" [level=2] [ref=e673]\n              - paragraph [ref=e674]: Dados e configuracoes do ambiente selecionado.\n            - generic [ref=e675]:\n              - generic [ref=e676]:\n                - strong [ref=e677]: Reforco\n                - generic [ref=e678]: Entrada manual de dinheiro, como troco adicional.\n              - generic [ref=e679]:\n                - strong [ref=e680]: Sangria\n                - generic [ref=e681]: Retirada de dinheiro para reduzir o valor fisico no caixa.\n              - generic [ref=e682]:\n                - strong [ref=e683]: Conferir\n                - generic [ref=e684]: Compara o valor contado com o saldo esperado pelo sistema.\n              - generic [ref=e685]:\n                - strong [ref=e686]: Recebimento\n                - generic [ref=e687]: Valores recebidos devem aparecer como entrada e reduzir pendencias.\n            - generic [ref=e688]:\n              - generic [ref=e689]:\n                - generic [ref=e690]: Exigir caixa aberto para vender\n                - checkbox \"Exigir caixa aberto para vender\" [checked] [ref=e691]\n              - generic [ref=e692]:\n                - generic [ref=e693]: Permitir sangria por operador\n                - checkbox \"Permitir sangria por operador\" [checked] [ref=e694]\n              - generic [ref=e695]:\n                - generic [ref=e696]: Solicitar senha no fechamento\n                - checkbox \"Solicitar senha no fechamento\" [checked] [ref=e697]\n              - generic [ref=e698]:\n                - generic [ref=e699]: Imprimir relatorio ao fechar\n                - checkbox \"Imprimir relatorio ao fechar\" [checked] [ref=e700]\n  - dialog [ref=e701]:\n    - banner [ref=e702]:\n      - generic [ref=e707]:\n        - heading \"Abrir caixa\" [level=2] [ref=e708]\n        - paragraph [ref=e709]: Informe o saldo inicial da sessao.\n      - button \"Fechar\" [ref=e710] [cursor=pointer]\n    - generic [ref=e714]:\n      - generic [ref=e715]:\n        - generic [ref=e716]:\n          - text: Saldo inicial\n          - textbox \"Saldo inicial\" [ref=e717]: 0,00\n        - generic [ref=e718]:\n          - text: Observacao\n          - textbox \"Observacao\" [ref=e719]\n      - contentinfo [ref=e720]:\n        - button \"Cancelar\" [ref=e721] [cursor=pointer]\n        - button \"Abrir caixa\" [ref=e722] [cursor=pointer]"}}
{"type":"before","callId":"call@172","startTime":152984.327,"class":"Frame","method":"title","params":{},"pageId":"page@bcd39af0209cd43733a18028cd932dd2"}
{"type":"after","callId":"call@172","endTime":152985.76,"result":{"value":"Volt Core"}}
{"type":"before","callId":"call@174","startTime":152986.17,"class":"Page","method":"consoleMessages","params":{"filter":"since-navigation"},"pageId":"page@bcd39af0209cd43733a18028cd932dd2"}
{"type":"after","callId":"call@174","endTime":152986.243,"result":{"messages":[{"type":"error","text":"Failed to load resource: the server responded with a status of 401 ()","args":[],"location":{"url":"https://volt-staging.onrender.com/api/core/auth/me","lineNumber":0,"columnNumber":0},"timestamp":1786395122429.248}]}}
{"type":"before","callId":"call@176","startTime":152986.562,"class":"Page","method":"pageErrors","params":{"filter":"since-navigation"},"pageId":"page@bcd39af0209cd43733a18028cd932dd2"}
{"type":"after","callId":"call@176","endTime":152986.605,"result":{"errors":[]}}
{"type":"before","callId":"call@179","startTime":167034.552,"class":"Frame","method":"fill","params":{"selector":"aria-ref=e717","strict":true,"value":"50,0","timeout":5000},"pageId":"page@bcd39af0209cd43733a18028cd932dd2","beforeSnapshot":"before@call@179"}
{"type":"frame-snapshot","snapshot":{"callId":"call@179","snapshotName":"before@call@179","pageId":"page@bcd39af0209cd43733a18028cd932dd2","frameId":"frame@40b891a766907a2ceb8521f707111a55","frameUrl":"https://volt-staging.onrender.com/core/app","doctype":"html","html":[[2,12]],"viewport":{"width":929,"height":917},"timestamp":167037.063,"wallTime":1786395286222,"collectionTime":1.5999999642372131,"resourceOverrides":[],"isMainFrame":true}}
{"type":"log","callId":"call@179","time":167037.307,"message":"waiting for locator('aria-ref=e717')"}
{"type":"log","callId":"call@179","time":167039.66,"message":"  locator resolved to <input type=\"text\" value=\"0,00\" class=\"input\" inputmode=\"decimal\" placeholder=\"Saldo inicial\"/>"}
{"type":"log","callId":"call@179","time":167040.52,"message":"  fill(\"50,0\")"}
{"type":"log","callId":"call@179","time":167040.545,"message":"attempting fill action"}
{"type":"input","callId":"call@179","inputSnapshot":"input@call@179"}
{"type":"frame-snapshot","snapshot":{"callId":"call@179","snapshotName":"input@call@179","pageId":"page@bcd39af0209cd43733a18028cd932dd2","frameId":"frame@40b891a766907a2ceb8521f707111a55","frameUrl":"https://volt-staging.onrender.com/core/app","doctype":"html","html":["HTML",{"__playwright_scroll_top_":"229","lang":"pt-BR"},[[37,18]],[[37,19]],["BODY",{},[[37,20]],["DIV",{"id":"root"},["DIV",{"class":"app-shell min-h-screen"},[[15,34]],[[3,8]],["DIV",{"class":"modal-backdrop","role":"presentation"},["SECTION",{"class":"modal-shell","role":"dialog","aria-modal":"true","aria-labelledby":"action-modal-title","data-modal":"cashSession"},[[4,14]],["FORM",{"class":"modal-form"},["DIV",{"class":"form-grid"},["LABEL",{"class":"field-label "},[[4,15]],["INPUT",{"__playwright_value_":"0,00","__playwright_target__":"","class":"input","inputmode":"decimal","placeholder":"Saldo inicial","type":"text","value":"0,00"}]],[[4,20]]],[[4,29]]]]]]],[[37,85]]]],"viewport":{"width":929,"height":917},"timestamp":167042.687,"wallTime":1786395286228,"collectionTime":1.199999988079071,"resourceOverrides":[],"isMainFrame":true}}
{"type":"log","callId":"call@179","time":167042.848,"message":"  waiting for element to be visible, enabled and editable"}
{"type":"after","callId":"call@179","endTime":167052.087,"afterSnapshot":"after@call@179"}
{"type":"frame-snapshot","snapshot":{"callId":"call@179","snapshotName":"after@call@179","pageId":"page@bcd39af0209cd43733a18028cd932dd2","frameId":"frame@40b891a766907a2ceb8521f707111a55","frameUrl":"https://volt-staging.onrender.com/core/app","doctype":"html","html":["HTML",{"__playwright_scroll_top_":"229","lang":"pt-BR"},[[38,18]],[[38,19]],["BODY",{},[[38,20]],["DIV",{"id":"root"},["DIV",{"class":"app-shell min-h-screen"},[[16,34]],[[4,8]],["DIV",{"class":"modal-backdrop","role":"presentation"},["SECTION",{"class":"modal-shell","role":"dialog","aria-modal":"true","aria-labelledby":"action-modal-title","data-modal":"cashSession"},[[5,14]],["FORM",{"class":"modal-form"},["DIV",{"class":"form-grid"},["LABEL",{"class":"field-label "},[[5,15]],["INPUT",{"__playwright_value_":"50,0","__playwright_target__":"","class":"input","inputmode":"decimal","placeholder":"Saldo inicial","type":"text","value":"50,0"}]],[[5,20]]],[[5,29]]]]]]],[[38,85]]]],"viewport":{"width":929,"height":917},"timestamp":167057.674,"wallTime":1786395286242,"collectionTime":1.899999976158142,"resourceOverrides":[],"isMainFrame":true}}
{"type":"before","callId":"call@181","startTime":167059.388,"class":"Frame","method":"title","params":{},"pageId":"page@bcd39af0209cd43733a18028cd932dd2"}
{"type":"screencast-frame","pageId":"page@bcd39af0209cd43733a18028cd932dd2","sha1":"page@bcd39af0209cd43733a18028cd932dd2-1786395286247.jpeg","width":929,"height":917,"timestamp":167061.421,"frameSwapWallTime":1786395286241.411}
{"type":"after","callId":"call@181","endTime":167061.655,"result":{"value":"Volt Core"}}
{"type":"before","callId":"call@183","startTime":167062.198,"class":"Page","method":"consoleMessages","params":{"filter":"since-navigation"},"pageId":"page@bcd39af0209cd43733a18028cd932dd2"}
{"type":"after","callId":"call@183","endTime":167062.272,"result":{"messages":[{"type":"error","text":"Failed to load resource: the server responded with a status of 401 ()","args":[],"location":{"url":"https://volt-staging.onrender.com/api/core/auth/me","lineNumber":0,"columnNumber":0},"timestamp":1786395122429.248}]}}
{"type":"before","callId":"call@185","startTime":167062.669,"class":"Page","method":"pageErrors","params":{"filter":"since-navigation"},"pageId":"page@bcd39af0209cd43733a18028cd932dd2"}
{"type":"after","callId":"call@185","endTime":167062.707,"result":{"errors":[]}}
{"type":"screencast-frame","pageId":"page@bcd39af0209cd43733a18028cd932dd2","sha1":"page@bcd39af0209cd43733a18028cd932dd2-1786395286259.jpeg","width":929,"height":917,"timestamp":167073.795,"frameSwapWallTime":1786395286252.83}
{"type":"screencast-frame","pageId":"page@bcd39af0209cd43733a18028cd932dd2","sha1":"page@bcd39af0209cd43733a18028cd932dd2-1786395286276.jpeg","width":929,"height":917,"timestamp":167090.711,"frameSwapWallTime":1786395286269.261}
{"type":"screencast-frame","pageId":"page@bcd39af0209cd43733a18028cd932dd2","sha1":"page@bcd39af0209cd43733a18028cd932dd2-1786395286291.jpeg","width":929,"height":917,"timestamp":167105.66,"frameSwapWallTime":1786395286285.238}
{"type":"screencast-frame","pageId":"page@bcd39af0209cd43733a18028cd932dd2","sha1":"page@bcd39af0209cd43733a18028cd932dd2-1786395286307.jpeg","width":929,"height":917,"timestamp":167121.031,"frameSwapWallTime":1786395286300.586}
{"type":"screencast-frame","pageId":"page@bcd39af0209cd43733a18028cd932dd2","sha1":"page@bcd39af0209cd43733a18028cd932dd2-1786395286322.jpeg","width":929,"height":917,"timestamp":167136.008,"frameSwapWallTime":1786395286316.561}
{"type":"screencast-frame","pageId":"page@bcd39af0209cd43733a18028cd932dd2","sha1":"page@bcd39af0209cd43733a18028cd932dd2-1786395286336.jpeg","width":929,"height":917,"timestamp":167150.909,"frameSwapWallTime":1786395286331.6191}
{"type":"screencast-frame","pageId":"page@bcd39af0209cd43733a18028cd932dd2","sha1":"page@bcd39af0209cd43733a18028cd932dd2-1786395286352.jpeg","width":929,"height":917,"timestamp":167166.842,"frameSwapWallTime":1786395286347.249}
{"type":"screencast-frame","pageId":"page@bcd39af0209cd43733a18028cd932dd2","sha1":"page@bcd39af0209cd43733a18028cd932dd2-1786395286367.jpeg","width":929,"height":917,"timestamp":167181.506,"frameSwapWallTime":1786395286363.2158}
{"type":"screencast-frame","pageId":"page@bcd39af0209cd43733a18028cd932dd2","sha1":"page@bcd39af0209cd43733a18028cd932dd2-1786395286384.jpeg","width":929,"height":917,"timestamp":167198.769,"frameSwapWallTime":1786395286379.2988}
{"type":"screencast-frame","pageId":"page@bcd39af0209cd43733a18028cd932dd2","sha1":"page@bcd39af0209cd43733a18028cd932dd2-1786395286400.jpeg","width":929,"height":917,"timestamp":167214.529,"frameSwapWallTime":1786395286395.088}
{"type":"screencast-frame","pageId":"page@bcd39af0209cd43733a18028cd932dd2","sha1":"page@bcd39af0209cd43733a18028cd932dd2-1786395286792.jpeg","width":929,"height":917,"timestamp":167606.673,"frameSwapWallTime":1786395286786.33}
{"type":"screencast-frame","pageId":"page@bcd39af0209cd43733a18028cd932dd2","sha1":"page@bcd39af0209cd43733a18028cd932dd2-1786395287310.jpeg","width":929,"height":917,"timestamp":168124.396,"frameSwapWallTime":1786395287305.949}
{"type":"screencast-frame","pageId":"page@bcd39af0209cd43733a18028cd932dd2","sha1":"page@bcd39af0209cd43733a18028cd932dd2-1786395287845.jpeg","width":929,"height":917,"timestamp":168659.862,"frameSwapWallTime":1786395287840.448}
{"type":"screencast-frame","pageId":"page@bcd39af0209cd43733a18028cd932dd2","sha1":"page@bcd39af0209cd43733a18028cd932dd2-1786395288376.jpeg","width":929,"height":917,"timestamp":169190.469,"frameSwapWallTime":1786395288371.227}
{"type":"screencast-frame","pageId":"page@bcd39af0209cd43733a18028cd932dd2","sha1":"page@bcd39af0209cd43733a18028cd932dd2-1786395288909.jpeg","width":929,"height":917,"timestamp":169723.776,"frameSwapWallTime":1786395288905.237}
{"type":"screencast-frame","pageId":"page@bcd39af0209cd43733a18028cd932dd2","sha1":"page@bcd39af0209cd43733a18028cd932dd2-1786395289444.jpeg","width":929,"height":917,"timestamp":170258.196,"frameSwapWallTime":1786395289439.159}
{"type":"before","callId":"call@188","startTime":170274.113,"class":"Frame","method":"fill","params":{"selector":"aria-ref=e719","strict":true,"value":"QA RLS e saldo de caixa d5bac783","timeout":5000},"pageId":"page@bcd39af0209cd43733a18028cd932dd2","beforeSnapshot":"before@call@188"}
{"type":"frame-snapshot","snapshot":{"callId":"call@188","snapshotName":"before@call@188","pageId":"page@bcd39af0209cd43733a18028cd932dd2","frameId":"frame@40b891a766907a2ceb8521f707111a55","frameUrl":"https://volt-staging.onrender.com/core/app","doctype":"html","html":["HTML",{"__playwright_scroll_top_":"229","lang":"pt-BR"},[[39,18]],[[39,19]],["BODY",{},[[39,20]],["DIV",{"id":"root"},["DIV",{"class":"app-shell min-h-screen"},[[17,34]],[[5,8]],["DIV",{"class":"modal-backdrop","role":"presentation"},["SECTION",{"class":"modal-shell","role":"dialog","aria-modal":"true","aria-labelledby":"action-modal-title","data-modal":"cashSession"},[[6,14]],["FORM",{"class":"modal-form"},["DIV",{"class":"form-grid"},["LABEL",{"class":"field-label "},[[6,15]],["INPUT",{"__playwright_value_":"50,0","class":"input","inputmode":"decimal","placeholder":"Saldo inicial","type":"text","value":"50,0"}]],[[6,20]]],[[6,29]]]]]]],[[39,85]]]],"viewport":{"width":929,"height":917},"timestamp":170277.84,"wallTime":1786395289463,"collectionTime":2.100000023841858,"resourceOverrides":[],"isMainFrame":true}}
{"type":"log","callId":"call@188","time":170278.13,"message":"waiting for locator('aria-ref=e719')"}
{"type":"log","callId":"call@188","time":170280.378,"message":"  locator resolved to <textarea placeholder=\"Observacao\" class=\"input input--textarea\"></textarea>"}
{"type":"log","callId":"call@188","time":170281.112,"message":"  fill(\"QA RLS e saldo de caixa d5bac783\")"}
{"type":"log","callId":"call@188","time":170281.124,"message":"attempting fill action"}
{"type":"input","callId":"call@188","inputSnapshot":"input@call@188"}
{"type":"frame-snapshot","snapshot":{"callId":"call@188","snapshotName":"input@call@188","pageId":"page@bcd39af0209cd43733a18028cd932dd2","frameId":"frame@40b891a766907a2ceb8521f707111a55","frameUrl":"https://volt-staging.onrender.com/core/app","doctype":"html","html":["HTML",{"__playwright_scroll_top_":"229","lang":"pt-BR"},[[40,18]],[[40,19]],["BODY",{},[[40,20]],["DIV",{"id":"root"},["DIV",{"class":"app-shell min-h-screen"},[[18,34]],[[6,8]],["DIV",{"class":"modal-backdrop","role":"presentation"},["SECTION",{"class":"modal-shell","role":"dialog","aria-modal":"true","aria-labelledby":"action-modal-title","data-modal":"cashSession"},[[7,14]],["FORM",{"class":"modal-form"},["DIV",{"class":"form-grid"},[[1,1]],["LABEL",{"class":"field-label field-label--wide"},[[7,18]],["TEXTAREA",{"__playwright_value_":"","__playwright_target__":"","class":"input input--textarea","placeholder":"Observacao"}]]],[[7,29]]]]]]],[[40,85]]]],"viewport":{"width":929,"height":917},"timestamp":170282.974,"wallTime":1786395289468,"collectionTime":1,"resourceOverrides":[],"isMainFrame":true}}
{"type":"log","callId":"call@188","time":170283.054,"message":"  waiting for element to be visible, enabled and editable"}
{"type":"after","callId":"call@188","endTime":170289.437,"afterSnapshot":"after@call@188"}
{"type":"frame-snapshot","snapshot":{"callId":"call@188","snapshotName":"after@call@188","pageId":"page@bcd39af0209cd43733a18028cd932dd2","frameId":"frame@40b891a766907a2ceb8521f707111a55","frameUrl":"https://volt-staging.onrender.com/core/app","doctype":"html","html":["HTML",{"__playwright_scroll_top_":"229","lang":"pt-BR"},[[41,18]],[[41,19]],["BODY",{},[[41,20]],["DIV",{"id":"root"},["DIV",{"class":"app-shell min-h-screen"},[[19,34]],[[7,8]],["DIV",{"class":"modal-backdrop","role":"presentation"},["SECTION",{"class":"modal-shell","role":"dialog","aria-modal":"true","aria-labelledby":"action-modal-title","data-modal":"cashSession"},[[8,14]],["FORM",{"class":"modal-form"},["DIV",{"class":"form-grid"},[[2,1]],["LABEL",{"class":"field-label field-label--wide"},[[8,18]],["TEXTAREA",{"__playwright_value_":"QA RLS e saldo de caixa d5bac783","__playwright_target__":"","class":"input input--textarea","placeholder":"Observacao"},"QA RLS e saldo de caixa d5bac783"]]],[[8,29]]]]]]],[[41,85]]]],"viewport":{"width":929,"height":917},"timestamp":170292.878,"wallTime":1786395289478,"collectionTime":1.800000011920929,"resourceOverrides":[],"isMainFrame":true}}
{"type":"before","callId":"call@190","startTime":170294.54,"class":"Frame","method":"title","params":{},"pageId":"page@bcd39af0209cd43733a18028cd932dd2"}
{"type":"after","callId":"call@190","endTime":170295.718,"result":{"value":"Volt Core"}}
{"type":"before","callId":"call@192","startTime":170296.184,"class":"Page","method":"consoleMessages","params":{"filter":"since-navigation"},"pageId":"page@bcd39af0209cd43733a18028cd932dd2"}
{"type":"after","callId":"call@192","endTime":170296.275,"result":{"messages":[{"type":"error","text":"Failed to load resource: the server responded with a status of 401 ()","args":[],"location":{"url":"https://volt-staging.onrender.com/api/core/auth/me","lineNumber":0,"columnNumber":0},"timestamp":1786395122429.248}]}}
{"type":"before","callId":"call@194","startTime":170296.723,"class":"Page","method":"pageErrors","params":{"filter":"since-navigation"},"pageId":"page@bcd39af0209cd43733a18028cd932dd2"}
{"type":"after","callId":"call@194","endTime":170296.805,"result":{"errors":[]}}
{"type":"screencast-frame","pageId":"page@bcd39af0209cd43733a18028cd932dd2","sha1":"page@bcd39af0209cd43733a18028cd932dd2-1786395289495.jpeg","width":929,"height":917,"timestamp":170309.096,"frameSwapWallTime":1786395289486.5361}
{"type":"screencast-frame","pageId":"page@bcd39af0209cd43733a18028cd932dd2","sha1":"page@bcd39af0209cd43733a18028cd932dd2-1786395289508.jpeg","width":929,"height":917,"timestamp":170322.429,"frameSwapWallTime":1786395289502.29}
{"type":"screencast-frame","pageId":"page@bcd39af0209cd43733a18028cd932dd2","sha1":"page@bcd39af0209cd43733a18028cd932dd2-1786395289523.jpeg","width":929,"height":917,"timestamp":170337.089,"frameSwapWallTime":1786395289517.923}
{"type":"screencast-frame","pageId":"page@bcd39af0209cd43733a18028cd932dd2","sha1":"page@bcd39af0209cd43733a18028cd932dd2-1786395289540.jpeg","width":929,"height":917,"timestamp":170354.629,"frameSwapWallTime":1786395289534.095}
{"type":"screencast-frame","pageId":"page@bcd39af0209cd43733a18028cd932dd2","sha1":"page@bcd39af0209cd43733a18028cd932dd2-1786395289554.jpeg","width":929,"height":917,"timestamp":170368.096,"frameSwapWallTime":1786395289548.948}
{"type":"screencast-frame","pageId":"page@bcd39af0209cd43733a18028cd932dd2","sha1":"page@bcd39af0209cd43733a18028cd932dd2-1786395289570.jpeg","width":929,"height":917,"timestamp":170384.462,"frameSwapWallTime":1786395289564.323}
{"type":"screencast-frame","pageId":"page@bcd39af0209cd43733a18028cd932dd2","sha1":"page@bcd39af0209cd43733a18028cd932dd2-1786395289585.jpeg","width":929,"height":917,"timestamp":170399.307,"frameSwapWallTime":1786395289580.054}
{"type":"screencast-frame","pageId":"page@bcd39af0209cd43733a18028cd932dd2","sha1":"page@bcd39af0209cd43733a18028cd932dd2-1786395289600.jpeg","width":929,"height":917,"timestamp":170414.403,"frameSwapWallTime":1786395289595.756}
{"type":"screencast-frame","pageId":"page@bcd39af0209cd43733a18028cd932dd2","sha1":"page@bcd39af0209cd43733a18028cd932dd2-1786395289617.jpeg","width":929,"height":917,"timestamp":170431.722,"frameSwapWallTime":1786395289612.083}
{"type":"screencast-frame","pageId":"page@bcd39af0209cd43733a18028cd932dd2","sha1":"page@bcd39af0209cd43733a18028cd932dd2-1786395289645.jpeg","width":929,"height":917,"timestamp":170459.455,"frameSwapWallTime":1786395289639.2332}
{"type":"screencast-frame","pageId":"page@bcd39af0209cd43733a18028cd932dd2","sha1":"page@bcd39af0209cd43733a18028cd932dd2-1786395289661.jpeg","width":929,"height":917,"timestamp":170475.845,"frameSwapWallTime":1786395289656.016}
{"type":"screencast-frame","pageId":"page@bcd39af0209cd43733a18028cd932dd2","sha1":"page@bcd39af0209cd43733a18028cd932dd2-1786395290028.jpeg","width":929,"height":917,"timestamp":170841.947,"frameSwapWallTime":1786395290022.903}
{"type":"screencast-frame","pageId":"page@bcd39af0209cd43733a18028cd932dd2","sha1":"page@bcd39af0209cd43733a18028cd932dd2-1786395290562.jpeg","width":929,"height":917,"timestamp":171376.858,"frameSwapWallTime":1786395290556.999}
{"type":"screencast-frame","pageId":"page@bcd39af0209cd43733a18028cd932dd2","sha1":"page@bcd39af0209cd43733a18028cd932dd2-1786395291097.jpeg","width":929,"height":917,"timestamp":171911.931,"frameSwapWallTime":1786395291090.807}
{"type":"screencast-frame","pageId":"page@bcd39af0209cd43733a18028cd932dd2","sha1":"page@bcd39af0209cd43733a18028cd932dd2-1786395291614.jpeg","width":929,"height":917,"timestamp":172428.33,"frameSwapWallTime":1786395291607.944}
{"type":"screencast-frame","pageId":"page@bcd39af0209cd43733a18028cd932dd2","sha1":"page@bcd39af0209cd43733a18028cd932dd2-1786395292151.jpeg","width":929,"height":917,"timestamp":172965.627,"frameSwapWallTime":1786395292145.324}
{"type":"screencast-frame","pageId":"page@bcd39af0209cd43733a18028cd932dd2","sha1":"page@bcd39af0209cd43733a18028cd932dd2-1786395292668.jpeg","width":929,"height":917,"timestamp":173482.589,"frameSwapWallTime":1786395292663.155}
{"type":"before","callId":"call@197","startTime":173949.882,"class":"Frame","method":"click","params":{"selector":"aria-ref=e722","strict":true,"timeout":5000},"pageId":"page@bcd39af0209cd43733a18028cd932dd2","beforeSnapshot":"before@call@197"}
{"type":"frame-snapshot","snapshot":{"callId":"call@197","snapshotName":"before@call@197","pageId":"page@bcd39af0209cd43733a18028cd932dd2","frameId":"frame@40b891a766907a2ceb8521f707111a55","frameUrl":"https://volt-staging.onrender.com/core/app","doctype":"html","html":["HTML",{"__playwright_scroll_top_":"229","lang":"pt-BR"},[[42,18]],[[42,19]],["BODY",{},[[42,20]],["DIV",{"id":"root"},["DIV",{"class":"app-shell min-h-screen"},[[20,34]],[[8,8]],["DIV",{"class":"modal-backdrop","role":"presentation"},["SECTION",{"class":"modal-shell","role":"dialog","aria-modal":"true","aria-labelledby":"action-modal-title","data-modal":"cashSession"},[[9,14]],["FORM",{"class":"modal-form"},["DIV",{"class":"form-grid"},[[3,1]],["LABEL",{"class":"field-label field-label--wide"},[[9,18]],["TEXTAREA",{"__playwright_value_":"QA RLS e saldo de caixa d5bac783","class":"input input--textarea","placeholder":"Observacao"},[[1,0]]]]],[[9,29]]]]]]],[[42,85]]]],"viewport":{"width":929,"height":917},"timestamp":173952.271,"wallTime":1786395293137,"collectionTime":1.5,"resourceOverrides":[],"isMainFrame":true}}
{"type":"log","callId":"call@197","time":173952.494,"message":"waiting for locator('aria-ref=e722')"}
{"type":"log","callId":"call@197","time":173954.48,"message":"  locator resolved to <button type=\"submit\" class=\"button-primary\">…</button>"}
{"type":"log","callId":"call@197","time":173955.162,"message":"attempting click action"}
{"type":"log","callId":"call@197","time":173955.222,"message":"  waiting for element to be visible, enabled and stable"}
{"type":"log","callId":"call@197","time":173975.15,"message":"  element is visible, enabled and stable"}
{"type":"log","callId":"call@197","time":173975.261,"message":"  scrolling into view if needed"}
{"type":"log","callId":"call@197","time":173975.891,"message":"  done scrolling"}
{"type":"input","callId":"call@197","point":{"x":704.73,"y":628.75},"inputSnapshot":"input@call@197"}
{"type":"frame-snapshot","snapshot":{"callId":"call@197","snapshotName":"input@call@197","pageId":"page@bcd39af0209cd43733a18028cd932dd2","frameId":"frame@40b891a766907a2ceb8521f707111a55","frameUrl":"https://volt-staging.onrender.com/core/app","doctype":"html","html":["HTML",{"__playwright_scroll_top_":"229","lang":"pt-BR"},[[43,18]],[[43,19]],["BODY",{},[[43,20]],["DIV",{"id":"root"},["DIV",{"class":"app-shell min-h-screen"},[[21,34]],[[9,8]],["DIV",{"class":"modal-backdrop","role":"presentation"},["SECTION",{"class":"modal-shell","role":"dialog","aria-modal":"true","aria-labelledby":"action-modal-title","data-modal":"cashSession"},[[10,14]],["FORM",{"class":"modal-form"},[[1,2]],["FOOTER",{"class":"modal-footer"},[[10,23]],["BUTTON",{"__playwright_target__":"","class":"button-primary","type":"submit"},[[10,26]],[[10,27]]]]]]]]],[[43,85]]]],"viewport":{"width":929,"height":917},"timestamp":173979.086,"wallTime":1786395293165,"collectionTime":1.4000000357627869,"resourceOverrides":[],"isMainFrame":true}}
{"type":"log","callId":"call@197","time":173980.313,"message":"  performing click action"}
{"type":"log","callId":"call@197","time":173986.741,"message":"  click action done"}
{"type":"log","callId":"call@197","time":173986.758,"message":"  waiting for scheduled navigations to finish"}
{"type":"log","callId":"call@197","time":173987.337,"message":"  navigations have finished"}
{"type":"after","callId":"call@197","endTime":173987.713,"afterSnapshot":"after@call@197"}
{"type":"frame-snapshot","snapshot":{"callId":"call@197","snapshotName":"after@call@197","pageId":"page@bcd39af0209cd43733a18028cd932dd2","frameId":"frame@40b891a766907a2ceb8521f707111a55","frameUrl":"https://volt-staging.onrender.com/core/app","doctype":"html","html":["HTML",{"__playwright_scroll_top_":"229","lang":"pt-BR"},[[44,18]],[[44,19]],["BODY",{},[[44,20]],["DIV",{"id":"root"},["DIV",{"class":"app-shell min-h-screen"},[[22,34]],[[10,8]],["DIV",{"class":"modal-backdrop","role":"presentation"},["SECTION",{"class":"modal-shell","role":"dialog","aria-modal":"true","aria-labelledby":"action-modal-title","data-modal":"cashSession"},[[11,14]],["FORM",{"class":"modal-form"},[[2,2]],["FOOTER",{"class":"modal-footer"},[[11,23]],["BUTTON",{"__playwright_target__":"","class":"button-primary","type":"submit","disabled":""},["SPAN",{"class":"spinner"}],"Salvando..."]]]]]]],[[44,85]]]],"viewport":{"width":929,"height":917},"timestamp":173990.161,"wallTime":1786395293175,"collectionTime":1.5,"resourceOverrides":[],"isMainFrame":true}}
{"type":"before","callId":"call@199","startTime":173990.885,"class":"Frame","method":"evaluateExpression","params":{"expression":"(ms) => new Promise((f) => setTimeout(f, ms))","isFunction":true,"arg":{"value":{"n":500},"handles":[]}},"pageId":"page@bcd39af0209cd43733a18028cd932dd2","beforeSnapshot":"before@call@199"}
{"type":"frame-snapshot","snapshot":{"callId":"call@199","snapshotName":"before@call@199","pageId":"page@bcd39af0209cd43733a18028cd932dd2","frameId":"frame@40b891a766907a2ceb8521f707111a55","frameUrl":"https://volt-staging.onrender.com/core/app","doctype":"html","html":["HTML",{"__playwright_scroll_top_":"229","lang":"pt-BR"},[[45,18]],[[45,19]],["BODY",{},[[45,20]],["DIV",{"id":"root"},["DIV",{"class":"app-shell min-h-screen"},[[23,34]],[[11,8]],["DIV",{"class":"modal-backdrop","role":"presentation"},["SECTION",{"class":"modal-shell","role":"dialog","aria-modal":"true","aria-labelledby":"action-modal-title","data-modal":"cashSession"},[[12,14]],["FORM",{"class":"modal-form"},[[3,2]],["FOOTER",{"class":"modal-footer"},[[12,23]],["BUTTON",{"class":"button-primary","type":"submit","disabled":""},[[1,0]],[[1,1]]]]]]]]],[[45,85]]]],"viewport":{"width":929,"height":917},"timestamp":173996.768,"wallTime":1786395293182,"collectionTime":2.599999964237213,"resourceOverrides":[],"isMainFrame":true}}
{"type":"screencast-frame","pageId":"page@bcd39af0209cd43733a18028cd932dd2","sha1":"page@bcd39af0209cd43733a18028cd932dd2-1786395293203.jpeg","width":929,"height":917,"timestamp":174017.918,"frameSwapWallTime":1786395293199.002}
{"type":"screencast-frame","pageId":"page@bcd39af0209cd43733a18028cd932dd2","sha1":"page@bcd39af0209cd43733a18028cd932dd2-1786395293207.jpeg","width":929,"height":917,"timestamp":174021.22,"frameSwapWallTime":1786395293203.062}
{"type":"screencast-frame","pageId":"page@bcd39af0209cd43733a18028cd932dd2","sha1":"page@bcd39af0209cd43733a18028cd932dd2-1786395293223.jpeg","width":929,"height":917,"timestamp":174036.981,"frameSwapWallTime":1786395293218.417}
{"type":"screencast-frame","pageId":"page@bcd39af0209cd43733a18028cd932dd2","sha1":"page@bcd39af0209cd43733a18028cd932dd2-1786395293238.jpeg","width":929,"height":917,"timestamp":174052.834,"frameSwapWallTime":1786395293233.866}
{"type":"screencast-frame","pageId":"page@bcd39af0209cd43733a18028cd932dd2","sha1":"page@bcd39af0209cd43733a18028cd932dd2-1786395293264.jpeg","width":929,"height":917,"timestamp":174078.518,"frameSwapWallTime":1786395293259.496}
{"type":"screencast-frame","pageId":"page@bcd39af0209cd43733a18028cd932dd2","sha1":"page@bcd39af0209cd43733a18028cd932dd2-1786395293282.jpeg","width":929,"height":917,"timestamp":174096.214,"frameSwapWallTime":1786395293276.5962}
{"type":"screencast-frame","pageId":"page@bcd39af0209cd43733a18028cd932dd2","sha1":"page@bcd39af0209cd43733a18028cd932dd2-1786395293300.jpeg","width":929,"height":917,"timestamp":174113.956,"frameSwapWallTime":1786395293293.096}
{"type":"screencast-frame","pageId":"page@bcd39af0209cd43733a18028cd932dd2","sha1":"page@bcd39af0209cd43733a18028cd932dd2-1786395293316.jpeg","width":929,"height":917,"timestamp":174130.459,"frameSwapWallTime":1786395293309.709}
{"type":"screencast-frame","pageId":"page@bcd39af0209cd43733a18028cd932dd2","sha1":"page@bcd39af0209cd43733a18028cd932dd2-1786395293333.jpeg","width":929,"height":917,"timestamp":174147.662,"frameSwapWallTime":1786395293326.468}
{"type":"screencast-frame","pageId":"page@bcd39af0209cd43733a18028cd932dd2","sha1":"page@bcd39af0209cd43733a18028cd932dd2-1786395293349.jpeg","width":929,"height":917,"timestamp":174163.252,"frameSwapWallTime":1786395293343.02}
{"type":"screencast-frame","pageId":"page@bcd39af0209cd43733a18028cd932dd2","sha1":"page@bcd39af0209cd43733a18028cd932dd2-1786395293365.jpeg","width":929,"height":917,"timestamp":174179.185,"frameSwapWallTime":1786395293359.7651}
{"type":"screencast-frame","pageId":"page@bcd39af0209cd43733a18028cd932dd2","sha1":"page@bcd39af0209cd43733a18028cd932dd2-1786395293381.jpeg","width":929,"height":917,"timestamp":174195.44,"frameSwapWallTime":1786395293375.9712}
{"type":"screencast-frame","pageId":"page@bcd39af0209cd43733a18028cd932dd2","sha1":"page@bcd39af0209cd43733a18028cd932dd2-1786395293397.jpeg","width":929,"height":917,"timestamp":174210.968,"frameSwapWallTime":1786395293391.85}
{"type":"screencast-frame","pageId":"page@bcd39af0209cd43733a18028cd932dd2","sha1":"page@bcd39af0209cd43733a18028cd932dd2-1786395293412.jpeg","width":929,"height":917,"timestamp":174226.032,"frameSwapWallTime":1786395293406.956}
{"type":"screencast-frame","pageId":"page@bcd39af0209cd43733a18028cd932dd2","sha1":"page@bcd39af0209cd43733a18028cd932dd2-1786395293426.jpeg","width":929,"height":917,"timestamp":174240.623,"frameSwapWallTime":1786395293421.4922}
{"type":"screencast-frame","pageId":"page@bcd39af0209cd43733a18028cd932dd2","sha1":"page@bcd39af0209cd43733a18028cd932dd2-1786395293441.jpeg","width":929,"height":917,"timestamp":174255.155,"frameSwapWallTime":1786395293437.174}
{"type":"screencast-frame","pageId":"page@bcd39af0209cd43733a18028cd932dd2","sha1":"page@bcd39af0209cd43733a18028cd932dd2-1786395293457.jpeg","width":929,"height":917,"timestamp":174271.266,"frameSwapWallTime":1786395293453.028}
{"type":"screencast-frame","pageId":"page@bcd39af0209cd43733a18028cd932dd2","sha1":"page@bcd39af0209cd43733a18028cd932dd2-1786395293472.jpeg","width":929,"height":917,"timestamp":174286.894,"frameSwapWallTime":1786395293468.862}
{"type":"screencast-frame","pageId":"page@bcd39af0209cd43733a18028cd932dd2","sha1":"page@bcd39af0209cd43733a18028cd932dd2-1786395293488.jpeg","width":929,"height":917,"timestamp":174302.668,"frameSwapWallTime":1786395293484.156}
{"type":"screencast-frame","pageId":"page@bcd39af0209cd43733a18028cd932dd2","sha1":"page@bcd39af0209cd43733a18028cd932dd2-1786395293505.jpeg","width":929,"height":917,"timestamp":174318.978,"frameSwapWallTime":1786395293500.625}
{"type":"screencast-frame","pageId":"page@bcd39af0209cd43733a18028cd932dd2","sha1":"page@bcd39af0209cd43733a18028cd932dd2-1786395293519.jpeg","width":929,"height":917,"timestamp":174333.929,"frameSwapWallTime":1786395293515.512}
{"type":"screencast-frame","pageId":"page@bcd39af0209cd43733a18028cd932dd2","sha1":"page@bcd39af0209cd43733a18028cd932dd2-1786395293535.jpeg","width":929,"height":917,"timestamp":174349.492,"frameSwapWallTime":1786395293531.556}
{"type":"screencast-frame","pageId":"page@bcd39af0209cd43733a18028cd932dd2","sha1":"page@bcd39af0209cd43733a18028cd932dd2-1786395293565.jpeg","width":929,"height":917,"timestamp":174379.835,"frameSwapWallTime":1786395293559.768}
{"type":"screencast-frame","pageId":"page@bcd39af0209cd43733a18028cd932dd2","sha1":"page@bcd39af0209cd43733a18028cd932dd2-1786395293583.jpeg","width":929,"height":917,"timestamp":174397.624,"frameSwapWallTime":1786395293576.586}
{"type":"screencast-frame","pageId":"page@bcd39af0209cd43733a18028cd932dd2","sha1":"page@bcd39af0209cd43733a18028cd932dd2-1786395293599.jpeg","width":929,"height":917,"timestamp":174413.461,"frameSwapWallTime":1786395293593.4082}
{"type":"screencast-frame","pageId":"page@bcd39af0209cd43733a18028cd932dd2","sha1":"page@bcd39af0209cd43733a18028cd932dd2-1786395293614.jpeg","width":929,"height":917,"timestamp":174428.747,"frameSwapWallTime":1786395293608.721}
{"type":"screencast-frame","pageId":"page@bcd39af0209cd43733a18028cd932dd2","sha1":"page@bcd39af0209cd43733a18028cd932dd2-1786395293631.jpeg","width":929,"height":917,"timestamp":174445.111,"frameSwapWallTime":1786395293624.48}
{"type":"screencast-frame","pageId":"page@bcd39af0209cd43733a18028cd932dd2","sha1":"page@bcd39af0209cd43733a18028cd932dd2-1786395293645.jpeg","width":929,"height":917,"timestamp":174459.624,"frameSwapWallTime":1786395293639.7458}
{"type":"screencast-frame","pageId":"page@bcd39af0209cd43733a18028cd932dd2","sha1":"page@bcd39af0209cd43733a18028cd932dd2-1786395293660.jpeg","width":929,"height":917,"timestamp":174474.132,"frameSwapWallTime":1786395293655.635}
{"type":"screencast-frame","pageId":"page@bcd39af0209cd43733a18028cd932dd2","sha1":"page@bcd39af0209cd43733a18028cd932dd2-1786395293675.jpeg","width":929,"height":917,"timestamp":174489.737,"frameSwapWallTime":1786395293671.684}
{"type":"after","callId":"call@199","endTime":174502.118,"result":{"value":{"v":"undefined"}},"afterSnapshot":"after@call@199"}
{"type":"frame-snapshot","snapshot":{"callId":"call@199","snapshotName":"after@call@199","pageId":"page@bcd39af0209cd43733a18028cd932dd2","frameId":"frame@40b891a766907a2ceb8521f707111a55","frameUrl":"https://volt-staging.onrender.com/core/app","doctype":"html","html":[[1,8]],"viewport":{"width":929,"height":917},"timestamp":174505.428,"wallTime":1786395293691,"collectionTime":1.5,"resourceOverrides":[],"isMainFrame":true}}
{"type":"screencast-frame","pageId":"page@bcd39af0209cd43733a18028cd932dd2","sha1":"page@bcd39af0209cd43733a18028cd932dd2-1786395293692.jpeg","width":929,"height":917,"timestamp":174506.929,"frameSwapWallTime":1786395293687.613}
{"type":"screencast-frame","pageId":"page@bcd39af0209cd43733a18028cd932dd2","sha1":"page@bcd39af0209cd43733a18028cd932dd2-1786395293707.jpeg","width":929,"height":917,"timestamp":174521.374,"frameSwapWallTime":1786395293703.113}
{"type":"screencast-frame","pageId":"page@bcd39af0209cd43733a18028cd932dd2","sha1":"page@bcd39af0209cd43733a18028cd932dd2-1786395293723.jpeg","width":929,"height":917,"timestamp":174537.111,"frameSwapWallTime":1786395293719.1938}
{"type":"screencast-frame","pageId":"page@bcd39af0209cd43733a18028cd932dd2","sha1":"page@bcd39af0209cd43733a18028cd932dd2-1786395293738.jpeg","width":929,"height":917,"timestamp":174552.058,"frameSwapWallTime":1786395293734.02}
{"type":"screencast-frame","pageId":"page@bcd39af0209cd43733a18028cd932dd2","sha1":"page@bcd39af0209cd43733a18028cd932dd2-1786395293752.jpeg","width":929,"height":917,"timestamp":174566.839,"frameSwapWallTime":1786395293748.807}
{"type":"screencast-frame","pageId":"page@bcd39af0209cd43733a18028cd932dd2","sha1":"page@bcd39af0209cd43733a18028cd932dd2-1786395293769.jpeg","width":929,"height":917,"timestamp":174583.706,"frameSwapWallTime":1786395293765.105}
{"type":"screencast-frame","pageId":"page@bcd39af0209cd43733a18028cd932dd2","sha1":"page@bcd39af0209cd43733a18028cd932dd2-1786395293799.jpeg","width":929,"height":917,"timestamp":174613.565,"frameSwapWallTime":1786395293793.586}
{"type":"screencast-frame","pageId":"page@bcd39af0209cd43733a18028cd932dd2","sha1":"page@bcd39af0209cd43733a18028cd932dd2-1786395293816.jpeg","width":929,"height":917,"timestamp":174630.457,"frameSwapWallTime":1786395293810.3918}
{"type":"screencast-frame","pageId":"page@bcd39af0209cd43733a18028cd932dd2","sha1":"page@bcd39af0209cd43733a18028cd932dd2-1786395293832.jpeg","width":929,"height":917,"timestamp":174646.858,"frameSwapWallTime":1786395293827.021}
{"type":"screencast-frame","pageId":"page@bcd39af0209cd43733a18028cd932dd2","sha1":"page@bcd39af0209cd43733a18028cd932dd2-1786395293850.jpeg","width":929,"height":917,"timestamp":174664.087,"frameSwapWallTime":1786395293843.762}
{"type":"screencast-frame","pageId":"page@bcd39af0209cd43733a18028cd932dd2","sha1":"page@bcd39af0209cd43733a18028cd932dd2-1786395293864.jpeg","width":929,"height":917,"timestamp":174678.606,"frameSwapWallTime":1786395293858.385}
{"type":"screencast-frame","pageId":"page@bcd39af0209cd43733a18028cd932dd2","sha1":"page@bcd39af0209cd43733a18028cd932dd2-1786395293880.jpeg","width":929,"height":917,"timestamp":174694.14,"frameSwapWallTime":1786395293874.1409}
{"type":"screencast-frame","pageId":"page@bcd39af0209cd43733a18028cd932dd2","sha1":"page@bcd39af0209cd43733a18028cd932dd2-1786395293895.jpeg","width":929,"height":917,"timestamp":174709.808,"frameSwapWallTime":1786395293889.524}
{"type":"screencast-frame","pageId":"page@bcd39af0209cd43733a18028cd932dd2","sha1":"page@bcd39af0209cd43733a18028cd932dd2-1786395293910.jpeg","width":929,"height":917,"timestamp":174724.202,"frameSwapWallTime":1786395293904.966}
{"type":"screencast-frame","pageId":"page@bcd39af0209cd43733a18028cd932dd2","sha1":"page@bcd39af0209cd43733a18028cd932dd2-1786395293927.jpeg","width":929,"height":917,"timestamp":174741.816,"frameSwapWallTime":1786395293921.078}
{"type":"screencast-frame","pageId":"page@bcd39af0209cd43733a18028cd932dd2","sha1":"page@bcd39af0209cd43733a18028cd932dd2-1786395293942.jpeg","width":929,"height":917,"timestamp":174756.135,"frameSwapWallTime":1786395293937.0068}
{"type":"screencast-frame","pageId":"page@bcd39af0209cd43733a18028cd932dd2","sha1":"page@bcd39af0209cd43733a18028cd932dd2-1786395293957.jpeg","width":929,"height":917,"timestamp":174771.582,"frameSwapWallTime":1786395293952.432}
{"type":"screencast-frame","pageId":"page@bcd39af0209cd43733a18028cd932dd2","sha1":"page@bcd39af0209cd43733a18028cd932dd2-1786395293973.jpeg","width":929,"height":917,"timestamp":174787.439,"frameSwapWallTime":1786395293968.328}
{"type":"screencast-frame","pageId":"page@bcd39af0209cd43733a18028cd932dd2","sha1":"page@bcd39af0209cd43733a18028cd932dd2-1786395293988.jpeg","width":929,"height":917,"timestamp":174802.86,"frameSwapWallTime":1786395293983.958}
{"type":"screencast-frame","pageId":"page@bcd39af0209cd43733a18028cd932dd2","sha1":"page@bcd39af0209cd43733a18028cd932dd2-1786395294004.jpeg","width":929,"height":917,"timestamp":174818.415,"frameSwapWallTime":1786395294000.129}
{"type":"screencast-frame","pageId":"page@bcd39af0209cd43733a18028cd932dd2","sha1":"page@bcd39af0209cd43733a18028cd932dd2-1786395294020.jpeg","width":929,"height":917,"timestamp":174834.285,"frameSwapWallTime":1786395294016.02}
{"type":"screencast-frame","pageId":"page@bcd39af0209cd43733a18028cd932dd2","sha1":"page@bcd39af0209cd43733a18028cd932dd2-1786395294049.jpeg","width":929,"height":917,"timestamp":174863.555,"frameSwapWallTime":1786395294043.669}
{"type":"screencast-frame","pageId":"page@bcd39af0209cd43733a18028cd932dd2","sha1":"page@bcd39af0209cd43733a18028cd932dd2-1786395294067.jpeg","width":929,"height":917,"timestamp":174881.385,"frameSwapWallTime":1786395294060.3408}
{"type":"screencast-frame","pageId":"page@bcd39af0209cd43733a18028cd932dd2","sha1":"page@bcd39af0209cd43733a18028cd932dd2-1786395294086.jpeg","width":929,"height":917,"timestamp":174900.642,"frameSwapWallTime":1786395294077.208}
{"type":"screencast-frame","pageId":"page@bcd39af0209cd43733a18028cd932dd2","sha1":"page@bcd39af0209cd43733a18028cd932dd2-1786395294104.jpeg","width":929,"height":917,"timestamp":174918.378,"frameSwapWallTime":1786395294093.864}
{"type":"screencast-frame","pageId":"page@bcd39af0209cd43733a18028cd932dd2","sha1":"page@bcd39af0209cd43733a18028cd932dd2-1786395294117.jpeg","width":929,"height":917,"timestamp":174931.157,"frameSwapWallTime":1786395294108.802}
{"type":"screencast-frame","pageId":"page@bcd39af0209cd43733a18028cd932dd2","sha1":"page@bcd39af0209cd43733a18028cd932dd2-1786395294133.jpeg","width":929,"height":917,"timestamp":174947.035,"frameSwapWallTime":1786395294125.178}
{"type":"screencast-frame","pageId":"page@bcd39af0209cd43733a18028cd932dd2","sha1":"page@bcd39af0209cd43733a18028cd932dd2-1786395294151.jpeg","width":929,"height":917,"timestamp":174965.928,"frameSwapWallTime":1786395294139.936}
{"type":"screencast-frame","pageId":"page@bcd39af0209cd43733a18028cd932dd2","sha1":"page@bcd39af0209cd43733a18028cd932dd2-1786395294157.jpeg","width":929,"height":917,"timestamp":174970.964,"frameSwapWallTime":1786395294150.789}
{"type":"screencast-frame","pageId":"page@bcd39af0209cd43733a18028cd932dd2","sha1":"page@bcd39af0209cd43733a18028cd932dd2-1786395294171.jpeg","width":929,"height":917,"timestamp":174985.901,"frameSwapWallTime":1786395294166.383}
{"type":"screencast-frame","pageId":"page@bcd39af0209cd43733a18028cd932dd2","sha1":"page@bcd39af0209cd43733a18028cd932dd2-1786395294187.jpeg","width":929,"height":917,"timestamp":175001.701,"frameSwapWallTime":1786395294182.2268}
{"type":"screencast-frame","pageId":"page@bcd39af0209cd43733a18028cd932dd2","sha1":"page@bcd39af0209cd43733a18028cd932dd2-1786395294216.jpeg","width":929,"height":917,"timestamp":175030.627,"frameSwapWallTime":1786395294210.736}
{"type":"screencast-frame","pageId":"page@bcd39af0209cd43733a18028cd932dd2","sha1":"page@bcd39af0209cd43733a18028cd932dd2-1786395294450.jpeg","width":929,"height":917,"timestamp":175264.479,"frameSwapWallTime":1786395294444.3992}
{"type":"before","callId":"call@203","startTime":175280.841,"class":"Frame","method":"evaluateExpression","params":{"expression":"(ms) => new Promise((f) => setTimeout(f, ms))","isFunction":true,"arg":{"value":{"n":500},"handles":[]}},"pageId":"page@bcd39af0209cd43733a18028cd932dd2","beforeSnapshot":"before@call@203"}
{"type":"screencast-frame","pageId":"page@bcd39af0209cd43733a18028cd932dd2","sha1":"page@bcd39af0209cd43733a18028cd932dd2-1786395294468.jpeg","width":929,"height":917,"timestamp":175282.768,"frameSwapWallTime":1786395294460.9639}
{"type":"screencast-frame","pageId":"page@bcd39af0209cd43733a18028cd932dd2","sha1":"page@bcd39af0209cd43733a18028cd932dd2-1786395294484.jpeg","width":929,"height":917,"timestamp":175298.154,"frameSwapWallTime":1786395294477.4011}
{"type":"frame-snapshot","snapshot":{"callId":"call@203","snapshotName":"before@call@203","pageId":"page@bcd39af0209cd43733a18028cd932dd2","frameId":"frame@40b891a766907a2ceb8521f707111a55","frameUrl":"https://volt-staging.onrender.com/core/app","doctype":"html","html":["HTML",{"__playwright_scroll_top_":"229","lang":"pt-BR"},[[47,18]],[[47,19]],["BODY",{},[[47,20]],["DIV",{"id":"root"},["DIV",{"class":"app-shell min-h-screen"},[[25,34]],["DIV",{"class":"main-shell"},[[25,40]],["MAIN",{"class":"page-content"},["DIV",{"class":"module-page"},[[25,63]],["DIV",{"class":"module-page__body"},["DIV",{"class":"screen-grid"},["DIV",{"class":"panel panel-section"},["DIV",{"class":"toolbar"},[[25,74]],["DIV",{"class":"toolbar__actions"},["BUTTON",{"class":"button-primary","type":"button"},[[25,77]],"Fechar caixa"]]],["DIV",{"class":"cash-summary"},[[25,83]],[[25,85]],["SPAN",{},"Caixa aberto para operacao"]],["DIV",{"class":"cash-kpi-grid"},[[25,93]],[[25,98]],[[25,103]],["DIV",{"class":"summary-line"},[[25,105]],["STRONG",{},"Aberto"]]],[[25,116]],[[25,163]]],[[25,215]]]]]]],["DIV",{"class":"app-toast","role":"status"},"Caixa aberto."]]],[[47,85]]]],"viewport":{"width":929,"height":917},"timestamp":175322.103,"wallTime":1786395294503,"collectionTime":3.399999976158142,"resourceOverrides":[],"isMainFrame":true}}
{"type":"screencast-frame","pageId":"page@bcd39af0209cd43733a18028cd932dd2","sha1":"page@bcd39af0209cd43733a18028cd932dd2-1786395294509.jpeg","width":929,"height":917,"timestamp":175323.121,"frameSwapWallTime":1786395294498.919}
{"type":"screencast-frame","pageId":"page@bcd39af0209cd43733a18028cd932dd2","sha1":"page@bcd39af0209cd43733a18028cd932dd2-1786395294532.jpeg","width":929,"height":917,"timestamp":175346.3,"frameSwapWallTime":1786395294525.46}
{"type":"after","callId":"call@203","endTime":175838.804,"result":{"value":{"v":"undefined"}},"afterSnapshot":"after@call@203"}
{"type":"frame-snapshot","snapshot":{"callId":"call@203","snapshotName":"after@call@203","pageId":"page@bcd39af0209cd43733a18028cd932dd2","frameId":"frame@40b891a766907a2ceb8521f707111a55","frameUrl":"https://volt-staging.onrender.com/core/app","doctype":"html","html":[[1,22]],"viewport":{"width":929,"height":917},"timestamp":175841.439,"wallTime":1786395295027,"collectionTime":1.5,"resourceOverrides":[],"isMainFrame":true}}
{"type":"before","callId":"call@205","startTime":175842.835,"class":"Frame","method":"ariaSnapshot","params":{"mode":"ai","timeout":30000},"pageId":"page@bcd39af0209cd43733a18028cd932dd2"}
{"type":"after","callId":"call@205","endTime":175855.974,"result":{"snapshot":"- generic [ref=e60]:\n  - complementary [ref=e61]:\n    - generic [ref=e63]:\n      - img \"Volt Core\" [ref=e64]\n      - generic [ref=e65]: VOLTCORE\n    - navigation \"Navegacao principal\" [ref=e66]:\n      - button \"Operacao Vendas, clientes e estoque\" [ref=e356] [cursor=pointer]:\n        - generic [ref=e362]:\n          - strong [ref=e363]: Operacao\n          - generic [ref=e364]: Vendas, clientes e estoque\n      - generic [ref=e406]:\n        - button \"Financeiro Caixa, recebiveis e pagamentos\" [expanded] [ref=e407] [cursor=pointer]:\n          - generic [ref=e411]:\n            - strong [ref=e412]: Financeiro\n            - generic [ref=e413]: Caixa, recebiveis e pagamentos\n        - generic [ref=e580]:\n          - button \"Pagamentos\" [ref=e581] [cursor=pointer]\n          - button \"Recebiveis\" [ref=e585] [cursor=pointer]\n          - button \"Caixa\" [ref=e591] [cursor=pointer]\n          - button \"Recibos\" [ref=e596] [cursor=pointer]\n      - button \"Setorial Fluxos do segmento da empresa\" [ref=e418] [cursor=pointer]:\n        - generic [ref=e422]:\n          - strong [ref=e423]: Setorial\n          - generic [ref=e424]: Fluxos do segmento da empresa\n      - button \"Gestao Relatorios e leitura gerencial\" [ref=e429] [cursor=pointer]:\n        - generic [ref=e433]:\n          - strong [ref=e434]: Gestao\n          - generic [ref=e435]: Relatorios e leitura gerencial\n      - button \"Administracao Implantacao, usuarios e parametros\" [ref=e440] [cursor=pointer]:\n        - generic [ref=e445]:\n          - strong [ref=e446]: Administracao\n          - generic [ref=e447]: Implantacao, usuarios e parametros\n    - generic [ref=e127]:\n      - generic [ref=e128]:\n        - generic [ref=e129]: A\n        - generic [ref=e131]:\n          - strong [ref=e132]: Master Volt Core\n          - generic [ref=e133]: Admin master\n      - button \"Sair\" [ref=e136] [cursor=pointer]\n  - generic [ref=e141]:\n    - banner [ref=e142]:\n      - generic [ref=e143]:\n        - heading \"Caixa\" [level=1] [ref=e600]\n        - paragraph [ref=e145]: Abertura, sangria, reforco, conferencia e fechamento.\n      - generic [ref=e146]:\n        - generic [ref=e452]:\n          - text: Empresa\n          - combobox \"Empresa\" [ref=e453]:\n            - option \"Otica Nacional Sabaudia\" [selected]\n        - generic [ref=e454]: \"Setor: Otica\"\n        - generic [ref=e147]: Banco real\n        - button \"Painel master\" [ref=e455] [cursor=pointer]\n        - button \"Master Volt Core\" [ref=e149] [cursor=pointer]\n    - main [ref=e150]:\n      - generic [ref=e601]:\n        - tablist [ref=e602]:\n          - button \"Sessao\" [ref=e603] [cursor=pointer]\n          - button \"Conferencia\" [ref=e607] [cursor=pointer]\n          - button \"Historico\" [ref=e612] [cursor=pointer]\n        - generic [ref=e616]:\n          - generic [ref=e617]:\n            - generic [ref=e618]:\n              - generic [ref=e624]:\n                - heading \"Sessao de caixa\" [level=2] [ref=e625]\n                - paragraph [ref=e626]: Dados e configuracoes do ambiente selecionado.\n              - button \"Fechar caixa\" [ref=e726] [cursor=pointer]\n            - generic [ref=e630]:\n              - generic [ref=e631]: Saldo esperado\n              - strong [ref=e632]: R$ 1.106,87\n              - generic [ref=e633]: Caixa aberto para operacao\n            - generic [ref=e634]:\n              - generic [ref=e635]:\n                - generic [ref=e636]: Entradas\n                - strong [ref=e637]: R$ 1.531,87\n              - generic [ref=e638]:\n                - generic [ref=e639]: Saidas\n                - strong [ref=e640]: \"-R$ 425,00\"\n              - generic [ref=e641]:\n                - generic [ref=e642]: Movimentos\n                - strong [ref=e643]: \"15\"\n              - generic [ref=e644]:\n                - generic [ref=e645]: Status\n                - strong [ref=e646]: Aberto\n            - generic [ref=e647]:\n              - button \"Reforco\" [ref=e648] [cursor=pointer]\n              - button \"Sangria\" [ref=e649] [cursor=pointer]\n              - button \"Conferir\" [ref=e650] [cursor=pointer]\n            - generic [ref=e651]:\n              - strong [ref=e652]: Ultimos movimentos\n              - generic [ref=e653]:\n                - generic [ref=e654]: \"Estorno venda #9\"\n                - generic [ref=e655]: Saida | Pix | R$ 175,00 | 17:10\n              - generic [ref=e656]:\n                - generic [ref=e657]: \"Venda #9\"\n                - generic [ref=e658]: Entrada | Pix | R$ 175,00 | 17:07\n              - generic [ref=e659]:\n                - generic [ref=e660]: \"Estorno venda #8\"\n                - generic [ref=e661]: Saida | Pix | R$ 150,00 | 14:41\n              - generic [ref=e662]:\n                - generic [ref=e663]: \"Venda #8\"\n                - generic [ref=e664]: Entrada | Pix | R$ 150,00 | 14:40\n          - generic [ref=e665]:\n            - generic [ref=e672]:\n              - heading \"Rotina do caixa\" [level=2] [ref=e673]\n              - paragraph [ref=e674]: Dados e configuracoes do ambiente selecionado.\n            - generic [ref=e675]:\n              - generic [ref=e676]:\n                - strong [ref=e677]: Reforco\n                - generic [ref=e678]: Entrada manual de dinheiro, como troco adicional.\n              - generic [ref=e679]:\n                - strong [ref=e680]: Sangria\n                - generic [ref=e681]: Retirada de dinheiro para reduzir o valor fisico no caixa.\n              - generic [ref=e682]:\n                - strong [ref=e683]: Conferir\n                - generic [ref=e684]: Compara o valor contado com o saldo esperado pelo sistema.\n              - generic [ref=e685]:\n                - strong [ref=e686]: Recebimento\n                - generic [ref=e687]: Valores recebidos devem aparecer como entrada e reduzir pendencias.\n            - generic [ref=e688]:\n              - generic [ref=e689]:\n                - generic [ref=e690]: Exigir caixa aberto para vender\n                - checkbox \"Exigir caixa aberto para vender\" [checked] [ref=e691]\n              - generic [ref=e692]:\n                - generic [ref=e693]: Permitir sangria por operador\n                - checkbox \"Permitir sangria por operador\" [checked] [ref=e694]\n              - generic [ref=e695]:\n                - generic [ref=e696]: Solicitar senha no fechamento\n                - checkbox \"Solicitar senha no fechamento\" [checked] [ref=e697]\n              - generic [ref=e698]:\n                - generic [ref=e699]: Imprimir relatorio ao fechar\n                - checkbox \"Imprimir relatorio ao fechar\" [checked] [ref=e700]\n  - status [ref=e727]: Caixa aberto."}}
{"type":"before","callId":"call@207","startTime":175856.721,"class":"Frame","method":"title","params":{},"pageId":"page@bcd39af0209cd43733a18028cd932dd2"}
{"type":"after","callId":"call@207","endTime":175857.977,"result":{"value":"Volt Core"}}
{"type":"before","callId":"call@209","startTime":175858.729,"class":"Page","method":"consoleMessages","params":{"filter":"since-navigation"},"pageId":"page@bcd39af0209cd43733a18028cd932dd2"}
{"type":"after","callId":"call@209","endTime":175858.825,"result":{"messages":[{"type":"error","text":"Failed to load resource: the server responded with a status of 401 ()","args":[],"location":{"url":"https://volt-staging.onrender.com/api/core/auth/me","lineNumber":0,"columnNumber":0},"timestamp":1786395122429.248}]}}
{"type":"before","callId":"call@211","startTime":175859.219,"class":"Page","method":"pageErrors","params":{"filter":"since-navigation"},"pageId":"page@bcd39af0209cd43733a18028cd932dd2"}
{"type":"after","callId":"call@211","endTime":175859.299,"result":{"errors":[]}}
{"type":"screencast-frame","pageId":"page@bcd39af0209cd43733a18028cd932dd2","sha1":"page@bcd39af0209cd43733a18028cd932dd2-1786395297086.jpeg","width":929,"height":917,"timestamp":177900.42,"frameSwapWallTime":1786395297080.162}
{"type":"before","callId":"call@213","startTime":178936.109,"class":"Frame","method":"ariaSnapshot","params":{"mode":"ai","timeout":30000},"pageId":"page@bcd39af0209cd43733a18028cd932dd2"}
{"type":"after","callId":"call@213","endTime":178947.807,"result":{"snapshot":"- generic [ref=e60]:\n  - complementary [ref=e61]:\n    - generic [ref=e63]:\n      - img \"Volt Core\" [ref=e64]\n      - generic [ref=e65]: VOLTCORE\n    - navigation \"Navegacao principal\" [ref=e66]:\n      - button \"Operacao Vendas, clientes e estoque\" [ref=e356] [cursor=pointer]:\n        - generic [ref=e362]:\n          - strong [ref=e363]: Operacao\n          - generic [ref=e364]: Vendas, clientes e estoque\n      - generic [ref=e406]:\n        - button \"Financeiro Caixa, recebiveis e pagamentos\" [expanded] [ref=e407] [cursor=pointer]:\n          - generic [ref=e411]:\n            - strong [ref=e412]: Financeiro\n            - generic [ref=e413]: Caixa, recebiveis e pagamentos\n        - generic [ref=e580]:\n          - button \"Pagamentos\" [ref=e581] [cursor=pointer]\n          - button \"Recebiveis\" [ref=e585] [cursor=pointer]\n          - button \"Caixa\" [ref=e591] [cursor=pointer]\n          - button \"Recibos\" [ref=e596] [cursor=pointer]\n      - button \"Setorial Fluxos do segmento da empresa\" [ref=e418] [cursor=pointer]:\n        - generic [ref=e422]:\n          - strong [ref=e423]: Setorial\n          - generic [ref=e424]: Fluxos do segmento da empresa\n      - button \"Gestao Relatorios e leitura gerencial\" [ref=e429] [cursor=pointer]:\n        - generic [ref=e433]:\n          - strong [ref=e434]: Gestao\n          - generic [ref=e435]: Relatorios e leitura gerencial\n      - button \"Administracao Implantacao, usuarios e parametros\" [ref=e440] [cursor=pointer]:\n        - generic [ref=e445]:\n          - strong [ref=e446]: Administracao\n          - generic [ref=e447]: Implantacao, usuarios e parametros\n    - generic [ref=e127]:\n      - generic [ref=e128]:\n        - generic [ref=e129]: A\n        - generic [ref=e131]:\n          - strong [ref=e132]: Master Volt Core\n          - generic [ref=e133]: Admin master\n      - button \"Sair\" [ref=e136] [cursor=pointer]\n  - generic [ref=e141]:\n    - banner [ref=e142]:\n      - generic [ref=e143]:\n        - heading \"Caixa\" [level=1] [ref=e600]\n        - paragraph [ref=e145]: Abertura, sangria, reforco, conferencia e fechamento.\n      - generic [ref=e146]:\n        - generic [ref=e452]:\n          - text: Empresa\n          - combobox \"Empresa\" [ref=e453]:\n            - option \"Otica Nacional Sabaudia\" [selected]\n        - generic [ref=e454]: \"Setor: Otica\"\n        - generic [ref=e147]: Banco real\n        - button \"Painel master\" [ref=e455] [cursor=pointer]\n        - button \"Master Volt Core\" [ref=e149] [cursor=pointer]\n    - main [ref=e150]:\n      - generic [ref=e601]:\n        - tablist [ref=e602]:\n          - button \"Sessao\" [ref=e603] [cursor=pointer]\n          - button \"Conferencia\" [ref=e607] [cursor=pointer]\n          - button \"Historico\" [ref=e612] [cursor=pointer]\n        - generic [ref=e616]:\n          - generic [ref=e617]:\n            - generic [ref=e618]:\n              - generic [ref=e624]:\n                - heading \"Sessao de caixa\" [level=2] [ref=e625]\n                - paragraph [ref=e626]: Dados e configuracoes do ambiente selecionado.\n              - button \"Fechar caixa\" [ref=e726] [cursor=pointer]\n            - generic [ref=e630]:\n              - generic [ref=e631]: Saldo esperado\n              - strong [ref=e632]: R$ 1.106,87\n              - generic [ref=e633]: Caixa aberto para operacao\n            - generic [ref=e634]:\n              - generic [ref=e635]:\n                - generic [ref=e636]: Entradas\n                - strong [ref=e637]: R$ 1.531,87\n              - generic [ref=e638]:\n                - generic [ref=e639]: Saidas\n                - strong [ref=e640]: \"-R$ 425,00\"\n              - generic [ref=e641]:\n                - generic [ref=e642]: Movimentos\n                - strong [ref=e643]: \"15\"\n              - generic [ref=e644]:\n                - generic [ref=e645]: Status\n                - strong [ref=e646]: Aberto\n            - generic [ref=e647]:\n              - button \"Reforco\" [ref=e648] [cursor=pointer]\n              - button \"Sangria\" [ref=e649] [cursor=pointer]\n              - button \"Conferir\" [ref=e650] [cursor=pointer]\n            - generic [ref=e651]:\n              - strong [ref=e652]: Ultimos movimentos\n              - generic [ref=e653]:\n                - generic [ref=e654]: \"Estorno venda #9\"\n                - generic [ref=e655]: Saida | Pix | R$ 175,00 | 17:10\n              - generic [ref=e656]:\n                - generic [ref=e657]: \"Venda #9\"\n                - generic [ref=e658]: Entrada | Pix | R$ 175,00 | 17:07\n              - generic [ref=e659]:\n                - generic [ref=e660]: \"Estorno venda #8\"\n                - generic [ref=e661]: Saida | Pix | R$ 150,00 | 14:41\n              - generic [ref=e662]:\n                - generic [ref=e663]: \"Venda #8\"\n                - generic [ref=e664]: Entrada | Pix | R$ 150,00 | 14:40\n          - generic [ref=e665]:\n            - generic [ref=e672]:\n              - heading \"Rotina do caixa\" [level=2] [ref=e673]\n              - paragraph [ref=e674]: Dados e configuracoes do ambiente selecionado.\n            - generic [ref=e675]:\n              - generic [ref=e676]:\n                - strong [ref=e677]: Reforco\n                - generic [ref=e678]: Entrada manual de dinheiro, como troco adicional.\n              - generic [ref=e679]:\n                - strong [ref=e680]: Sangria\n                - generic [ref=e681]: Retirada de dinheiro para reduzir o valor fisico no caixa.\n              - generic [ref=e682]:\n                - strong [ref=e683]: Conferir\n                - generic [ref=e684]: Compara o valor contado com o saldo esperado pelo sistema.\n              - generic [ref=e685]:\n                - strong [ref=e686]: Recebimento\n                - generic [ref=e687]: Valores recebidos devem aparecer como entrada e reduzir pendencias.\n            - generic [ref=e688]:\n              - generic [ref=e689]:\n                - generic [ref=e690]: Exigir caixa aberto para vender\n                - checkbox \"Exigir caixa aberto para vender\" [checked] [ref=e691]\n              - generic [ref=e692]:\n                - generic [ref=e693]: Permitir sangria por operador\n                - checkbox \"Permitir sangria por operador\" [checked] [ref=e694]\n              - generic [ref=e695]:\n                - generic [ref=e696]: Solicitar senha no fechamento\n                - checkbox \"Solicitar senha no fechamento\" [checked] [ref=e697]\n              - generic [ref=e698]:\n                - generic [ref=e699]: Imprimir relatorio ao fechar\n                - checkbox \"Imprimir relatorio ao fechar\" [checked] [ref=e700]"}}
{"type":"before","callId":"call@215","startTime":178948.491,"class":"Frame","method":"title","params":{},"pageId":"page@bcd39af0209cd43733a18028cd932dd2"}
{"type":"after","callId":"call@215","endTime":178949.531,"result":{"value":"Volt Core"}}
{"type":"before","callId":"call@217","startTime":178949.875,"class":"Page","method":"consoleMessages","params":{"filter":"since-navigation"},"pageId":"page@bcd39af0209cd43733a18028cd932dd2"}
{"type":"after","callId":"call@217","endTime":178949.944,"result":{"messages":[{"type":"error","text":"Failed to load resource: the server responded with a status of 401 ()","args":[],"location":{"url":"https://volt-staging.onrender.com/api/core/auth/me","lineNumber":0,"columnNumber":0},"timestamp":1786395122429.248}]}}
{"type":"before","callId":"call@219","startTime":178950.187,"class":"Page","method":"pageErrors","params":{"filter":"since-navigation"},"pageId":"page@bcd39af0209cd43733a18028cd932dd2"}
{"type":"after","callId":"call@219","endTime":178950.232,"result":{"errors":[]}}
{"type":"before","callId":"call@221","startTime":190614.495,"class":"Frame","method":"evaluateExpression","params":{"expression":"async (expr) => {\n              const value = eval(`(${expr})`);\n              const isFunction = typeof value === \"function\";\n              const result = await (isFunction ? value() : value);\n              return { result, isFunction };\n            }","isFunction":true,"arg":{"value":{"s":"async () => { const r = await fetch('/api/core/runtime/companies/e602f1a7-44b8-47be-a7ff-45017d7e1003/workspace'); const j = await r.json(); return { cashSummary:j.workspace?.cashSummary, latestSession:j.workspace?.cashSessions?.[0], latestMovements:j.workspace?.cashMovements?.slice?.(0,3) }; }"},"handles":[]}},"pageId":"page@bcd39af0209cd43733a18028cd932dd2","beforeSnapshot":"before@call@221"}
{"type":"frame-snapshot","snapshot":{"callId":"call@221","snapshotName":"before@call@221","pageId":"page@bcd39af0209cd43733a18028cd932dd2","frameId":"frame@40b891a766907a2ceb8521f707111a55","frameUrl":"https://volt-staging.onrender.com/core/app","doctype":"html","html":["HTML",{"__playwright_scroll_top_":"229","lang":"pt-BR"},[[49,18]],[[49,19]],["BODY",{},[[49,20]],["DIV",{"id":"root"},["DIV",{"class":"app-shell min-h-screen"},[[27,34]],[[2,16]]]],[[49,85]]]],"viewport":{"width":929,"height":917},"timestamp":190617.866,"wallTime":1786395309803,"collectionTime":1.800000011920929,"resourceOverrides":[],"isMainFrame":true}}
{"type":"after","callId":"call@221","endTime":191021.973,"result":{"value":{"o":[{"k":"result","v":{"o":[{"k":"cashSummary","v":{"o":[{"k":"balance","v":{"n":50}},{"k":"expectedAmount","v":{"n":50}},{"k":"movementCount","v":{"n":0}},{"k":"movementTotal","v":{"n":0}},{"k":"openingAmount","v":{"n":50}},{"k":"sessionId","v":{"s":"cas_msnpmu9t_ixlujfir"}},{"k":"sessionNumber","v":{"n":3}},{"k":"status","v":{"s":"open"}},{"k":"openedAt","v":{"s":"2026-08-10T20:54:53.630Z"}}],"id":3}},{"k":"latestSession","v":{"o":[{"k":"id","v":{"s":"cas_msnpmu9t_ixlujfir"}},{"k":"number","v":{"n":3}},{"k":"status","v":{"s":"open"}},{"k":"openingAmount","v":{"s":"50.00"}},{"k":"expectedAmount","v":{"s":"50.00"}},{"k":"countedAmount","v":{"v":"null"}},{"k":"differenceAmount","v":{"v":"null"}},{"k":"openedBy","v":{"s":"usr_dd016d710f1c90be7831"}},{"k":"closedBy","v":{"v":"null"}},{"k":"openedAt","v":{"s":"2026-08-10T20:54:53.630Z"}},{"k":"closedAt","v":{"v":"null"}},{"k":"notes","v":{"s":"QA RLS e saldo de caixa d5bac783"}}],"id":4}},{"k":"latestMovements","v":{"a":[{"o":[{"k":"id","v":{"s":"mov_msno262z_r6yx5kzq"}},{"k":"sessionId","v":{"v":"null"}},{"k":"type","v":{"s":"exit"}},{"k":"sourceType","v":{"s":"sale_reversal"}},{"k":"sourceId","v":{"s":"sal_msnnxfpt_41v73cif"}},{"k":"paymentMethod","v":{"s":"pix"}},{"k":"amount","v":{"s":"175.00"}},{"k":"description","v":{"s":"Estorno venda #9"}},{"k":"actorUserId","v":{"s":"usr_dd016d710f1c90be7831"}},{"k":"operationalAt","v":{"s":"2026-08-10T20:10:49.518Z"}},{"k":"createdAt","v":{"s":"2026-08-10T20:10:49.518Z"}}],"id":6},{"o":[{"k":"id","v":{"s":"mov_msnnxfqa_ojdo5czm"}},{"k":"sessionId","v":{"v":"null"}},{"k":"type","v":{"s":"entry"}},{"k":"sourceType","v":{"s":"sale"}},{"k":"sourceId","v":{"s":"sal_msnnxfpt_41v73cif"}},{"k":"paymentMethod","v":{"s":"pix"}},{"k":"amount","v":{"s":"175.00"}},{"k":"description","v":{"s":"Venda #9"}},{"k":"actorUserId","v":{"s":"usr_dd016d710f1c90be7831"}},{"k":"operationalAt","v":{"s":"2026-08-10T20:07:08.756Z"}},{"k":"createdAt","v":{"s":"2026-08-10T20:07:08.689Z"}}],"id":7},{"o":[{"k":"id","v":{"s":"mov_msniqhms_o1c8pet5"}},{"k":"sessionId","v":{"v":"null"}},{"k":"type","v":{"s":"exit"}},{"k":"sourceType","v":{"s":"sale_reversal"}},{"k":"sourceId","v":{"s":"sal_msniodma_tgyu44tm"}},{"k":"paymentMethod","v":{"s":"pix"}},{"k":"amount","v":{"s":"150.00"}},{"k":"description","v":{"s":"Estorno venda #8"}},{"k":"actorUserId","v":{"s":"usr_dd016d710f1c90be7831"}},{"k":"operationalAt","v":{"s":"2026-08-10T17:41:46.556Z"}},{"k":"createdAt","v":{"s":"2026-08-10T17:41:46.556Z"}}],"id":8}],"id":5}}],"id":2}},{"k":"isFunction","v":{"b":true}}],"id":1}},"afterSnapshot":"after@call@221"}
{"type":"frame-snapshot","snapshot":{"callId":"call@221","snapshotName":"after@call@221","pageId":"page@bcd39af0209cd43733a18028cd932dd2","frameId":"frame@40b891a766907a2ceb8521f707111a55","frameUrl":"https://volt-staging.onrender.com/core/app","doctype":"html","html":[[1,3]],"viewport":{"width":929,"height":917},"timestamp":191032.757,"wallTime":1786395310213,"collectionTime":1.2999999523162842,"resourceOverrides":[],"isMainFrame":true}}
{"type":"before","callId":"call@223","startTime":191033.663,"class":"Frame","method":"evaluateExpression","params":{"expression":"(ms) => new Promise((f) => setTimeout(f, ms))","isFunction":true,"arg":{"value":{"n":500},"handles":[]}},"pageId":"page@bcd39af0209cd43733a18028cd932dd2","beforeSnapshot":"before@call@223"}
{"type":"frame-snapshot","snapshot":{"callId":"call@223","snapshotName":"before@call@223","pageId":"page@bcd39af0209cd43733a18028cd932dd2","frameId":"frame@40b891a766907a2ceb8521f707111a55","frameUrl":"https://volt-staging.onrender.com/core/app","doctype":"html","html":[[2,3]],"viewport":{"width":929,"height":917},"timestamp":191036.247,"wallTime":1786395310222,"collectionTime":1.5999999642372131,"resourceOverrides":[],"isMainFrame":true}}
{"type":"after","callId":"call@223","endTime":191539.166,"result":{"value":{"v":"undefined"}},"afterSnapshot":"after@call@223"}
{"type":"frame-snapshot","snapshot":{"callId":"call@223","snapshotName":"after@call@223","pageId":"page@bcd39af0209cd43733a18028cd932dd2","frameId":"frame@40b891a766907a2ceb8521f707111a55","frameUrl":"https://volt-staging.onrender.com/core/app","doctype":"html","html":[[3,3]],"viewport":{"width":929,"height":917},"timestamp":191541.274,"wallTime":1786395310726,"collectionTime":1,"resourceOverrides":[],"isMainFrame":true}}
{"type":"before","callId":"call@226","startTime":191542.711,"class":"Frame","method":"evaluateExpression","params":{"expression":"(ms) => new Promise((f) => setTimeout(f, ms))","isFunction":true,"arg":{"value":{"n":500},"handles":[]}},"pageId":"page@bcd39af0209cd43733a18028cd932dd2","beforeSnapshot":"before@call@226"}
{"type":"frame-snapshot","snapshot":{"callId":"call@226","snapshotName":"before@call@226","pageId":"page@bcd39af0209cd43733a18028cd932dd2","frameId":"frame@40b891a766907a2ceb8521f707111a55","frameUrl":"https://volt-staging.onrender.com/core/app","doctype":"html","html":[[4,3]],"viewport":{"width":929,"height":917},"timestamp":191545.66,"wallTime":1786395310731,"collectionTime":1.699999988079071,"resourceOverrides":[],"isMainFrame":true}}
{"type":"after","callId":"call@226","endTime":192052.821,"result":{"value":{"v":"undefined"}},"afterSnapshot":"after@call@226"}
{"type":"frame-snapshot","snapshot":{"callId":"call@226","snapshotName":"after@call@226","pageId":"page@bcd39af0209cd43733a18028cd932dd2","frameId":"frame@40b891a766907a2ceb8521f707111a55","frameUrl":"https://volt-staging.onrender.com/core/app","doctype":"html","html":[[5,3]],"viewport":{"width":929,"height":917},"timestamp":192055.108,"wallTime":1786395311240,"collectionTime":1.0999999642372131,"resourceOverrides":[],"isMainFrame":true}}
{"type":"before","callId":"call@228","startTime":192055.832,"class":"Frame","method":"title","params":{},"pageId":"page@bcd39af0209cd43733a18028cd932dd2"}
{"type":"after","callId":"call@228","endTime":192057.822,"result":{"value":"Volt Core"}}
{"type":"before","callId":"call@230","startTime":192059.715,"class":"Page","method":"consoleMessages","params":{"filter":"since-navigation"},"pageId":"page@bcd39af0209cd43733a18028cd932dd2"}
{"type":"after","callId":"call@230","endTime":192059.886,"result":{"messages":[{"type":"error","text":"Failed to load resource: the server responded with a status of 401 ()","args":[],"location":{"url":"https://volt-staging.onrender.com/api/core/auth/me","lineNumber":0,"columnNumber":0},"timestamp":1786395122429.248}]}}
{"type":"before","callId":"call@232","startTime":192060.588,"class":"Page","method":"pageErrors","params":{"filter":"since-navigation"},"pageId":"page@bcd39af0209cd43733a18028cd932dd2"}
{"type":"after","callId":"call@232","endTime":192060.684,"result":{"errors":[]}}
{"type":"before","callId":"call@235","startTime":205107.49,"class":"Frame","method":"click","params":{"selector":"aria-ref=e648","strict":true,"timeout":5000},"pageId":"page@bcd39af0209cd43733a18028cd932dd2","beforeSnapshot":"before@call@235"}
{"type":"frame-snapshot","snapshot":{"callId":"call@235","snapshotName":"before@call@235","pageId":"page@bcd39af0209cd43733a18028cd932dd2","frameId":"frame@40b891a766907a2ceb8521f707111a55","frameUrl":"https://volt-staging.onrender.com/core/app","doctype":"html","html":[[6,3]],"viewport":{"width":929,"height":917},"timestamp":205110.575,"wallTime":1786395324299,"collectionTime":1.600000023841858,"resourceOverrides":[],"isMainFrame":true}}
{"type":"log","callId":"call@235","time":205110.935,"message":"waiting for locator('aria-ref=e648')"}
{"type":"log","callId":"call@235","time":205122.665,"message":"  locator resolved to <button type=\"button\" class=\"button-secondary\" title=\"Adicionar dinheiro fisico ao caixa\">Reforco</button>"}
{"type":"log","callId":"call@235","time":205124.877,"message":"attempting click action"}
{"type":"log","callId":"call@235","time":205124.965,"message":"  waiting for element to be visible, enabled and stable"}
{"type":"log","callId":"call@235","time":205140.97,"message":"  element is visible, enabled and stable"}
{"type":"log","callId":"call@235","time":205141.012,"message":"  scrolling into view if needed"}
{"type":"log","callId":"call@235","time":205141.954,"message":"  done scrolling"}
{"type":"input","callId":"call@235","point":{"x":393.95,"y":446.5},"inputSnapshot":"input@call@235"}
{"type":"frame-snapshot","snapshot":{"callId":"call@235","snapshotName":"input@call@235","pageId":"page@bcd39af0209cd43733a18028cd932dd2","frameId":"frame@40b891a766907a2ceb8521f707111a55","frameUrl":"https://volt-staging.onrender.com/core/app","doctype":"html","html":["HTML",{"__playwright_scroll_top_":"229","lang":"pt-BR"},[[56,18]],[[56,19]],["BODY",{},[[56,20]],["DIV",{"id":"root"},["DIV",{"class":"app-shell min-h-screen"},[[34,34]],["DIV",{"class":"main-shell"},[[34,40]],["MAIN",{"class":"page-content"},["DIV",{"class":"module-page"},[[34,63]],["DIV",{"class":"module-page__body"},["DIV",{"class":"screen-grid"},["DIV",{"class":"panel panel-section"},[[9,3]],[[9,6]],[[9,10]],["DIV",{"class":"quick-actions"},["BUTTON",{"__playwright_target__":"","class":"button-secondary","type":"button","title":"Adicionar dinheiro fisico ao caixa"},[[34,110]]],[[34,113]],[[34,115]]],[[34,163]]],[[34,215]]]]]]]]],[[56,85]]]],"viewport":{"width":929,"height":917},"timestamp":205146.72,"wallTime":1786395324335,"collectionTime":1.899999976158142,"resourceOverrides":[],"isMainFrame":true}}
{"type":"log","callId":"call@235","time":205149.92,"message":"  performing click action"}
{"type":"log","callId":"call@235","time":205182.658,"message":"  click action done"}
{"type":"log","callId":"call@235","time":205182.728,"message":"  waiting for scheduled navigations to finish"}
{"type":"log","callId":"call@235","time":205195.052,"message":"  navigations have finished"}
{"type":"after","callId":"call@235","endTime":205195.284,"afterSnapshot":"after@call@235"}
{"type":"frame-snapshot","snapshot":{"callId":"call@235","snapshotName":"after@call@235","pageId":"page@bcd39af0209cd43733a18028cd932dd2","frameId":"frame@40b891a766907a2ceb8521f707111a55","frameUrl":"https://volt-staging.onrender.com/core/app","doctype":"html","html":["HTML",{"__playwright_scroll_top_":"229","lang":"pt-BR"},[[57,18]],[[57,19]],["BODY",{},[[57,20]],["DIV",{"id":"root"},["DIV",{"class":"app-shell min-h-screen"},[[35,34]],[[1,7]],["DIV",{"class":"modal-backdrop","role":"presentation"},["SECTION",{"class":"modal-shell","role":"dialog","aria-modal":"true","aria-labelledby":"action-modal-title","data-modal":"cashMovement"},["HEADER",{"class":"modal-header"},["SPAN",{"class":"card-icon"},["svg",{"xmlns":"http://www.w3.org/2000/svg","width":"23","height":"23","viewBox":"0 0 24 24","fill":"none","stroke":"currentColor","stroke-width":"2","stroke-linecap":"round","stroke-linejoin":"round","class":"lucide lucide-circle-dollar-sign","aria-hidden":"true"},["circle",{"cx":"12","cy":"12","r":"10"}],["path",{"d":"M16 8h-6a2 2 0 1 0 0 4h4a2 2 0 1 1 0 4H8"}],["path",{"d":"M12 18V6"}]]],["DIV",{},["H2",{"id":"action-modal-title"},"Registrar reforco"],["P",{},"Lance uma entrada ou saida manual no caixa da empresa."]],["BUTTON",{"class":"icon-button","type":"button","aria-label":"Fechar"},["svg",{"xmlns":"http://www.w3.org/2000/svg","width":"18","height":"18","viewBox":"0 0 24 24","fill":"none","stroke":"currentColor","stroke-width":"2","stroke-linecap":"round","stroke-linejoin":"round","class":"lucide lucide-x","aria-hidden":"true"},["path",{"d":"M18 6 6 18"}],["path",{"d":"m6 6 12 12"}]]]],["FORM",{"class":"modal-form"},["DIV",{"class":"form-grid"},["LABEL",{"class":"field-label "},"Tipo",["SELECT",{"class":"input"},["OPTION",{"__playwright_selected_":"true","value":"entry"},"entry"],["OPTION",{"__playwright_selected_":"false","value":"exit"},"exit"]]],["LABEL",{"class":"field-label "},"Valor",["INPUT",{"__playwright_value_":"","class":"input","inputmode":"decimal","placeholder":"Valor","type":"text","value":""}]],["LABEL",{"class":"field-label "},"Forma",["SELECT",{"class":"input"},["OPTION",{"__playwright_selected_":"true","value":"cash"},"cash"],["OPTION",{"__playwright_selected_":"false","value":"pix"},"pix"],["OPTION",{"__playwright_selected_":"false","value":"debit"},"debit"],["OPTION",{"__playwright_selected_":"false","value":"credit_card"},"credit_card"],["OPTION",{"__playwright_selected_":"false","value":"transfer"},"transfer"]]],["LABEL",{"class":"field-label "},"Data/hora operacional",["INPUT",{"__playwright_value_":"","class":"input","placeholder":"Data/hora operacional","type":"datetime-local","value":""}]],["LABEL",{"class":"field-label "},"Descricao",["INPUT",{"__playwright_value_":"Reforco","class":"input","placeholder":"Descricao","type":"text","value":"Reforco"}]]],["FOOTER",{"class":"modal-footer"},["BUTTON",{"class":"button-secondary","type":"button"},"Cancelar"],["BUTTON",{"class":"button-primary","type":"submit"},["svg",{"xmlns":"http://www.w3.org/2000/svg","width":"18","height":"18","viewBox":"0 0 24 24","fill":"none","stroke":"currentColor","stroke-width":"2","stroke-linecap":"round","stroke-linejoin":"round","class":"lucide lucide-circle-check","aria-hidden":"true"},["circle",{"cx":"12","cy":"12","r":"10"}],["path",{"d":"m9 12 2 2 4-4"}]],"Salvar movimento"]]]]]]],[[57,85]]]],"viewport":{"width":929,"height":917},"timestamp":205202.016,"wallTime":1786395324388,"collectionTime":2.399999976158142,"resourceOverrides":[],"isMainFrame":true}}
{"type":"before","callId":"call@237","startTime":205203.159,"class":"Frame","method":"evaluateExpression","params":{"expression":"(ms) => new Promise((f) => setTimeout(f, ms))","isFunction":true,"arg":{"value":{"n":500},"handles":[]}},"pageId":"page@bcd39af0209cd43733a18028cd932dd2","beforeSnapshot":"before@call@237"}
{"type":"frame-snapshot","snapshot":{"callId":"call@237","snapshotName":"before@call@237","pageId":"page@bcd39af0209cd43733a18028cd932dd2","frameId":"frame@40b891a766907a2ceb8521f707111a55","frameUrl":"https://volt-staging.onrender.com/core/app","doctype":"html","html":["HTML",{"__playwright_scroll_top_":"229","lang":"pt-BR"},[[58,18]],[[58,19]],["BODY",{},[[58,20]],["DIV",{"id":"root"},["DIV",{"class":"app-shell min-h-screen"},[[36,34]],["DIV",{"class":"main-shell"},[[36,40]],["MAIN",{"class":"page-content"},["DIV",{"class":"module-page"},[[36,63]],["DIV",{"class":"module-page__body"},["DIV",{"class":"screen-grid"},["DIV",{"class":"panel panel-section"},[[11,3]],[[11,6]],[[11,10]],["DIV",{"class":"quick-actions"},["BUTTON",{"class":"button-secondary","type":"button","title":"Adicionar dinheiro fisico ao caixa"},[[36,110]]],[[36,113]],[[36,115]]],[[36,163]]],[[36,215]]]]]]],[[1,55]]]],[[58,85]]]],"viewport":{"width":929,"height":917},"timestamp":205213.513,"wallTime":1786395324396,"collectionTime":2.300000011920929,"resourceOverrides":[],"isMainFrame":true}}
{"type":"screencast-frame","pageId":"page@bcd39af0209cd43733a18028cd932dd2","sha1":"page@bcd39af0209cd43733a18028cd932dd2-1786395324419.jpeg","width":929,"height":917,"timestamp":205233.242,"frameSwapWallTime":1786395324404.56}
{"type":"after","callId":"call@237","endTime":205725.322,"result":{"value":{"v":"undefined"}},"afterSnapshot":"after@call@237"}
{"type":"frame-snapshot","snapshot":{"callId":"call@237","snapshotName":"after@call@237","pageId":"page@bcd39af0209cd43733a18028cd932dd2","frameId":"frame@40b891a766907a2ceb8521f707111a55","frameUrl":"https://volt-staging.onrender.com/core/app","doctype":"html","html":[[1,11]],"viewport":{"width":929,"height":917},"timestamp":205729.079,"wallTime":1786395324918,"collectionTime":2,"resourceOverrides":[],"isMainFrame":true}}
{"type":"before","callId":"call@239","startTime":205730.232,"class":"Frame","method":"ariaSnapshot","params":{"mode":"ai","timeout":30000},"pageId":"page@bcd39af0209cd43733a18028cd932dd2"}
{"type":"after","callId":"call@239","endTime":205752.18,"result":{"snapshot":"- generic [ref=e60]:\n  - complementary [ref=e61]:\n    - generic [ref=e63]:\n      - img \"Volt Core\" [ref=e64]\n      - generic [ref=e65]: VOLTCORE\n    - navigation \"Navegacao principal\" [ref=e66]:\n      - button \"Operacao Vendas, clientes e estoque\" [ref=e356] [cursor=pointer]:\n        - generic [ref=e362]:\n          - strong [ref=e363]: Operacao\n          - generic [ref=e364]: Vendas, clientes e estoque\n      - generic [ref=e406]:\n        - button \"Financeiro Caixa, recebiveis e pagamentos\" [expanded] [ref=e407] [cursor=pointer]:\n          - generic [ref=e411]:\n            - strong [ref=e412]: Financeiro\n            - generic [ref=e413]: Caixa, recebiveis e pagamentos\n        - generic [ref=e580]:\n          - button \"Pagamentos\" [ref=e581] [cursor=pointer]\n          - button \"Recebiveis\" [ref=e585] [cursor=pointer]\n          - button \"Caixa\" [ref=e591] [cursor=pointer]\n          - button \"Recibos\" [ref=e596] [cursor=pointer]\n      - button \"Setorial Fluxos do segmento da empresa\" [ref=e418] [cursor=pointer]:\n        - generic [ref=e422]:\n          - strong [ref=e423]: Setorial\n          - generic [ref=e424]: Fluxos do segmento da empresa\n      - button \"Gestao Relatorios e leitura gerencial\" [ref=e429] [cursor=pointer]:\n        - generic [ref=e433]:\n          - strong [ref=e434]: Gestao\n          - generic [ref=e435]: Relatorios e leitura gerencial\n      - button \"Administracao Implantacao, usuarios e parametros\" [ref=e440] [cursor=pointer]:\n        - generic [ref=e445]:\n          - strong [ref=e446]: Administracao\n          - generic [ref=e447]: Implantacao, usuarios e parametros\n    - generic [ref=e127]:\n      - generic [ref=e128]:\n        - generic [ref=e129]: A\n        - generic [ref=e131]:\n          - strong [ref=e132]: Master Volt Core\n          - generic [ref=e133]: Admin master\n      - button \"Sair\" [ref=e136] [cursor=pointer]\n  - generic [ref=e141]:\n    - banner [ref=e142]:\n      - generic [ref=e143]:\n        - heading \"Caixa\" [level=1] [ref=e600]\n        - paragraph [ref=e145]: Abertura, sangria, reforco, conferencia e fechamento.\n      - generic [ref=e146]:\n        - generic [ref=e452]:\n          - text: Empresa\n          - combobox \"Empresa\" [ref=e453]:\n            - option \"Otica Nacional Sabaudia\" [selected]\n        - generic [ref=e454]: \"Setor: Otica\"\n        - generic [ref=e147]: Banco real\n        - button \"Painel master\" [ref=e455] [cursor=pointer]\n        - button \"Master Volt Core\" [ref=e149] [cursor=pointer]\n    - main [ref=e150]:\n      - generic [ref=e601]:\n        - tablist [ref=e602]:\n          - button \"Sessao\" [ref=e603] [cursor=pointer]\n          - button \"Conferencia\" [ref=e607] [cursor=pointer]\n          - button \"Historico\" [ref=e612] [cursor=pointer]\n        - generic [ref=e616]:\n          - generic [ref=e617]:\n            - generic [ref=e618]:\n              - generic [ref=e624]:\n                - heading \"Sessao de caixa\" [level=2] [ref=e625]\n                - paragraph [ref=e626]: Dados e configuracoes do ambiente selecionado.\n              - button \"Fechar caixa\" [ref=e726] [cursor=pointer]\n            - generic [ref=e630]:\n              - generic [ref=e631]: Saldo esperado\n              - strong [ref=e632]: R$ 1.106,87\n              - generic [ref=e633]: Caixa aberto para operacao\n            - generic [ref=e634]:\n              - generic [ref=e635]:\n                - generic [ref=e636]: Entradas\n                - strong [ref=e637]: R$ 1.531,87\n              - generic [ref=e638]:\n                - generic [ref=e639]: Saidas\n                - strong [ref=e640]: \"-R$ 425,00\"\n              - generic [ref=e641]:\n                - generic [ref=e642]: Movimentos\n                - strong [ref=e643]: \"15\"\n              - generic [ref=e644]:\n                - generic [ref=e645]: Status\n                - strong [ref=e646]: Aberto\n            - generic [ref=e647]:\n              - button \"Reforco\" [active] [ref=e648] [cursor=pointer]\n              - button \"Sangria\" [ref=e649] [cursor=pointer]\n              - button \"Conferir\" [ref=e650] [cursor=pointer]\n            - generic [ref=e651]:\n              - strong [ref=e652]: Ultimos movimentos\n              - generic [ref=e653]:\n                - generic [ref=e654]: \"Estorno venda #9\"\n                - generic [ref=e655]: Saida | Pix | R$ 175,00 | 17:10\n              - generic [ref=e656]:\n                - generic [ref=e657]: \"Venda #9\"\n                - generic [ref=e658]: Entrada | Pix | R$ 175,00 | 17:07\n              - generic [ref=e659]:\n                - generic [ref=e660]: \"Estorno venda #8\"\n                - generic [ref=e661]: Saida | Pix | R$ 150,00 | 14:41\n              - generic [ref=e662]:\n                - generic [ref=e663]: \"Venda #8\"\n                - generic [ref=e664]: Entrada | Pix | R$ 150,00 | 14:40\n          - generic [ref=e665]:\n            - generic [ref=e672]:\n              - heading \"Rotina do caixa\" [level=2] [ref=e673]\n              - paragraph [ref=e674]: Dados e configuracoes do ambiente selecionado.\n            - generic [ref=e675]:\n              - generic [ref=e676]:\n                - strong [ref=e677]: Reforco\n                - generic [ref=e678]: Entrada manual de dinheiro, como troco adicional.\n              - generic [ref=e679]:\n                - strong [ref=e680]: Sangria\n                - generic [ref=e681]: Retirada de dinheiro para reduzir o valor fisico no caixa.\n              - generic [ref=e682]:\n                - strong [ref=e683]: Conferir\n                - generic [ref=e684]: Compara o valor contado com o saldo esperado pelo sistema.\n              - generic [ref=e685]:\n                - strong [ref=e686]: Recebimento\n                - generic [ref=e687]: Valores recebidos devem aparecer como entrada e reduzir pendencias.\n            - generic [ref=e688]:\n              - generic [ref=e689]:\n                - generic [ref=e690]: Exigir caixa aberto para vender\n                - checkbox \"Exigir caixa aberto para vender\" [checked] [ref=e691]\n              - generic [ref=e692]:\n                - generic [ref=e693]: Permitir sangria por operador\n                - checkbox \"Permitir sangria por operador\" [checked] [ref=e694]\n              - generic [ref=e695]:\n                - generic [ref=e696]: Solicitar senha no fechamento\n                - checkbox \"Solicitar senha no fechamento\" [checked] [ref=e697]\n              - generic [ref=e698]:\n                - generic [ref=e699]: Imprimir relatorio ao fechar\n                - checkbox \"Imprimir relatorio ao fechar\" [checked] [ref=e700]\n  - dialog [ref=e728]:\n    - banner [ref=e729]:\n      - generic [ref=e734]:\n        - heading \"Registrar reforco\" [level=2] [ref=e735]\n        - paragraph [ref=e736]: Lance uma entrada ou saida manual no caixa da empresa.\n      - button \"Fechar\" [ref=e737] [cursor=pointer]\n    - generic [ref=e741]:\n      - generic [ref=e742]:\n        - generic [ref=e743]:\n          - text: Tipo\n          - combobox \"Tipo\" [ref=e744]:\n            - option \"entry\" [selected]\n            - option \"exit\"\n        - generic [ref=e745]:\n          - text: Valor\n          - textbox \"Valor\" [ref=e746]\n        - generic [ref=e747]:\n          - text: Forma\n          - combobox \"Forma\" [ref=e748]:\n            - option \"cash\" [selected]\n            - option \"pix\"\n            - option \"debit\"\n            - option \"credit_card\"\n            - option \"transfer\"\n        - generic [ref=e749]:\n          - text: Data/hora operacional\n          - textbox \"Data/hora operacional\" [ref=e750]\n        - generic [ref=e751]:\n          - text: Descricao\n          - textbox \"Descricao\" [ref=e752]: Reforco\n      - contentinfo [ref=e753]:\n        - button \"Cancelar\" [ref=e754] [cursor=pointer]\n        - button \"Salvar movimento\" [ref=e755] [cursor=pointer]"}}
{"type":"before","callId":"call@241","startTime":205753.163,"class":"Frame","method":"title","params":{},"pageId":"page@bcd39af0209cd43733a18028cd932dd2"}
{"type":"after","callId":"call@241","endTime":205758.396,"result":{"value":"Volt Core"}}
{"type":"before","callId":"call@243","startTime":205760.81,"class":"Page","method":"consoleMessages","params":{"filter":"since-navigation"},"pageId":"page@bcd39af0209cd43733a18028cd932dd2"}
{"type":"after","callId":"call@243","endTime":205761.033,"result":{"messages":[{"type":"error","text":"Failed to load resource: the server responded with a status of 401 ()","args":[],"location":{"url":"https://volt-staging.onrender.com/api/core/auth/me","lineNumber":0,"columnNumber":0},"timestamp":1786395122429.248}]}}
{"type":"before","callId":"call@245","startTime":205762.957,"class":"Page","method":"pageErrors","params":{"filter":"since-navigation"},"pageId":"page@bcd39af0209cd43733a18028cd932dd2"}
{"type":"after","callId":"call@245","endTime":205763.028,"result":{"errors":[]}}
{"type":"before","callId":"call@247","startTime":209124.318,"class":"Frame","method":"ariaSnapshot","params":{"mode":"ai","timeout":30000},"pageId":"page@bcd39af0209cd43733a18028cd932dd2"}
{"type":"after","callId":"call@247","endTime":209137.887,"result":{"snapshot":"- generic [ref=e60]:\n  - complementary [ref=e61]:\n    - generic [ref=e63]:\n      - img \"Volt Core\" [ref=e64]\n      - generic [ref=e65]: VOLTCORE\n    - navigation \"Navegacao principal\" [ref=e66]:\n      - button \"Operacao Vendas, clientes e estoque\" [ref=e356] [cursor=pointer]:\n        - generic [ref=e362]:\n          - strong [ref=e363]: Operacao\n          - generic [ref=e364]: Vendas, clientes e estoque\n      - generic [ref=e406]:\n        - button \"Financeiro Caixa, recebiveis e pagamentos\" [expanded] [ref=e407] [cursor=pointer]:\n          - generic [ref=e411]:\n            - strong [ref=e412]: Financeiro\n            - generic [ref=e413]: Caixa, recebiveis e pagamentos\n        - generic [ref=e580]:\n          - button \"Pagamentos\" [ref=e581] [cursor=pointer]\n          - button \"Recebiveis\" [ref=e585] [cursor=pointer]\n          - button \"Caixa\" [ref=e591] [cursor=pointer]\n          - button \"Recibos\" [ref=e596] [cursor=pointer]\n      - button \"Setorial Fluxos do segmento da empresa\" [ref=e418] [cursor=pointer]:\n        - generic [ref=e422]:\n          - strong [ref=e423]: Setorial\n          - generic [ref=e424]: Fluxos do segmento da empresa\n      - button \"Gestao Relatorios e leitura gerencial\" [ref=e429] [cursor=pointer]:\n        - generic [ref=e433]:\n          - strong [ref=e434]: Gestao\n          - generic [ref=e435]: Relatorios e leitura gerencial\n      - button \"Administracao Implantacao, usuarios e parametros\" [ref=e440] [cursor=pointer]:\n        - generic [ref=e445]:\n          - strong [ref=e446]: Administracao\n          - generic [ref=e447]: Implantacao, usuarios e parametros\n    - generic [ref=e127]:\n      - generic [ref=e128]:\n        - generic [ref=e129]: A\n        - generic [ref=e131]:\n          - strong [ref=e132]: Master Volt Core\n          - generic [ref=e133]: Admin master\n      - button \"Sair\" [ref=e136] [cursor=pointer]\n  - generic [ref=e141]:\n    - banner [ref=e142]:\n      - generic [ref=e143]:\n        - heading \"Caixa\" [level=1] [ref=e600]\n        - paragraph [ref=e145]: Abertura, sangria, reforco, conferencia e fechamento.\n      - generic [ref=e146]:\n        - generic [ref=e452]:\n          - text: Empresa\n          - combobox \"Empresa\" [ref=e453]:\n            - option \"Otica Nacional Sabaudia\" [selected]\n        - generic [ref=e454]: \"Setor: Otica\"\n        - generic [ref=e147]: Banco real\n        - button \"Painel master\" [ref=e455] [cursor=pointer]\n        - button \"Master Volt Core\" [ref=e149] [cursor=pointer]\n    - main [ref=e150]:\n      - generic [ref=e601]:\n        - tablist [ref=e602]:\n          - button \"Sessao\" [ref=e603] [cursor=pointer]\n          - button \"Conferencia\" [ref=e607] [cursor=pointer]\n          - button \"Historico\" [ref=e612] [cursor=pointer]\n        - generic [ref=e616]:\n          - generic [ref=e617]:\n            - generic [ref=e618]:\n              - generic [ref=e624]:\n                - heading \"Sessao de caixa\" [level=2] [ref=e625]\n                - paragraph [ref=e626]: Dados e configuracoes do ambiente selecionado.\n              - button \"Fechar caixa\" [ref=e726] [cursor=pointer]\n            - generic [ref=e630]:\n              - generic [ref=e631]: Saldo esperado\n              - strong [ref=e632]: R$ 1.106,87\n              - generic [ref=e633]: Caixa aberto para operacao\n            - generic [ref=e634]:\n              - generic [ref=e635]:\n                - generic [ref=e636]: Entradas\n                - strong [ref=e637]: R$ 1.531,87\n              - generic [ref=e638]:\n                - generic [ref=e639]: Saidas\n                - strong [ref=e640]: \"-R$ 425,00\"\n              - generic [ref=e641]:\n                - generic [ref=e642]: Movimentos\n                - strong [ref=e643]: \"15\"\n              - generic [ref=e644]:\n                - generic [ref=e645]: Status\n                - strong [ref=e646]: Aberto\n            - generic [ref=e647]:\n              - button \"Reforco\" [active] [ref=e648] [cursor=pointer]\n              - button \"Sangria\" [ref=e649] [cursor=pointer]\n              - button \"Conferir\" [ref=e650] [cursor=pointer]\n            - generic [ref=e651]:\n              - strong [ref=e652]: Ultimos movimentos\n              - generic [ref=e653]:\n                - generic [ref=e654]: \"Estorno venda #9\"\n                - generic [ref=e655]: Saida | Pix | R$ 175,00 | 17:10\n              - generic [ref=e656]:\n                - generic [ref=e657]: \"Venda #9\"\n                - generic [ref=e658]: Entrada | Pix | R$ 175,00 | 17:07\n              - generic [ref=e659]:\n                - generic [ref=e660]: \"Estorno venda #8\"\n                - generic [ref=e661]: Saida | Pix | R$ 150,00 | 14:41\n              - generic [ref=e662]:\n                - generic [ref=e663]: \"Venda #8\"\n                - generic [ref=e664]: Entrada | Pix | R$ 150,00 | 14:40\n          - generic [ref=e665]:\n            - generic [ref=e672]:\n              - heading \"Rotina do caixa\" [level=2] [ref=e673]\n              - paragraph [ref=e674]: Dados e configuracoes do ambiente selecionado.\n            - generic [ref=e675]:\n              - generic [ref=e676]:\n                - strong [ref=e677]: Reforco\n                - generic [ref=e678]: Entrada manual de dinheiro, como troco adicional.\n              - generic [ref=e679]:\n                - strong [ref=e680]: Sangria\n                - generic [ref=e681]: Retirada de dinheiro para reduzir o valor fisico no caixa.\n              - generic [ref=e682]:\n                - strong [ref=e683]: Conferir\n                - generic [ref=e684]: Compara o valor contado com o saldo esperado pelo sistema.\n              - generic [ref=e685]:\n                - strong [ref=e686]: Recebimento\n                - generic [ref=e687]: Valores recebidos devem aparecer como entrada e reduzir pendencias.\n            - generic [ref=e688]:\n              - generic [ref=e689]:\n                - generic [ref=e690]: Exigir caixa aberto para vender\n                - checkbox \"Exigir caixa aberto para vender\" [checked] [ref=e691]\n              - generic [ref=e692]:\n                - generic [ref=e693]: Permitir sangria por operador\n                - checkbox \"Permitir sangria por operador\" [checked] [ref=e694]\n              - generic [ref=e695]:\n                - generic [ref=e696]: Solicitar senha no fechamento\n                - checkbox \"Solicitar senha no fechamento\" [checked] [ref=e697]\n              - generic [ref=e698]:\n                - generic [ref=e699]: Imprimir relatorio ao fechar\n                - checkbox \"Imprimir relatorio ao fechar\" [checked] [ref=e700]\n  - dialog [ref=e728]:\n    - banner [ref=e729]:\n      - generic [ref=e734]:\n        - heading \"Registrar reforco\" [level=2] [ref=e735]\n        - paragraph [ref=e736]: Lance uma entrada ou saida manual no caixa da empresa.\n      - button \"Fechar\" [ref=e737] [cursor=pointer]\n    - generic [ref=e741]:\n      - generic [ref=e742]:\n        - generic [ref=e743]:\n          - text: Tipo\n          - combobox \"Tipo\" [ref=e744]:\n            - option \"entry\" [selected]\n            - option \"exit\"\n        - generic [ref=e745]:\n          - text: Valor\n          - textbox \"Valor\" [ref=e746]\n        - generic [ref=e747]:\n          - text: Forma\n          - combobox \"Forma\" [ref=e748]:\n            - option \"cash\" [selected]\n            - option \"pix\"\n            - option \"debit\"\n            - option \"credit_card\"\n            - option \"transfer\"\n        - generic [ref=e749]:\n          - text: Data/hora operacional\n          - textbox \"Data/hora operacional\" [ref=e750]\n        - generic [ref=e751]:\n          - text: Descricao\n          - textbox \"Descricao\" [ref=e752]: Reforco\n      - contentinfo [ref=e753]:\n        - button \"Cancelar\" [ref=e754] [cursor=pointer]\n        - button \"Salvar movimento\" [ref=e755] [cursor=pointer]"}}
{"type":"before","callId":"call@249","startTime":209138.693,"class":"Frame","method":"title","params":{},"pageId":"page@bcd39af0209cd43733a18028cd932dd2"}
{"type":"after","callId":"call@249","endTime":209139.778,"result":{"value":"Volt Core"}}
{"type":"before","callId":"call@251","startTime":209140.197,"class":"Page","method":"consoleMessages","params":{"filter":"since-navigation"},"pageId":"page@bcd39af0209cd43733a18028cd932dd2"}
{"type":"after","callId":"call@251","endTime":209140.279,"result":{"messages":[{"type":"error","text":"Failed to load resource: the server responded with a status of 401 ()","args":[],"location":{"url":"https://volt-staging.onrender.com/api/core/auth/me","lineNumber":0,"columnNumber":0},"timestamp":1786395122429.248}]}}
{"type":"before","callId":"call@253","startTime":209140.694,"class":"Page","method":"pageErrors","params":{"filter":"since-navigation"},"pageId":"page@bcd39af0209cd43733a18028cd932dd2"}
{"type":"after","callId":"call@253","endTime":209140.753,"result":{"errors":[]}}
{"type":"before","callId":"call@256","startTime":219945.651,"class":"Frame","method":"fill","params":{"selector":"aria-ref=e746","strict":true,"value":"20,0","timeout":5000},"pageId":"page@bcd39af0209cd43733a18028cd932dd2","beforeSnapshot":"before@call@256"}
{"type":"frame-snapshot","snapshot":{"callId":"call@256","snapshotName":"before@call@256","pageId":"page@bcd39af0209cd43733a18028cd932dd2","frameId":"frame@40b891a766907a2ceb8521f707111a55","frameUrl":"https://volt-staging.onrender.com/core/app","doctype":"html","html":[[2,11]],"viewport":{"width":929,"height":917},"timestamp":219947.984,"wallTime":1786395339137,"collectionTime":1.600000023841858,"resourceOverrides":[],"isMainFrame":true}}
{"type":"log","callId":"call@256","time":219948.189,"message":"waiting for locator('aria-ref=e746')"}
{"type":"log","callId":"call@256","time":219949.999,"message":"  locator resolved to <input value=\"\" type=\"text\" class=\"input\" inputmode=\"decimal\" placeholder=\"Valor\"/>"}
{"type":"log","callId":"call@256","time":219950.707,"message":"  fill(\"20,0\")"}
{"type":"log","callId":"call@256","time":219950.717,"message":"attempting fill action"}
{"type":"input","callId":"call@256","inputSnapshot":"input@call@256"}
{"type":"frame-snapshot","snapshot":{"callId":"call@256","snapshotName":"input@call@256","pageId":"page@bcd39af0209cd43733a18028cd932dd2","frameId":"frame@40b891a766907a2ceb8521f707111a55","frameUrl":"https://volt-staging.onrender.com/core/app","doctype":"html","html":["HTML",{"__playwright_scroll_top_":"229","lang":"pt-BR"},[[61,18]],[[61,19]],["BODY",{},[[61,20]],["DIV",{"id":"root"},["DIV",{"class":"app-shell min-h-screen"},[[39,34]],[[3,7]],["DIV",{"class":"modal-backdrop","role":"presentation"},["SECTION",{"class":"modal-shell","role":"dialog","aria-modal":"true","aria-labelledby":"action-modal-title","data-modal":"cashMovement"},[[4,14]],["FORM",{"class":"modal-form"},["DIV",{"class":"form-grid"},[[4,21]],["LABEL",{"class":"field-label "},[[4,22]],["INPUT",{"__playwright_value_":"","__playwright_target__":"","class":"input","inputmode":"decimal","placeholder":"Valor","type":"text","value":""}]],[[4,37]],[[4,40]],[[4,43]]],[[4,52]]]]]]],[[61,85]]]],"viewport":{"width":929,"height":917},"timestamp":219952.302,"wallTime":1786395339142,"collectionTime":0.9000000357627869,"resourceOverrides":[],"isMainFrame":true}}
{"type":"log","callId":"call@256","time":219952.374,"message":"  waiting for element to be visible, enabled and editable"}
{"type":"after","callId":"call@256","endTime":219956.885,"afterSnapshot":"after@call@256"}
{"type":"frame-snapshot","snapshot":{"callId":"call@256","snapshotName":"after@call@256","pageId":"page@bcd39af0209cd43733a18028cd932dd2","frameId":"frame@40b891a766907a2ceb8521f707111a55","frameUrl":"https://volt-staging.onrender.com/core/app","doctype":"html","html":["HTML",{"__playwright_scroll_top_":"229","lang":"pt-BR"},[[62,18]],[[62,19]],["BODY",{},[[62,20]],["DIV",{"id":"root"},["DIV",{"class":"app-shell min-h-screen"},[[40,34]],[[4,7]],["DIV",{"class":"modal-backdrop","role":"presentation"},["SECTION",{"class":"modal-shell","role":"dialog","aria-modal":"true","aria-labelledby":"action-modal-title","data-modal":"cashMovement"},[[5,14]],["FORM",{"class":"modal-form"},["DIV",{"class":"form-grid"},[[5,21]],["LABEL",{"class":"field-label "},[[5,22]],["INPUT",{"__playwright_value_":"20,0","__playwright_target__":"","class":"input","inputmode":"decimal","placeholder":"Valor","type":"text","value":"20,0"}]],[[5,37]],[[5,40]],[[5,43]]],[[5,52]]]]]]],[[62,85]]]],"viewport":{"width":929,"height":917},"timestamp":219960.027,"wallTime":1786395339149,"collectionTime":1.899999976158142,"resourceOverrides":[],"isMainFrame":true}}
{"type":"before","callId":"call@258","startTime":219960.844,"class":"Frame","method":"title","params":{},"pageId":"page@bcd39af0209cd43733a18028cd932dd2"}
{"type":"after","callId":"call@258","endTime":219962.317,"result":{"value":"Volt Core"}}
{"type":"before","callId":"call@260","startTime":219962.604,"class":"Page","method":"consoleMessages","params":{"filter":"since-navigation"},"pageId":"page@bcd39af0209cd43733a18028cd932dd2"}
{"type":"after","callId":"call@260","endTime":219962.648,"result":{"messages":[{"type":"error","text":"Failed to load resource: the server responded with a status of 401 ()","args":[],"location":{"url":"https://volt-staging.onrender.com/api/core/auth/me","lineNumber":0,"columnNumber":0},"timestamp":1786395122429.248}]}}
{"type":"before","callId":"call@262","startTime":219962.805,"class":"Page","method":"pageErrors","params":{"filter":"since-navigation"},"pageId":"page@bcd39af0209cd43733a18028cd932dd2"}
{"type":"after","callId":"call@262","endTime":219962.832,"result":{"errors":[]}}
{"type":"screencast-frame","pageId":"page@bcd39af0209cd43733a18028cd932dd2","sha1":"page@bcd39af0209cd43733a18028cd932dd2-1786395339167.jpeg","width":929,"height":917,"timestamp":219976.294,"frameSwapWallTime":1786395339159.2341}
{"type":"screencast-frame","pageId":"page@bcd39af0209cd43733a18028cd932dd2","sha1":"page@bcd39af0209cd43733a18028cd932dd2-1786395339183.jpeg","width":929,"height":917,"timestamp":219993.174,"frameSwapWallTime":1786395339176.761}
{"type":"screencast-frame","pageId":"page@bcd39af0209cd43733a18028cd932dd2","sha1":"page@bcd39af0209cd43733a18028cd932dd2-1786395339200.jpeg","width":929,"height":917,"timestamp":220009.363,"frameSwapWallTime":1786395339192.596}
{"type":"screencast-frame","pageId":"page@bcd39af0209cd43733a18028cd932dd2","sha1":"page@bcd39af0209cd43733a18028cd932dd2-1786395339216.jpeg","width":929,"height":917,"timestamp":220025.648,"frameSwapWallTime":1786395339208.855}
{"type":"screencast-frame","pageId":"page@bcd39af0209cd43733a18028cd932dd2","sha1":"page@bcd39af0209cd43733a18028cd932dd2-1786395339232.jpeg","width":929,"height":917,"timestamp":220041.491,"frameSwapWallTime":1786395339224.955}
{"type":"screencast-frame","pageId":"page@bcd39af0209cd43733a18028cd932dd2","sha1":"page@bcd39af0209cd43733a18028cd932dd2-1786395339248.jpeg","width":929,"height":917,"timestamp":220057.252,"frameSwapWallTime":1786395339240.935}
{"type":"screencast-frame","pageId":"page@bcd39af0209cd43733a18028cd932dd2","sha1":"page@bcd39af0209cd43733a18028cd932dd2-1786395339264.jpeg","width":929,"height":917,"timestamp":220073.28,"frameSwapWallTime":1786395339256.5142}
{"type":"screencast-frame","pageId":"page@bcd39af0209cd43733a18028cd932dd2","sha1":"page@bcd39af0209cd43733a18028cd932dd2-1786395339278.jpeg","width":929,"height":917,"timestamp":220088.198,"frameSwapWallTime":1786395339271.7769}
{"type":"screencast-frame","pageId":"page@bcd39af0209cd43733a18028cd932dd2","sha1":"page@bcd39af0209cd43733a18028cd932dd2-1786395339295.jpeg","width":929,"height":917,"timestamp":220104.818,"frameSwapWallTime":1786395339288.023}
{"type":"screencast-frame","pageId":"page@bcd39af0209cd43733a18028cd932dd2","sha1":"page@bcd39af0209cd43733a18028cd932dd2-1786395339311.jpeg","width":929,"height":917,"timestamp":220120.542,"frameSwapWallTime":1786395339303.9119}
{"type":"screencast-frame","pageId":"page@bcd39af0209cd43733a18028cd932dd2","sha1":"page@bcd39af0209cd43733a18028cd932dd2-1786395339325.jpeg","width":929,"height":917,"timestamp":220134.551,"frameSwapWallTime":1786395339319.084}
{"type":"screencast-frame","pageId":"page@bcd39af0209cd43733a18028cd932dd2","sha1":"page@bcd39af0209cd43733a18028cd932dd2-1786395339716.jpeg","width":929,"height":917,"timestamp":220526.108,"frameSwapWallTime":1786395339709.368}
{"type":"screencast-frame","pageId":"page@bcd39af0209cd43733a18028cd932dd2","sha1":"page@bcd39af0209cd43733a18028cd932dd2-1786395340244.jpeg","width":929,"height":917,"timestamp":221053.879,"frameSwapWallTime":1786395340238.105}
{"type":"screencast-frame","pageId":"page@bcd39af0209cd43733a18028cd932dd2","sha1":"page@bcd39af0209cd43733a18028cd932dd2-1786395340767.jpeg","width":929,"height":917,"timestamp":221576.521,"frameSwapWallTime":1786395340760.25}
{"type":"screencast-frame","pageId":"page@bcd39af0209cd43733a18028cd932dd2","sha1":"page@bcd39af0209cd43733a18028cd932dd2-1786395341300.jpeg","width":929,"height":917,"timestamp":222110.128,"frameSwapWallTime":1786395341294.166}
{"type":"screencast-frame","pageId":"page@bcd39af0209cd43733a18028cd932dd2","sha1":"page@bcd39af0209cd43733a18028cd932dd2-1786395341835.jpeg","width":929,"height":917,"timestamp":222644.656,"frameSwapWallTime":1786395341828.001}
{"type":"screencast-frame","pageId":"page@bcd39af0209cd43733a18028cd932dd2","sha1":"page@bcd39af0209cd43733a18028cd932dd2-1786395342364.jpeg","width":929,"height":917,"timestamp":223173.295,"frameSwapWallTime":1786395342357.275}
{"type":"screencast-frame","pageId":"page@bcd39af0209cd43733a18028cd932dd2","sha1":"page@bcd39af0209cd43733a18028cd932dd2-1786395342885.jpeg","width":929,"height":917,"timestamp":223694.778,"frameSwapWallTime":1786395342878.745}
{"type":"before","callId":"call@265","startTime":223798.451,"class":"Frame","method":"fill","params":{"selector":"aria-ref=e752","strict":true,"value":"Reforco QA d5bac783","timeout":5000},"pageId":"page@bcd39af0209cd43733a18028cd932dd2","beforeSnapshot":"before@call@265"}
{"type":"frame-snapshot","snapshot":{"callId":"call@265","snapshotName":"before@call@265","pageId":"page@bcd39af0209cd43733a18028cd932dd2","frameId":"frame@40b891a766907a2ceb8521f707111a55","frameUrl":"https://volt-staging.onrender.com/core/app","doctype":"html","html":["HTML",{"__playwright_scroll_top_":"229","lang":"pt-BR"},[[63,18]],[[63,19]],["BODY",{},[[63,20]],["DIV",{"id":"root"},["DIV",{"class":"app-shell min-h-screen"},[[41,34]],[[5,7]],["DIV",{"class":"modal-backdrop","role":"presentation"},["SECTION",{"class":"modal-shell","role":"dialog","aria-modal":"true","aria-labelledby":"action-modal-title","data-modal":"cashMovement"},[[6,14]],["FORM",{"class":"modal-form"},["DIV",{"class":"form-grid"},[[6,21]],["LABEL",{"class":"field-label "},[[6,22]],["INPUT",{"__playwright_value_":"20,0","class":"input","inputmode":"decimal","placeholder":"Valor","type":"text","value":"20,0"}]],[[6,37]],[[6,40]],[[6,43]]],[[6,52]]]]]]],[[63,85]]]],"viewport":{"width":929,"height":917},"timestamp":223801.464,"wallTime":1786395342991,"collectionTime":1.600000023841858,"resourceOverrides":[],"isMainFrame":true}}
{"type":"log","callId":"call@265","time":223801.673,"message":"waiting for locator('aria-ref=e752')"}
{"type":"log","callId":"call@265","time":223803.79,"message":"  locator resolved to <input type=\"text\" class=\"input\" value=\"Reforco\" placeholder=\"Descricao\"/>"}
{"type":"log","callId":"call@265","time":223804.611,"message":"  fill(\"Reforco QA d5bac783\")"}
{"type":"log","callId":"call@265","time":223804.63,"message":"attempting fill action"}
{"type":"input","callId":"call@265","inputSnapshot":"input@call@265"}
{"type":"frame-snapshot","snapshot":{"callId":"call@265","snapshotName":"input@call@265","pageId":"page@bcd39af0209cd43733a18028cd932dd2","frameId":"frame@40b891a766907a2ceb8521f707111a55","frameUrl":"https://volt-staging.onrender.com/core/app","doctype":"html","html":["HTML",{"__playwright_scroll_top_":"229","lang":"pt-BR"},[[64,18]],[[64,19]],["BODY",{},[[64,20]],["DIV",{"id":"root"},["DIV",{"class":"app-shell min-h-screen"},[[42,34]],[[6,7]],["DIV",{"class":"modal-backdrop","role":"presentation"},["SECTION",{"class":"modal-shell","role":"dialog","aria-modal":"true","aria-labelledby":"action-modal-title","data-modal":"cashMovement"},[[7,14]],["FORM",{"class":"modal-form"},["DIV",{"class":"form-grid"},[[7,21]],[[1,1]],[[7,37]],[[7,40]],["LABEL",{"class":"field-label "},[[7,41]],["INPUT",{"__playwright_value_":"Reforco","__playwright_target__":"","class":"input","placeholder":"Descricao","type":"text","value":"Reforco"}]]],[[7,52]]]]]]],[[64,85]]]],"viewport":{"width":929,"height":917},"timestamp":223807.137,"wallTime":1786395342996,"collectionTime":1.600000023841858,"resourceOverrides":[],"isMainFrame":true}}
{"type":"log","callId":"call@265","time":223807.287,"message":"  waiting for element to be visible, enabled and editable"}
{"type":"after","callId":"call@265","endTime":223814.103,"afterSnapshot":"after@call@265"}
{"type":"frame-snapshot","snapshot":{"callId":"call@265","snapshotName":"after@call@265","pageId":"page@bcd39af0209cd43733a18028cd932dd2","frameId":"frame@40b891a766907a2ceb8521f707111a55","frameUrl":"https://volt-staging.onrender.com/core/app","doctype":"html","html":["HTML",{"__playwright_scroll_top_":"229","lang":"pt-BR"},[[65,18]],[[65,19]],["BODY",{},[[65,20]],["DIV",{"id":"root"},["DIV",{"class":"app-shell min-h-screen"},[[43,34]],[[7,7]],["DIV",{"class":"modal-backdrop","role":"presentation"},["SECTION",{"class":"modal-shell","role":"dialog","aria-modal":"true","aria-labelledby":"action-modal-title","data-modal":"cashMovement"},[[8,14]],["FORM",{"class":"modal-form"},["DIV",{"class":"form-grid"},[[8,21]],[[2,1]],[[8,37]],[[8,40]],["LABEL",{"class":"field-label "},[[8,41]],["INPUT",{"__playwright_value_":"Reforco QA d5bac783","__playwright_target__":"","class":"input","placeholder":"Descricao","type":"text","value":"Reforco QA d5bac783"}]]],[[8,52]]]]]]],[[65,85]]]],"viewport":{"width":929,"height":917},"timestamp":223816.527,"wallTime":1786395343006,"collectionTime":1.399999976158142,"resourceOverrides":[],"isMainFrame":true}}
{"type":"before","callId":"call@267","startTime":223817.284,"class":"Frame","method":"title","params":{},"pageId":"page@bcd39af0209cd43733a18028cd932dd2"}
{"type":"after","callId":"call@267","endTime":223818.244,"result":{"value":"Volt Core"}}
{"type":"before","callId":"call@269","startTime":223818.819,"class":"Page","method":"consoleMessages","params":{"filter":"since-navigation"},"pageId":"page@bcd39af0209cd43733a18028cd932dd2"}
{"type":"after","callId":"call@269","endTime":223818.899,"result":{"messages":[{"type":"error","text":"Failed to load resource: the server responded with a status of 401 ()","args":[],"location":{"url":"https://volt-staging.onrender.com/api/core/auth/me","lineNumber":0,"columnNumber":0},"timestamp":1786395122429.248}]}}
{"type":"before","callId":"call@271","startTime":223819.186,"class":"Page","method":"pageErrors","params":{"filter":"since-navigation"},"pageId":"page@bcd39af0209cd43733a18028cd932dd2"}
{"type":"after","callId":"call@271","endTime":223819.236,"result":{"errors":[]}}
{"type":"screencast-frame","pageId":"page@bcd39af0209cd43733a18028cd932dd2","sha1":"page@bcd39af0209cd43733a18028cd932dd2-1786395343019.jpeg","width":929,"height":917,"timestamp":223828.918,"frameSwapWallTime":1786395343011.994}
{"type":"screencast-frame","pageId":"page@bcd39af0209cd43733a18028cd932dd2","sha1":"page@bcd39af0209cd43733a18028cd932dd2-1786395343034.jpeg","width":929,"height":917,"timestamp":223843.565,"frameSwapWallTime":1786395343027.322}
{"type":"screencast-frame","pageId":"page@bcd39af0209cd43733a18028cd932dd2","sha1":"page@bcd39af0209cd43733a18028cd932dd2-1786395343051.jpeg","width":929,"height":917,"timestamp":223860.35,"frameSwapWallTime":1786395343043.366}
{"type":"screencast-frame","pageId":"page@bcd39af0209cd43733a18028cd932dd2","sha1":"page@bcd39af0209cd43733a18028cd932dd2-1786395343066.jpeg","width":929,"height":917,"timestamp":223875.897,"frameSwapWallTime":1786395343058.678}
{"type":"screencast-frame","pageId":"page@bcd39af0209cd43733a18028cd932dd2","sha1":"page@bcd39af0209cd43733a18028cd932dd2-1786395343082.jpeg","width":929,"height":917,"timestamp":223891.302,"frameSwapWallTime":1786395343074.393}
{"type":"screencast-frame","pageId":"page@bcd39af0209cd43733a18028cd932dd2","sha1":"page@bcd39af0209cd43733a18028cd932dd2-1786395343096.jpeg","width":929,"height":917,"timestamp":223905.958,"frameSwapWallTime":1786395343089.649}
{"type":"screencast-frame","pageId":"page@bcd39af0209cd43733a18028cd932dd2","sha1":"page@bcd39af0209cd43733a18028cd932dd2-1786395343113.jpeg","width":929,"height":917,"timestamp":223922.447,"frameSwapWallTime":1786395343105.689}
{"type":"screencast-frame","pageId":"page@bcd39af0209cd43733a18028cd932dd2","sha1":"page@bcd39af0209cd43733a18028cd932dd2-1786395343127.jpeg","width":929,"height":917,"timestamp":223936.803,"frameSwapWallTime":1786395343121.314}
{"type":"screencast-frame","pageId":"page@bcd39af0209cd43733a18028cd932dd2","sha1":"page@bcd39af0209cd43733a18028cd932dd2-1786395343144.jpeg","width":929,"height":917,"timestamp":223953.602,"frameSwapWallTime":1786395343137.527}
{"type":"screencast-frame","pageId":"page@bcd39af0209cd43733a18028cd932dd2","sha1":"page@bcd39af0209cd43733a18028cd932dd2-1786395343159.jpeg","width":929,"height":917,"timestamp":223968.763,"frameSwapWallTime":1786395343152.586}
{"type":"screencast-frame","pageId":"page@bcd39af0209cd43733a18028cd932dd2","sha1":"page@bcd39af0209cd43733a18028cd932dd2-1786395343185.jpeg","width":929,"height":917,"timestamp":223994.432,"frameSwapWallTime":1786395343179.303}
{"type":"screencast-frame","pageId":"page@bcd39af0209cd43733a18028cd932dd2","sha1":"page@bcd39af0209cd43733a18028cd932dd2-1786395343569.jpeg","width":929,"height":917,"timestamp":224378.607,"frameSwapWallTime":1786395343562.9028}
{"type":"screencast-frame","pageId":"page@bcd39af0209cd43733a18028cd932dd2","sha1":"page@bcd39af0209cd43733a18028cd932dd2-1786395344103.jpeg","width":929,"height":917,"timestamp":224913.217,"frameSwapWallTime":1786395344097.1538}
{"type":"screencast-frame","pageId":"page@bcd39af0209cd43733a18028cd932dd2","sha1":"page@bcd39af0209cd43733a18028cd932dd2-1786395344637.jpeg","width":929,"height":917,"timestamp":225446.676,"frameSwapWallTime":1786395344630.537}
{"type":"screencast-frame","pageId":"page@bcd39af0209cd43733a18028cd932dd2","sha1":"page@bcd39af0209cd43733a18028cd932dd2-1786395345157.jpeg","width":929,"height":917,"timestamp":225966.599,"frameSwapWallTime":1786395345151.321}
{"type":"screencast-frame","pageId":"page@bcd39af0209cd43733a18028cd932dd2","sha1":"page@bcd39af0209cd43733a18028cd932dd2-1786395345701.jpeg","width":929,"height":917,"timestamp":226510.403,"frameSwapWallTime":1786395345694.623}
{"type":"before","callId":"call@274","startTime":226794.04,"class":"Frame","method":"click","params":{"selector":"aria-ref=e755","strict":true,"timeout":5000},"pageId":"page@bcd39af0209cd43733a18028cd932dd2","beforeSnapshot":"before@call@274"}
{"type":"frame-snapshot","snapshot":{"callId":"call@274","snapshotName":"before@call@274","pageId":"page@bcd39af0209cd43733a18028cd932dd2","frameId":"frame@40b891a766907a2ceb8521f707111a55","frameUrl":"https://volt-staging.onrender.com/core/app","doctype":"html","html":["HTML",{"__playwright_scroll_top_":"229","lang":"pt-BR"},[[66,18]],[[66,19]],["BODY",{},[[66,20]],["DIV",{"id":"root"},["DIV",{"class":"app-shell min-h-screen"},[[44,34]],[[8,7]],["DIV",{"class":"modal-backdrop","role":"presentation"},["SECTION",{"class":"modal-shell","role":"dialog","aria-modal":"true","aria-labelledby":"action-modal-title","data-modal":"cashMovement"},[[9,14]],["FORM",{"class":"modal-form"},["DIV",{"class":"form-grid"},[[9,21]],[[3,1]],[[9,37]],[[9,40]],["LABEL",{"class":"field-label "},[[9,41]],["INPUT",{"__playwright_value_":"Reforco QA d5bac783","class":"input","placeholder":"Descricao","type":"text","value":"Reforco QA d5bac783"}]]],[[9,52]]]]]]],[[66,85]]]],"viewport":{"width":929,"height":917},"timestamp":226797.204,"wallTime":1786395345986,"collectionTime":2,"resourceOverrides":[],"isMainFrame":true}}
{"type":"log","callId":"call@274","time":226797.508,"message":"waiting for locator('aria-ref=e755')"}
{"type":"log","callId":"call@274","time":226799.559,"message":"  locator resolved to <button type=\"submit\" class=\"button-primary\">…</button>"}
{"type":"log","callId":"call@274","time":226800.336,"message":"attempting click action"}
{"type":"log","callId":"call@274","time":226800.389,"message":"  waiting for element to be visible, enabled and stable"}
{"type":"log","callId":"call@274","time":226810.112,"message":"  element is visible, enabled and stable"}
{"type":"log","callId":"call@274","time":226810.139,"message":"  scrolling into view if needed"}
{"type":"log","callId":"call@274","time":226811.042,"message":"  done scrolling"}
{"type":"input","callId":"call@274","point":{"x":676.34,"y":647.5},"inputSnapshot":"input@call@274"}
{"type":"frame-snapshot","snapshot":{"callId":"call@274","snapshotName":"input@call@274","pageId":"page@bcd39af0209cd43733a18028cd932dd2","frameId":"frame@40b891a766907a2ceb8521f707111a55","frameUrl":"https://volt-staging.onrender.com/core/app","doctype":"html","html":["HTML",{"__playwright_scroll_top_":"229","lang":"pt-BR"},[[67,18]],[[67,19]],["BODY",{},[[67,20]],["DIV",{"id":"root"},["DIV",{"class":"app-shell min-h-screen"},[[45,34]],[[9,7]],["DIV",{"class":"modal-backdrop","role":"presentation"},["SECTION",{"class":"modal-shell","role":"dialog","aria-modal":"true","aria-labelledby":"action-modal-title","data-modal":"cashMovement"},[[10,14]],["FORM",{"class":"modal-form"},[[1,2]],["FOOTER",{"class":"modal-footer"},[[10,46]],["BUTTON",{"__playwright_target__":"","class":"button-primary","type":"submit"},[[10,49]],[[10,50]]]]]]]]],[[67,85]]]],"viewport":{"width":929,"height":917},"timestamp":226814.323,"wallTime":1786395346003,"collectionTime":1.4000000357627869,"resourceOverrides":[],"isMainFrame":true}}
{"type":"log","callId":"call@274","time":226815.775,"message":"  performing click action"}
{"type":"log","callId":"call@274","time":226823.119,"message":"  click action done"}
{"type":"log","callId":"call@274","time":226823.147,"message":"  waiting for scheduled navigations to finish"}
{"type":"log","callId":"call@274","time":226823.96,"message":"  navigations have finished"}
{"type":"after","callId":"call@274","endTime":226824.06,"afterSnapshot":"after@call@274"}
{"type":"frame-snapshot","snapshot":{"callId":"call@274","snapshotName":"after@call@274","pageId":"page@bcd39af0209cd43733a18028cd932dd2","frameId":"frame@40b891a766907a2ceb8521f707111a55","frameUrl":"https://volt-staging.onrender.com/core/app","doctype":"html","html":["HTML",{"__playwright_scroll_top_":"229","lang":"pt-BR"},[[68,18]],[[68,19]],["BODY",{},[[68,20]],["DIV",{"id":"root"},["DIV",{"class":"app-shell min-h-screen"},[[46,34]],[[10,7]],["DIV",{"class":"modal-backdrop","role":"presentation"},["SECTION",{"class":"modal-shell","role":"dialog","aria-modal":"true","aria-labelledby":"action-modal-title","data-modal":"cashMovement"},[[11,14]],["FORM",{"class":"modal-form"},[[2,2]],["FOOTER",{"class":"modal-footer"},[[11,46]],["BUTTON",{"__playwright_target__":"","class":"button-primary","type":"submit","disabled":""},["SPAN",{"class":"spinner"}],"Salvando..."]]]]]]],[[68,85]]]],"viewport":{"width":929,"height":917},"timestamp":226826.137,"wallTime":1786395346015,"collectionTime":1.199999988079071,"resourceOverrides":[],"isMainFrame":true}}
{"type":"before","callId":"call@276","startTime":226826.701,"class":"Frame","method":"evaluateExpression","params":{"expression":"(ms) => new Promise((f) => setTimeout(f, ms))","isFunction":true,"arg":{"value":{"n":500},"handles":[]}},"pageId":"page@bcd39af0209cd43733a18028cd932dd2","beforeSnapshot":"before@call@276"}
{"type":"frame-snapshot","snapshot":{"callId":"call@276","snapshotName":"before@call@276","pageId":"page@bcd39af0209cd43733a18028cd932dd2","frameId":"frame@40b891a766907a2ceb8521f707111a55","frameUrl":"https://volt-staging.onrender.com/core/app","doctype":"html","html":["HTML",{"__playwright_scroll_top_":"229","lang":"pt-BR"},[[69,18]],[[69,19]],["BODY",{},[[69,20]],["DIV",{"id":"root"},["DIV",{"class":"app-shell min-h-screen"},[[47,34]],[[11,7]],["DIV",{"class":"modal-backdrop","role":"presentation"},["SECTION",{"class":"modal-shell","role":"dialog","aria-modal":"true","aria-labelledby":"action-modal-title","data-modal":"cashMovement"},[[12,14]],["FORM",{"class":"modal-form"},[[3,2]],["FOOTER",{"class":"modal-footer"},[[12,46]],["BUTTON",{"class":"button-primary","type":"submit","disabled":""},[[1,0]],[[1,1]]]]]]]]],[[69,85]]]],"viewport":{"width":929,"height":917},"timestamp":226832.12,"wallTime":1786395346020,"collectionTime":3,"resourceOverrides":[],"isMainFrame":true}}
{"type":"screencast-frame","pageId":"page@bcd39af0209cd43733a18028cd932dd2","sha1":"page@bcd39af0209cd43733a18028cd932dd2-1786395346042.jpeg","width":929,"height":917,"timestamp":226851.723,"frameSwapWallTime":1786395346035.2358}
{"type":"screencast-frame","pageId":"page@bcd39af0209cd43733a18028cd932dd2","sha1":"page@bcd39af0209cd43733a18028cd932dd2-1786395346055.jpeg","width":929,"height":917,"timestamp":226864.777,"frameSwapWallTime":1786395346048.801}
{"type":"screencast-frame","pageId":"page@bcd39af0209cd43733a18028cd932dd2","sha1":"page@bcd39af0209cd43733a18028cd932dd2-1786395346060.jpeg","width":929,"height":917,"timestamp":226870.068,"frameSwapWallTime":1786395346055.01}
{"type":"screencast-frame","pageId":"page@bcd39af0209cd43733a18028cd932dd2","sha1":"page@bcd39af0209cd43733a18028cd932dd2-1786395346089.jpeg","width":929,"height":917,"timestamp":226898.913,"frameSwapWallTime":1786395346082.333}
{"type":"screencast-frame","pageId":"page@bcd39af0209cd43733a18028cd932dd2","sha1":"page@bcd39af0209cd43733a18028cd932dd2-1786395346106.jpeg","width":929,"height":917,"timestamp":226915.221,"frameSwapWallTime":1786395346098.8481}
{"type":"screencast-frame","pageId":"page@bcd39af0209cd43733a18028cd932dd2","sha1":"page@bcd39af0209cd43733a18028cd932dd2-1786395346122.jpeg","width":929,"height":917,"timestamp":226931.389,"frameSwapWallTime":1786395346115.591}
{"type":"screencast-frame","pageId":"page@bcd39af0209cd43733a18028cd932dd2","sha1":"page@bcd39af0209cd43733a18028cd932dd2-1786395346139.jpeg","width":929,"height":917,"timestamp":226948.257,"frameSwapWallTime":1786395346132.523}
{"type":"screencast-frame","pageId":"page@bcd39af0209cd43733a18028cd932dd2","sha1":"page@bcd39af0209cd43733a18028cd932dd2-1786395346155.jpeg","width":929,"height":917,"timestamp":226964.436,"frameSwapWallTime":1786395346148.511}
{"type":"screencast-frame","pageId":"page@bcd39af0209cd43733a18028cd932dd2","sha1":"page@bcd39af0209cd43733a18028cd932dd2-1786395346171.jpeg","width":929,"height":917,"timestamp":226980.675,"frameSwapWallTime":1786395346164.308}
{"type":"screencast-frame","pageId":"page@bcd39af0209cd43733a18028cd932dd2","sha1":"page@bcd39af0209cd43733a18028cd932dd2-1786395346187.jpeg","width":929,"height":917,"timestamp":226996.575,"frameSwapWallTime":1786395346179.933}
{"type":"screencast-frame","pageId":"page@bcd39af0209cd43733a18028cd932dd2","sha1":"page@bcd39af0209cd43733a18028cd932dd2-1786395346202.jpeg","width":929,"height":917,"timestamp":227011.605,"frameSwapWallTime":1786395346196.0708}
{"type":"screencast-frame","pageId":"page@bcd39af0209cd43733a18028cd932dd2","sha1":"page@bcd39af0209cd43733a18028cd932dd2-1786395346218.jpeg","width":929,"height":917,"timestamp":227027.628,"frameSwapWallTime":1786395346211.752}
{"type":"screencast-frame","pageId":"page@bcd39af0209cd43733a18028cd932dd2","sha1":"page@bcd39af0209cd43733a18028cd932dd2-1786395346232.jpeg","width":929,"height":917,"timestamp":227042.056,"frameSwapWallTime":1786395346226.739}
{"type":"screencast-frame","pageId":"page@bcd39af0209cd43733a18028cd932dd2","sha1":"page@bcd39af0209cd43733a18028cd932dd2-1786395346248.jpeg","width":929,"height":917,"timestamp":227057.989,"frameSwapWallTime":1786395346242.353}
{"type":"screencast-frame","pageId":"page@bcd39af0209cd43733a18028cd932dd2","sha1":"page@bcd39af0209cd43733a18028cd932dd2-1786395346265.jpeg","width":929,"height":917,"timestamp":227074.387,"frameSwapWallTime":1786395346258.665}
{"type":"screencast-frame","pageId":"page@bcd39af0209cd43733a18028cd932dd2","sha1":"page@bcd39af0209cd43733a18028cd932dd2-1786395346280.jpeg","width":929,"height":917,"timestamp":227090.102,"frameSwapWallTime":1786395346274.088}
{"type":"screencast-frame","pageId":"page@bcd39af0209cd43733a18028cd932dd2","sha1":"page@bcd39af0209cd43733a18028cd932dd2-1786395346294.jpeg","width":929,"height":917,"timestamp":227104.167,"frameSwapWallTime":1786395346289.233}
{"type":"screencast-frame","pageId":"page@bcd39af0209cd43733a18028cd932dd2","sha1":"page@bcd39af0209cd43733a18028cd932dd2-1786395346311.jpeg","width":929,"height":917,"timestamp":227120.4,"frameSwapWallTime":1786395346304.86}
{"type":"screencast-frame","pageId":"page@bcd39af0209cd43733a18028cd932dd2","sha1":"page@bcd39af0209cd43733a18028cd932dd2-1786395346339.jpeg","width":929,"height":917,"timestamp":227148.642,"frameSwapWallTime":1786395346332.69}
{"type":"screencast-frame","pageId":"page@bcd39af0209cd43733a18028cd932dd2","sha1":"page@bcd39af0209cd43733a18028cd932dd2-1786395346356.jpeg","width":929,"height":917,"timestamp":227165.48,"frameSwapWallTime":1786395346349.246}
{"type":"screencast-frame","pageId":"page@bcd39af0209cd43733a18028cd932dd2","sha1":"page@bcd39af0209cd43733a18028cd932dd2-1786395346372.jpeg","width":929,"height":917,"timestamp":227181.849,"frameSwapWallTime":1786395346365.8599}
{"type":"screencast-frame","pageId":"page@bcd39af0209cd43733a18028cd932dd2","sha1":"page@bcd39af0209cd43733a18028cd932dd2-1786395346389.jpeg","width":929,"height":917,"timestamp":227199.011,"frameSwapWallTime":1786395346382.928}
{"type":"screencast-frame","pageId":"page@bcd39af0209cd43733a18028cd932dd2","sha1":"page@bcd39af0209cd43733a18028cd932dd2-1786395346405.jpeg","width":929,"height":917,"timestamp":227214.887,"frameSwapWallTime":1786395346398.5342}
{"type":"screencast-frame","pageId":"page@bcd39af0209cd43733a18028cd932dd2","sha1":"page@bcd39af0209cd43733a18028cd932dd2-1786395346420.jpeg","width":929,"height":917,"timestamp":227229.269,"frameSwapWallTime":1786395346413.9868}
{"type":"screencast-frame","pageId":"page@bcd39af0209cd43733a18028cd932dd2","sha1":"page@bcd39af0209cd43733a18028cd932dd2-1786395346436.jpeg","width":929,"height":917,"timestamp":227245.725,"frameSwapWallTime":1786395346429.3352}
{"type":"screencast-frame","pageId":"page@bcd39af0209cd43733a18028cd932dd2","sha1":"page@bcd39af0209cd43733a18028cd932dd2-1786395346452.jpeg","width":929,"height":917,"timestamp":227261.569,"frameSwapWallTime":1786395346445.118}
{"type":"screencast-frame","pageId":"page@bcd39af0209cd43733a18028cd932dd2","sha1":"page@bcd39af0209cd43733a18028cd932dd2-1786395346466.jpeg","width":929,"height":917,"timestamp":227276.02,"frameSwapWallTime":1786395346460.257}
{"type":"screencast-frame","pageId":"page@bcd39af0209cd43733a18028cd932dd2","sha1":"page@bcd39af0209cd43733a18028cd932dd2-1786395346483.jpeg","width":929,"height":917,"timestamp":227293.211,"frameSwapWallTime":1786395346476.4558}
{"type":"screencast-frame","pageId":"page@bcd39af0209cd43733a18028cd932dd2","sha1":"page@bcd39af0209cd43733a18028cd932dd2-1786395346499.jpeg","width":929,"height":917,"timestamp":227308.859,"frameSwapWallTime":1786395346492.52}
{"type":"screencast-frame","pageId":"page@bcd39af0209cd43733a18028cd932dd2","sha1":"page@bcd39af0209cd43733a18028cd932dd2-1786395346514.jpeg","width":929,"height":917,"timestamp":227323.246,"frameSwapWallTime":1786395346508.005}
{"type":"screencast-frame","pageId":"page@bcd39af0209cd43733a18028cd932dd2","sha1":"page@bcd39af0209cd43733a18028cd932dd2-1786395346530.jpeg","width":929,"height":917,"timestamp":227339.26,"frameSwapWallTime":1786395346523.883}
{"type":"after","callId":"call@276","endTime":227344.015,"result":{"value":{"v":"undefined"}},"afterSnapshot":"after@call@276"}
{"type":"frame-snapshot","snapshot":{"callId":"call@276","snapshotName":"after@call@276","pageId":"page@bcd39af0209cd43733a18028cd932dd2","frameId":"frame@40b891a766907a2ceb8521f707111a55","frameUrl":"https://volt-staging.onrender.com/core/app","doctype":"html","html":[[1,8]],"viewport":{"width":929,"height":917},"timestamp":227347.747,"wallTime":1786395346537,"collectionTime":2.399999976158142,"resourceOverrides":[],"isMainFrame":true}}
{"type":"screencast-frame","pageId":"page@bcd39af0209cd43733a18028cd932dd2","sha1":"page@bcd39af0209cd43733a18028cd932dd2-1786395346546.jpeg","width":929,"height":917,"timestamp":227355.796,"frameSwapWallTime":1786395346539.306}
{"type":"screencast-frame","pageId":"page@bcd39af0209cd43733a18028cd932dd2","sha1":"page@bcd39af0209cd43733a18028cd932dd2-1786395346561.jpeg","width":929,"height":917,"timestamp":227370.374,"frameSwapWallTime":1786395346554.389}
{"type":"screencast-frame","pageId":"page@bcd39af0209cd43733a18028cd932dd2","sha1":"page@bcd39af0209cd43733a18028cd932dd2-1786395346588.jpeg","width":929,"height":917,"timestamp":227398.215,"frameSwapWallTime":1786395346582.704}
{"type":"screencast-frame","pageId":"page@bcd39af0209cd43733a18028cd932dd2","sha1":"page@bcd39af0209cd43733a18028cd932dd2-1786395346606.jpeg","width":929,"height":917,"timestamp":227415.764,"frameSwapWallTime":1786395346599.562}
{"type":"screencast-frame","pageId":"page@bcd39af0209cd43733a18028cd932dd2","sha1":"page@bcd39af0209cd43733a18028cd932dd2-1786395346622.jpeg","width":929,"height":917,"timestamp":227432.084,"frameSwapWallTime":1786395346616.3088}
{"type":"screencast-frame","pageId":"page@bcd39af0209cd43733a18028cd932dd2","sha1":"page@bcd39af0209cd43733a18028cd932dd2-1786395346639.jpeg","width":929,"height":917,"timestamp":227448.587,"frameSwapWallTime":1786395346632.565}
{"type":"screencast-frame","pageId":"page@bcd39af0209cd43733a18028cd932dd2","sha1":"page@bcd39af0209cd43733a18028cd932dd2-1786395346654.jpeg","width":929,"height":917,"timestamp":227463.686,"frameSwapWallTime":1786395346646.969}
{"type":"screencast-frame","pageId":"page@bcd39af0209cd43733a18028cd932dd2","sha1":"page@bcd39af0209cd43733a18028cd932dd2-1786395346670.jpeg","width":929,"height":917,"timestamp":227479.67,"frameSwapWallTime":1786395346663.2249}
{"type":"screencast-frame","pageId":"page@bcd39af0209cd43733a18028cd932dd2","sha1":"page@bcd39af0209cd43733a18028cd932dd2-1786395346685.jpeg","width":929,"height":917,"timestamp":227494.444,"frameSwapWallTime":1786395346678.46}
{"type":"screencast-frame","pageId":"page@bcd39af0209cd43733a18028cd932dd2","sha1":"page@bcd39af0209cd43733a18028cd932dd2-1786395346700.jpeg","width":929,"height":917,"timestamp":227510.041,"frameSwapWallTime":1786395346694.453}
{"type":"screencast-frame","pageId":"page@bcd39af0209cd43733a18028cd932dd2","sha1":"page@bcd39af0209cd43733a18028cd932dd2-1786395346716.jpeg","width":929,"height":917,"timestamp":227526.058,"frameSwapWallTime":1786395346709.929}
{"type":"screencast-frame","pageId":"page@bcd39af0209cd43733a18028cd932dd2","sha1":"page@bcd39af0209cd43733a18028cd932dd2-1786395346732.jpeg","width":929,"height":917,"timestamp":227541.978,"frameSwapWallTime":1786395346725.9778}
{"type":"screencast-frame","pageId":"page@bcd39af0209cd43733a18028cd932dd2","sha1":"page@bcd39af0209cd43733a18028cd932dd2-1786395346748.jpeg","width":929,"height":917,"timestamp":227558.118,"frameSwapWallTime":1786395346742.248}
{"type":"screencast-frame","pageId":"page@bcd39af0209cd43733a18028cd932dd2","sha1":"page@bcd39af0209cd43733a18028cd932dd2-1786395346764.jpeg","width":929,"height":917,"timestamp":227573.67,"frameSwapWallTime":1786395346757.624}
{"type":"screencast-frame","pageId":"page@bcd39af0209cd43733a18028cd932dd2","sha1":"page@bcd39af0209cd43733a18028cd932dd2-1786395346779.jpeg","width":929,"height":917,"timestamp":227588.571,"frameSwapWallTime":1786395346773.182}
{"type":"screencast-frame","pageId":"page@bcd39af0209cd43733a18028cd932dd2","sha1":"page@bcd39af0209cd43733a18028cd932dd2-1786395346795.jpeg","width":929,"height":917,"timestamp":227604.317,"frameSwapWallTime":1786395346788.6519}
{"type":"screencast-frame","pageId":"page@bcd39af0209cd43733a18028cd932dd2","sha1":"page@bcd39af0209cd43733a18028cd932dd2-1786395346822.jpeg","width":929,"height":917,"timestamp":227632.033,"frameSwapWallTime":1786395346816.315}
{"type":"screencast-frame","pageId":"page@bcd39af0209cd43733a18028cd932dd2","sha1":"page@bcd39af0209cd43733a18028cd932dd2-1786395346840.jpeg","width":929,"height":917,"timestamp":227649.543,"frameSwapWallTime":1786395346833.045}
{"type":"screencast-frame","pageId":"page@bcd39af0209cd43733a18028cd932dd2","sha1":"page@bcd39af0209cd43733a18028cd932dd2-1786395346857.jpeg","width":929,"height":917,"timestamp":227666.374,"frameSwapWallTime":1786395346849.665}
{"type":"screencast-frame","pageId":"page@bcd39af0209cd43733a18028cd932dd2","sha1":"page@bcd39af0209cd43733a18028cd932dd2-1786395346872.jpeg","width":929,"height":917,"timestamp":227681.73,"frameSwapWallTime":1786395346866.038}
{"type":"screencast-frame","pageId":"page@bcd39af0209cd43733a18028cd932dd2","sha1":"page@bcd39af0209cd43733a18028cd932dd2-1786395346887.jpeg","width":929,"height":917,"timestamp":227696.573,"frameSwapWallTime":1786395346880.412}
{"type":"screencast-frame","pageId":"page@bcd39af0209cd43733a18028cd932dd2","sha1":"page@bcd39af0209cd43733a18028cd932dd2-1786395346903.jpeg","width":929,"height":917,"timestamp":227712.918,"frameSwapWallTime":1786395346896.7358}
{"type":"screencast-frame","pageId":"page@bcd39af0209cd43733a18028cd932dd2","sha1":"page@bcd39af0209cd43733a18028cd932dd2-1786395346919.jpeg","width":929,"height":917,"timestamp":227728.505,"frameSwapWallTime":1786395346912.6711}
{"type":"screencast-frame","pageId":"page@bcd39af0209cd43733a18028cd932dd2","sha1":"page@bcd39af0209cd43733a18028cd932dd2-1786395346934.jpeg","width":929,"height":917,"timestamp":227743.555,"frameSwapWallTime":1786395346928.148}
{"type":"screencast-frame","pageId":"page@bcd39af0209cd43733a18028cd932dd2","sha1":"page@bcd39af0209cd43733a18028cd932dd2-1786395346951.jpeg","width":929,"height":917,"timestamp":227760.461,"frameSwapWallTime":1786395346944.679}
{"type":"screencast-frame","pageId":"page@bcd39af0209cd43733a18028cd932dd2","sha1":"page@bcd39af0209cd43733a18028cd932dd2-1786395346966.jpeg","width":929,"height":917,"timestamp":227775.858,"frameSwapWallTime":1786395346960.054}
{"type":"screencast-frame","pageId":"page@bcd39af0209cd43733a18028cd932dd2","sha1":"page@bcd39af0209cd43733a18028cd932dd2-1786395346982.jpeg","width":929,"height":917,"timestamp":227791.59,"frameSwapWallTime":1786395346975.479}
{"type":"screencast-frame","pageId":"page@bcd39af0209cd43733a18028cd932dd2","sha1":"page@bcd39af0209cd43733a18028cd932dd2-1786395346997.jpeg","width":929,"height":917,"timestamp":227806.544,"frameSwapWallTime":1786395346991.028}
{"type":"screencast-frame","pageId":"page@bcd39af0209cd43733a18028cd932dd2","sha1":"page@bcd39af0209cd43733a18028cd932dd2-1786395347013.jpeg","width":929,"height":917,"timestamp":227823.065,"frameSwapWallTime":1786395347006.784}
{"type":"screencast-frame","pageId":"page@bcd39af0209cd43733a18028cd932dd2","sha1":"page@bcd39af0209cd43733a18028cd932dd2-1786395347029.jpeg","width":929,"height":917,"timestamp":227838.314,"frameSwapWallTime":1786395347022.5571}
{"type":"screencast-frame","pageId":"page@bcd39af0209cd43733a18028cd932dd2","sha1":"page@bcd39af0209cd43733a18028cd932dd2-1786395347044.jpeg","width":929,"height":917,"timestamp":227853.474,"frameSwapWallTime":1786395347037.657}
{"type":"before","callId":"call@280","startTime":228048.818,"class":"Frame","method":"evaluateExpression","params":{"expression":"(ms) => new Promise((f) => setTimeout(f, ms))","isFunction":true,"arg":{"value":{"n":500},"handles":[]}},"pageId":"page@bcd39af0209cd43733a18028cd932dd2","beforeSnapshot":"before@call@280"}
{"type":"screencast-frame","pageId":"page@bcd39af0209cd43733a18028cd932dd2","sha1":"page@bcd39af0209cd43733a18028cd932dd2-1786395347245.jpeg","width":929,"height":917,"timestamp":228055.095,"frameSwapWallTime":1786395347239.451}
{"type":"frame-snapshot","snapshot":{"callId":"call@280","snapshotName":"before@call@280","pageId":"page@bcd39af0209cd43733a18028cd932dd2","frameId":"frame@40b891a766907a2ceb8521f707111a55","frameUrl":"https://volt-staging.onrender.com/core/app","doctype":"html","html":["HTML",{"__playwright_scroll_top_":"229","lang":"pt-BR"},[[71,18]],[[71,19]],["BODY",{},[[71,20]],["DIV",{"id":"root"},["DIV",{"class":"app-shell min-h-screen"},[[49,34]],["DIV",{"class":"main-shell"},[[49,40]],["MAIN",{"class":"page-content"},["DIV",{"class":"module-page"},[[49,63]],["DIV",{"class":"module-page__body"},["DIV",{"class":"screen-grid"},["DIV",{"class":"panel panel-section"},[[24,3]],["DIV",{"class":"cash-summary"},[[49,83]],["STRONG",{},"R$ 1.126,87"],[[24,5]]],["DIV",{"class":"cash-kpi-grid"},["DIV",{"class":"summary-line"},[[49,90]],["STRONG",{},"R$ 1.551,87"]],[[49,98]],["DIV",{"class":"summary-line"},[[49,100]],["STRONG",{},"16"]],[[24,9]]],[[13,1]],["DIV",{"class":"cash-latest-list"},[[49,118]],["DIV",{},["SPAN",{},"Reforco QA d5bac783"],["SMALL",{},"Entrada"," | ","Dinheiro"," | ","R$ 20,00"," | ","17:55"]],[[49,129]],[[49,140]],[[49,151]]]],[[49,215]]]]]]],["DIV",{"class":"app-toast","role":"status"},"Caixa atualizado."]]],[[71,85]]]],"viewport":{"width":929,"height":917},"timestamp":228089.668,"wallTime":1786395347272,"collectionTime":1.899999976158142,"resourceOverrides":[],"isMainFrame":true}}
{"type":"screencast-frame","pageId":"page@bcd39af0209cd43733a18028cd932dd2","sha1":"page@bcd39af0209cd43733a18028cd932dd2-1786395347286.jpeg","width":929,"height":917,"timestamp":228095.457,"frameSwapWallTime":1786395347275.9631}
{"type":"screencast-frame","pageId":"page@bcd39af0209cd43733a18028cd932dd2","sha1":"page@bcd39af0209cd43733a18028cd932dd2-1786395347294.jpeg","width":929,"height":917,"timestamp":228103.756,"frameSwapWallTime":1786395347287.039}
{"type":"after","callId":"call@280","endTime":228606.531,"result":{"value":{"v":"undefined"}},"afterSnapshot":"after@call@280"}
{"type":"frame-snapshot","snapshot":{"callId":"call@280","snapshotName":"after@call@280","pageId":"page@bcd39af0209cd43733a18028cd932dd2","frameId":"frame@40b891a766907a2ceb8521f707111a55","frameUrl":"https://volt-staging.onrender.com/core/app","doctype":"html","html":[[1,33]],"viewport":{"width":929,"height":917},"timestamp":228608.272,"wallTime":1786395347798,"collectionTime":0.800000011920929,"resourceOverrides":[],"isMainFrame":true}}
{"type":"before","callId":"call@282","startTime":228608.816,"class":"Frame","method":"ariaSnapshot","params":{"mode":"ai","timeout":30000},"pageId":"page@bcd39af0209cd43733a18028cd932dd2"}
{"type":"after","callId":"call@282","endTime":228621.116,"result":{"snapshot":"- generic [ref=e60]:\n  - complementary [ref=e61]:\n    - generic [ref=e63]:\n      - img \"Volt Core\" [ref=e64]\n      - generic [ref=e65]: VOLTCORE\n    - navigation \"Navegacao principal\" [ref=e66]:\n      - button \"Operacao Vendas, clientes e estoque\" [ref=e356] [cursor=pointer]:\n        - generic [ref=e362]:\n          - strong [ref=e363]: Operacao\n          - generic [ref=e364]: Vendas, clientes e estoque\n      - generic [ref=e406]:\n        - button \"Financeiro Caixa, recebiveis e pagamentos\" [expanded] [ref=e407] [cursor=pointer]:\n          - generic [ref=e411]:\n            - strong [ref=e412]: Financeiro\n            - generic [ref=e413]: Caixa, recebiveis e pagamentos\n        - generic [ref=e580]:\n          - button \"Pagamentos\" [ref=e581] [cursor=pointer]\n          - button \"Recebiveis\" [ref=e585] [cursor=pointer]\n          - button \"Caixa\" [ref=e591] [cursor=pointer]\n          - button \"Recibos\" [ref=e596] [cursor=pointer]\n      - button \"Setorial Fluxos do segmento da empresa\" [ref=e418] [cursor=pointer]:\n        - generic [ref=e422]:\n          - strong [ref=e423]: Setorial\n          - generic [ref=e424]: Fluxos do segmento da empresa\n      - button \"Gestao Relatorios e leitura gerencial\" [ref=e429] [cursor=pointer]:\n        - generic [ref=e433]:\n          - strong [ref=e434]: Gestao\n          - generic [ref=e435]: Relatorios e leitura gerencial\n      - button \"Administracao Implantacao, usuarios e parametros\" [ref=e440] [cursor=pointer]:\n        - generic [ref=e445]:\n          - strong [ref=e446]: Administracao\n          - generic [ref=e447]: Implantacao, usuarios e parametros\n    - generic [ref=e127]:\n      - generic [ref=e128]:\n        - generic [ref=e129]: A\n        - generic [ref=e131]:\n          - strong [ref=e132]: Master Volt Core\n          - generic [ref=e133]: Admin master\n      - button \"Sair\" [ref=e136] [cursor=pointer]\n  - generic [ref=e141]:\n    - banner [ref=e142]:\n      - generic [ref=e143]:\n        - heading \"Caixa\" [level=1] [ref=e600]\n        - paragraph [ref=e145]: Abertura, sangria, reforco, conferencia e fechamento.\n      - generic [ref=e146]:\n        - generic [ref=e452]:\n          - text: Empresa\n          - combobox \"Empresa\" [ref=e453]:\n            - option \"Otica Nacional Sabaudia\" [selected]\n        - generic [ref=e454]: \"Setor: Otica\"\n        - generic [ref=e147]: Banco real\n        - button \"Painel master\" [ref=e455] [cursor=pointer]\n        - button \"Master Volt Core\" [ref=e149] [cursor=pointer]\n    - main [ref=e150]:\n      - generic [ref=e601]:\n        - tablist [ref=e602]:\n          - button \"Sessao\" [ref=e603] [cursor=pointer]\n          - button \"Conferencia\" [ref=e607] [cursor=pointer]\n          - button \"Historico\" [ref=e612] [cursor=pointer]\n        - generic [ref=e616]:\n          - generic [ref=e617]:\n            - generic [ref=e618]:\n              - generic [ref=e624]:\n                - heading \"Sessao de caixa\" [level=2] [ref=e625]\n                - paragraph [ref=e626]: Dados e configuracoes do ambiente selecionado.\n              - button \"Fechar caixa\" [ref=e726] [cursor=pointer]\n            - generic [ref=e630]:\n              - generic [ref=e631]: Saldo esperado\n              - strong [ref=e632]: R$ 1.126,87\n              - generic [ref=e633]: Caixa aberto para operacao\n            - generic [ref=e634]:\n              - generic [ref=e635]:\n                - generic [ref=e636]: Entradas\n                - strong [ref=e637]: R$ 1.551,87\n              - generic [ref=e638]:\n                - generic [ref=e639]: Saidas\n                - strong [ref=e640]: \"-R$ 425,00\"\n              - generic [ref=e641]:\n                - generic [ref=e642]: Movimentos\n                - strong [ref=e643]: \"16\"\n              - generic [ref=e644]:\n                - generic [ref=e645]: Status\n                - strong [ref=e646]: Aberto\n            - generic [ref=e647]:\n              - button \"Reforco\" [ref=e648] [cursor=pointer]\n              - button \"Sangria\" [ref=e649] [cursor=pointer]\n              - button \"Conferir\" [ref=e650] [cursor=pointer]\n            - generic [ref=e651]:\n              - strong [ref=e652]: Ultimos movimentos\n              - generic [ref=e759]:\n                - generic [ref=e760]: Reforco QA d5bac783\n                - generic [ref=e761]: Entrada | Dinheiro | R$ 20,00 | 17:55\n              - generic [ref=e653]:\n                - generic [ref=e654]: \"Estorno venda #9\"\n                - generic [ref=e655]: Saida | Pix | R$ 175,00 | 17:10\n              - generic [ref=e656]:\n                - generic [ref=e657]: \"Venda #9\"\n                - generic [ref=e658]: Entrada | Pix | R$ 175,00 | 17:07\n              - generic [ref=e659]:\n                - generic [ref=e660]: \"Estorno venda #8\"\n                - generic [ref=e661]: Saida | Pix | R$ 150,00 | 14:41\n          - generic [ref=e665]:\n            - generic [ref=e672]:\n              - heading \"Rotina do caixa\" [level=2] [ref=e673]\n              - paragraph [ref=e674]: Dados e configuracoes do ambiente selecionado.\n            - generic [ref=e675]:\n              - generic [ref=e676]:\n                - strong [ref=e677]: Reforco\n                - generic [ref=e678]: Entrada manual de dinheiro, como troco adicional.\n              - generic [ref=e679]:\n                - strong [ref=e680]: Sangria\n                - generic [ref=e681]: Retirada de dinheiro para reduzir o valor fisico no caixa.\n              - generic [ref=e682]:\n                - strong [ref=e683]: Conferir\n                - generic [ref=e684]: Compara o valor contado com o saldo esperado pelo sistema.\n              - generic [ref=e685]:\n                - strong [ref=e686]: Recebimento\n                - generic [ref=e687]: Valores recebidos devem aparecer como entrada e reduzir pendencias.\n            - generic [ref=e688]:\n              - generic [ref=e689]:\n                - generic [ref=e690]: Exigir caixa aberto para vender\n                - checkbox \"Exigir caixa aberto para vender\" [checked] [ref=e691]\n              - generic [ref=e692]:\n                - generic [ref=e693]: Permitir sangria por operador\n                - checkbox \"Permitir sangria por operador\" [checked] [ref=e694]\n              - generic [ref=e695]:\n                - generic [ref=e696]: Solicitar senha no fechamento\n                - checkbox \"Solicitar senha no fechamento\" [checked] [ref=e697]\n              - generic [ref=e698]:\n                - generic [ref=e699]: Imprimir relatorio ao fechar\n                - checkbox \"Imprimir relatorio ao fechar\" [checked] [ref=e700]\n  - status [ref=e762]: Caixa atualizado."}}
{"type":"before","callId":"call@284","startTime":228621.735,"class":"Frame","method":"title","params":{},"pageId":"page@bcd39af0209cd43733a18028cd932dd2"}
{"type":"after","callId":"call@284","endTime":228622.802,"result":{"value":"Volt Core"}}
{"type":"before","callId":"call@286","startTime":228623.157,"class":"Page","method":"consoleMessages","params":{"filter":"since-navigation"},"pageId":"page@bcd39af0209cd43733a18028cd932dd2"}
{"type":"after","callId":"call@286","endTime":228623.241,"result":{"messages":[{"type":"error","text":"Failed to load resource: the server responded with a status of 401 ()","args":[],"location":{"url":"https://volt-staging.onrender.com/api/core/auth/me","lineNumber":0,"columnNumber":0},"timestamp":1786395122429.248}]}}
{"type":"before","callId":"call@288","startTime":228623.479,"class":"Page","method":"pageErrors","params":{"filter":"since-navigation"},"pageId":"page@bcd39af0209cd43733a18028cd932dd2"}
{"type":"after","callId":"call@288","endTime":228623.517,"result":{"errors":[]}}
{"type":"screencast-frame","pageId":"page@bcd39af0209cd43733a18028cd932dd2","sha1":"page@bcd39af0209cd43733a18028cd932dd2-1786395349877.jpeg","width":929,"height":917,"timestamp":230686.374,"frameSwapWallTime":1786395349868.102}
{"type":"before","callId":"call@290","startTime":232301.442,"class":"Frame","method":"ariaSnapshot","params":{"mode":"ai","timeout":30000},"pageId":"page@bcd39af0209cd43733a18028cd932dd2"}
{"type":"after","callId":"call@290","endTime":232313.208,"result":{"snapshot":"- generic [ref=e60]:\n  - complementary [ref=e61]:\n    - generic [ref=e63]:\n      - img \"Volt Core\" [ref=e64]\n      - generic [ref=e65]: VOLTCORE\n    - navigation \"Navegacao principal\" [ref=e66]:\n      - button \"Operacao Vendas, clientes e estoque\" [ref=e356] [cursor=pointer]:\n        - generic [ref=e362]:\n          - strong [ref=e363]: Operacao\n          - generic [ref=e364]: Vendas, clientes e estoque\n      - generic [ref=e406]:\n        - button \"Financeiro Caixa, recebiveis e pagamentos\" [expanded] [ref=e407] [cursor=pointer]:\n          - generic [ref=e411]:\n            - strong [ref=e412]: Financeiro\n            - generic [ref=e413]: Caixa, recebiveis e pagamentos\n        - generic [ref=e580]:\n          - button \"Pagamentos\" [ref=e581] [cursor=pointer]\n          - button \"Recebiveis\" [ref=e585] [cursor=pointer]\n          - button \"Caixa\" [ref=e591] [cursor=pointer]\n          - button \"Recibos\" [ref=e596] [cursor=pointer]\n      - button \"Setorial Fluxos do segmento da empresa\" [ref=e418] [cursor=pointer]:\n        - generic [ref=e422]:\n          - strong [ref=e423]: Setorial\n          - generic [ref=e424]: Fluxos do segmento da empresa\n      - button \"Gestao Relatorios e leitura gerencial\" [ref=e429] [cursor=pointer]:\n        - generic [ref=e433]:\n          - strong [ref=e434]: Gestao\n          - generic [ref=e435]: Relatorios e leitura gerencial\n      - button \"Administracao Implantacao, usuarios e parametros\" [ref=e440] [cursor=pointer]:\n        - generic [ref=e445]:\n          - strong [ref=e446]: Administracao\n          - generic [ref=e447]: Implantacao, usuarios e parametros\n    - generic [ref=e127]:\n      - generic [ref=e128]:\n        - generic [ref=e129]: A\n        - generic [ref=e131]:\n          - strong [ref=e132]: Master Volt Core\n          - generic [ref=e133]: Admin master\n      - button \"Sair\" [ref=e136] [cursor=pointer]\n  - generic [ref=e141]:\n    - banner [ref=e142]:\n      - generic [ref=e143]:\n        - heading \"Caixa\" [level=1] [ref=e600]\n        - paragraph [ref=e145]: Abertura, sangria, reforco, conferencia e fechamento.\n      - generic [ref=e146]:\n        - generic [ref=e452]:\n          - text: Empresa\n          - combobox \"Empresa\" [ref=e453]:\n            - option \"Otica Nacional Sabaudia\" [selected]\n        - generic [ref=e454]: \"Setor: Otica\"\n        - generic [ref=e147]: Banco real\n        - button \"Painel master\" [ref=e455] [cursor=pointer]\n        - button \"Master Volt Core\" [ref=e149] [cursor=pointer]\n    - main [ref=e150]:\n      - generic [ref=e601]:\n        - tablist [ref=e602]:\n          - button \"Sessao\" [ref=e603] [cursor=pointer]\n          - button \"Conferencia\" [ref=e607] [cursor=pointer]\n          - button \"Historico\" [ref=e612] [cursor=pointer]\n        - generic [ref=e616]:\n          - generic [ref=e617]:\n            - generic [ref=e618]:\n              - generic [ref=e624]:\n                - heading \"Sessao de caixa\" [level=2] [ref=e625]\n                - paragraph [ref=e626]: Dados e configuracoes do ambiente selecionado.\n              - button \"Fechar caixa\" [ref=e726] [cursor=pointer]\n            - generic [ref=e630]:\n              - generic [ref=e631]: Saldo esperado\n              - strong [ref=e632]: R$ 1.126,87\n              - generic [ref=e633]: Caixa aberto para operacao\n            - generic [ref=e634]:\n              - generic [ref=e635]:\n                - generic [ref=e636]: Entradas\n                - strong [ref=e637]: R$ 1.551,87\n              - generic [ref=e638]:\n                - generic [ref=e639]: Saidas\n                - strong [ref=e640]: \"-R$ 425,00\"\n              - generic [ref=e641]:\n                - generic [ref=e642]: Movimentos\n                - strong [ref=e643]: \"16\"\n              - generic [ref=e644]:\n                - generic [ref=e645]: Status\n                - strong [ref=e646]: Aberto\n            - generic [ref=e647]:\n              - button \"Reforco\" [ref=e648] [cursor=pointer]\n              - button \"Sangria\" [ref=e649] [cursor=pointer]\n              - button \"Conferir\" [ref=e650] [cursor=pointer]\n            - generic [ref=e651]:\n              - strong [ref=e652]: Ultimos movimentos\n              - generic [ref=e759]:\n                - generic [ref=e760]: Reforco QA d5bac783\n                - generic [ref=e761]: Entrada | Dinheiro | R$ 20,00 | 17:55\n              - generic [ref=e653]:\n                - generic [ref=e654]: \"Estorno venda #9\"\n                - generic [ref=e655]: Saida | Pix | R$ 175,00 | 17:10\n              - generic [ref=e656]:\n                - generic [ref=e657]: \"Venda #9\"\n                - generic [ref=e658]: Entrada | Pix | R$ 175,00 | 17:07\n              - generic [ref=e659]:\n                - generic [ref=e660]: \"Estorno venda #8\"\n                - generic [ref=e661]: Saida | Pix | R$ 150,00 | 14:41\n          - generic [ref=e665]:\n            - generic [ref=e672]:\n              - heading \"Rotina do caixa\" [level=2] [ref=e673]\n              - paragraph [ref=e674]: Dados e configuracoes do ambiente selecionado.\n            - generic [ref=e675]:\n              - generic [ref=e676]:\n                - strong [ref=e677]: Reforco\n                - generic [ref=e678]: Entrada manual de dinheiro, como troco adicional.\n              - generic [ref=e679]:\n                - strong [ref=e680]: Sangria\n                - generic [ref=e681]: Retirada de dinheiro para reduzir o valor fisico no caixa.\n              - generic [ref=e682]:\n                - strong [ref=e683]: Conferir\n                - generic [ref=e684]: Compara o valor contado com o saldo esperado pelo sistema.\n              - generic [ref=e685]:\n                - strong [ref=e686]: Recebimento\n                - generic [ref=e687]: Valores recebidos devem aparecer como entrada e reduzir pendencias.\n            - generic [ref=e688]:\n              - generic [ref=e689]:\n                - generic [ref=e690]: Exigir caixa aberto para vender\n                - checkbox \"Exigir caixa aberto para vender\" [checked] [ref=e691]\n              - generic [ref=e692]:\n                - generic [ref=e693]: Permitir sangria por operador\n                - checkbox \"Permitir sangria por operador\" [checked] [ref=e694]\n              - generic [ref=e695]:\n                - generic [ref=e696]: Solicitar senha no fechamento\n                - checkbox \"Solicitar senha no fechamento\" [checked] [ref=e697]\n              - generic [ref=e698]:\n                - generic [ref=e699]: Imprimir relatorio ao fechar\n                - checkbox \"Imprimir relatorio ao fechar\" [checked] [ref=e700]"}}
{"type":"before","callId":"call@292","startTime":232313.789,"class":"Frame","method":"title","params":{},"pageId":"page@bcd39af0209cd43733a18028cd932dd2"}
{"type":"after","callId":"call@292","endTime":232314.897,"result":{"value":"Volt Core"}}
{"type":"before","callId":"call@294","startTime":232315.303,"class":"Page","method":"consoleMessages","params":{"filter":"since-navigation"},"pageId":"page@bcd39af0209cd43733a18028cd932dd2"}
{"type":"after","callId":"call@294","endTime":232315.377,"result":{"messages":[{"type":"error","text":"Failed to load resource: the server responded with a status of 401 ()","args":[],"location":{"url":"https://volt-staging.onrender.com/api/core/auth/me","lineNumber":0,"columnNumber":0},"timestamp":1786395122429.248}]}}
{"type":"before","callId":"call@296","startTime":232315.67,"class":"Page","method":"pageErrors","params":{"filter":"since-navigation"},"pageId":"page@bcd39af0209cd43733a18028cd932dd2"}
{"type":"after","callId":"call@296","endTime":232315.713,"result":{"errors":[]}}
{"type":"screencast-frame","pageId":"page@bcd39af0209cd43733a18028cd932dd2","sha1":"page@bcd39af0209cd43733a18028cd932dd2-1786395356743.jpeg","width":929,"height":917,"timestamp":237552.327,"frameSwapWallTime":1786395356735.838}
{"type":"before","callId":"call@298","startTime":244648.189,"class":"Frame","method":"evaluateExpression","params":{"expression":"async (expr) => {\n              const value = eval(`(${expr})`);\n              const isFunction = typeof value === \"function\";\n              const result = await (isFunction ? value() : value);\n              return { result, isFunction };\n            }","isFunction":true,"arg":{"value":{"s":"async () => { const r = await fetch('/api/core/runtime/companies/e602f1a7-44b8-47be-a7ff-45017d7e1003/workspace'); const j = await r.json(); return { cashSummary:j.workspace?.cashSummary, latestSession:j.workspace?.cashSessions?.[0], latestMovement:j.workspace?.cashMovements?.[0] }; }"},"handles":[]}},"pageId":"page@bcd39af0209cd43733a18028cd932dd2","beforeSnapshot":"before@call@298"}
{"type":"frame-snapshot","snapshot":{"callId":"call@298","snapshotName":"before@call@298","pageId":"page@bcd39af0209cd43733a18028cd932dd2","frameId":"frame@40b891a766907a2ceb8521f707111a55","frameUrl":"https://volt-staging.onrender.com/core/app","doctype":"html","html":["HTML",{"__playwright_scroll_top_":"229","lang":"pt-BR"},[[73,18]],[[73,19]],["BODY",{},[[73,20]],["DIV",{"id":"root"},["DIV",{"class":"app-shell min-h-screen"},[[51,34]],[[2,27]]]],[[73,85]]]],"viewport":{"width":929,"height":917},"timestamp":244651.247,"wallTime":1786395363840,"collectionTime":1.800000011920929,"resourceOverrides":[],"isMainFrame":true}}
{"type":"after","callId":"call@298","endTime":244929.512,"result":{"value":{"o":[{"k":"result","v":{"o":[{"k":"cashSummary","v":{"o":[{"k":"balance","v":{"n":70}},{"k":"expectedAmount","v":{"n":70}},{"k":"movementCount","v":{"n":1}},{"k":"movementTotal","v":{"n":20}},{"k":"openingAmount","v":{"n":50}},{"k":"sessionId","v":{"s":"cas_msnpmu9t_ixlujfir"}},{"k":"sessionNumber","v":{"n":3}},{"k":"status","v":{"s":"open"}},{"k":"openedAt","v":{"s":"2026-08-10T20:54:53.630Z"}}],"id":3}},{"k":"latestSession","v":{"o":[{"k":"id","v":{"s":"cas_msnpmu9t_ixlujfir"}},{"k":"number","v":{"n":3}},{"k":"status","v":{"s":"open"}},{"k":"openingAmount","v":{"s":"50.00"}},{"k":"expectedAmount","v":{"s":"50.00"}},{"k":"countedAmount","v":{"v":"null"}},{"k":"differenceAmount","v":{"v":"null"}},{"k":"openedBy","v":{"s":"usr_dd016d710f1c90be7831"}},{"k":"closedBy","v":{"v":"null"}},{"k":"openedAt","v":{"s":"2026-08-10T20:54:53.630Z"}},{"k":"closedAt","v":{"v":"null"}},{"k":"notes","v":{"s":"QA RLS e saldo de caixa d5bac783"}}],"id":4}},{"k":"latestMovement","v":{"o":[{"k":"id","v":{"s":"mov_msnpnyz5_p4z22i8d"}},{"k":"sessionId","v":{"v":"null"}},{"k":"type","v":{"s":"entry"}},{"k":"sourceType","v":{"s":"manual"}},{"k":"sourceId","v":{"v":"null"}},{"k":"paymentMethod","v":{"s":"cash"}},{"k":"amount","v":{"s":"20.00"}},{"k":"description","v":{"s":"Reforco QA d5bac783"}},{"k":"actorUserId","v":{"s":"usr_dd016d710f1c90be7831"}},{"k":"operationalAt","v":{"s":"2026-08-10T20:55:46.385Z"}},{"k":"createdAt","v":{"s":"2026-08-10T20:55:46.391Z"}}],"id":5}}],"id":2}},{"k":"isFunction","v":{"b":true}}],"id":1}},"afterSnapshot":"after@call@298"}
{"type":"frame-snapshot","snapshot":{"callId":"call@298","snapshotName":"after@call@298","pageId":"page@bcd39af0209cd43733a18028cd932dd2","frameId":"frame@40b891a766907a2ceb8521f707111a55","frameUrl":"https://volt-staging.onrender.com/core/app","doctype":"html","html":[[1,3]],"viewport":{"width":929,"height":917},"timestamp":244937.906,"wallTime":1786395364122,"collectionTime":1.2999999523162842,"resourceOverrides":[],"isMainFrame":true}}
{"type":"before","callId":"call@300","startTime":244938.747,"class":"Frame","method":"evaluateExpression","params":{"expression":"(ms) => new Promise((f) => setTimeout(f, ms))","isFunction":true,"arg":{"value":{"n":500},"handles":[]}},"pageId":"page@bcd39af0209cd43733a18028cd932dd2","beforeSnapshot":"before@call@300"}
{"type":"frame-snapshot","snapshot":{"callId":"call@300","snapshotName":"before@call@300","pageId":"page@bcd39af0209cd43733a18028cd932dd2","frameId":"frame@40b891a766907a2ceb8521f707111a55","frameUrl":"https://volt-staging.onrender.com/core/app","doctype":"html","html":[[2,3]],"viewport":{"width":929,"height":917},"timestamp":244941.168,"wallTime":1786395364130,"collectionTime":1.5,"resourceOverrides":[],"isMainFrame":true}}
{"type":"after","callId":"call@300","endTime":245449.189,"result":{"value":{"v":"undefined"}},"afterSnapshot":"after@call@300"}
{"type":"frame-snapshot","snapshot":{"callId":"call@300","snapshotName":"after@call@300","pageId":"page@bcd39af0209cd43733a18028cd932dd2","frameId":"frame@40b891a766907a2ceb8521f707111a55","frameUrl":"https://volt-staging.onrender.com/core/app","doctype":"html","html":[[3,3]],"viewport":{"width":929,"height":917},"timestamp":245451.436,"wallTime":1786395364641,"collectionTime":1.2000000476837158,"resourceOverrides":[],"isMainFrame":true}}
{"type":"before","callId":"call@303","startTime":245452.265,"class":"Frame","method":"evaluateExpression","params":{"expression":"(ms) => new Promise((f) => setTimeout(f, ms))","isFunction":true,"arg":{"value":{"n":500},"handles":[]}},"pageId":"page@bcd39af0209cd43733a18028cd932dd2","beforeSnapshot":"before@call@303"}
{"type":"frame-snapshot","snapshot":{"callId":"call@303","snapshotName":"before@call@303","pageId":"page@bcd39af0209cd43733a18028cd932dd2","frameId":"frame@40b891a766907a2ceb8521f707111a55","frameUrl":"https://volt-staging.onrender.com/core/app","doctype":"html","html":[[4,3]],"viewport":{"width":929,"height":917},"timestamp":245454.216,"wallTime":1786395364643,"collectionTime":1.199999988079071,"resourceOverrides":[],"isMainFrame":true}}
{"type":"after","callId":"call@303","endTime":245958.03,"result":{"value":{"v":"undefined"}},"afterSnapshot":"after@call@303"}
{"type":"frame-snapshot","snapshot":{"callId":"call@303","snapshotName":"after@call@303","pageId":"page@bcd39af0209cd43733a18028cd932dd2","frameId":"frame@40b891a766907a2ceb8521f707111a55","frameUrl":"https://volt-staging.onrender.com/core/app","doctype":"html","html":[[5,3]],"viewport":{"width":929,"height":917},"timestamp":245959.788,"wallTime":1786395365149,"collectionTime":0.8999999761581421,"resourceOverrides":[],"isMainFrame":true}}
{"type":"before","callId":"call@305","startTime":245960.183,"class":"Frame","method":"title","params":{},"pageId":"page@bcd39af0209cd43733a18028cd932dd2"}
{"type":"after","callId":"call@305","endTime":245960.97,"result":{"value":"Volt Core"}}
{"type":"before","callId":"call@307","startTime":245961.351,"class":"Page","method":"consoleMessages","params":{"filter":"since-navigation"},"pageId":"page@bcd39af0209cd43733a18028cd932dd2"}
{"type":"after","callId":"call@307","endTime":245961.425,"result":{"messages":[{"type":"error","text":"Failed to load resource: the server responded with a status of 401 ()","args":[],"location":{"url":"https://volt-staging.onrender.com/api/core/auth/me","lineNumber":0,"columnNumber":0},"timestamp":1786395122429.248}]}}
{"type":"before","callId":"call@309","startTime":245961.705,"class":"Page","method":"pageErrors","params":{"filter":"since-navigation"},"pageId":"page@bcd39af0209cd43733a18028cd932dd2"}
{"type":"after","callId":"call@309","endTime":245961.756,"result":{"errors":[]}}
{"type":"before","callId":"call@312","startTime":256739.173,"class":"Frame","method":"click","params":{"selector":"aria-ref=e726","strict":true,"timeout":5000},"pageId":"page@bcd39af0209cd43733a18028cd932dd2","beforeSnapshot":"before@call@312"}
{"type":"frame-snapshot","snapshot":{"callId":"call@312","snapshotName":"before@call@312","pageId":"page@bcd39af0209cd43733a18028cd932dd2","frameId":"frame@40b891a766907a2ceb8521f707111a55","frameUrl":"https://volt-staging.onrender.com/core/app","doctype":"html","html":[[6,3]],"viewport":{"width":929,"height":917},"timestamp":256742.078,"wallTime":1786395375931,"collectionTime":1.7000000476837158,"resourceOverrides":[],"isMainFrame":true}}
{"type":"log","callId":"call@312","time":256742.386,"message":"waiting for locator('aria-ref=e726')"}
{"type":"log","callId":"call@312","time":256745.233,"message":"  locator resolved to <button type=\"button\" class=\"button-primary\">…</button>"}
{"type":"log","callId":"call@312","time":256746.201,"message":"attempting click action"}
{"type":"log","callId":"call@312","time":256746.271,"message":"  waiting for element to be visible, enabled and stable"}
{"type":"log","callId":"call@312","time":256756.892,"message":"  element is visible, enabled and stable"}
{"type":"log","callId":"call@312","time":256756.928,"message":"  scrolling into view if needed"}
{"type":"log","callId":"call@312","time":256757.832,"message":"  done scrolling"}
{"type":"input","callId":"call@312","point":{"x":783.28,"y":123.5},"inputSnapshot":"input@call@312"}
{"type":"frame-snapshot","snapshot":{"callId":"call@312","snapshotName":"input@call@312","pageId":"page@bcd39af0209cd43733a18028cd932dd2","frameId":"frame@40b891a766907a2ceb8521f707111a55","frameUrl":"https://volt-staging.onrender.com/core/app","doctype":"html","html":["HTML",{"__playwright_scroll_top_":"229","lang":"pt-BR"},[[80,18]],[[80,19]],["BODY",{},[[80,20]],["DIV",{"id":"root"},["DIV",{"class":"app-shell min-h-screen"},[[58,34]],["DIV",{"class":"main-shell"},[[58,40]],["MAIN",{"class":"page-content"},["DIV",{"class":"module-page"},[[58,63]],["DIV",{"class":"module-page__body"},["DIV",{"class":"screen-grid"},["DIV",{"class":"panel panel-section"},["DIV",{"class":"toolbar"},[[58,74]],["DIV",{"class":"toolbar__actions"},["BUTTON",{"__playwright_target__":"","class":"button-primary","type":"button"},[[58,77]],[[33,0]]]]],[[9,2]],[[9,9]],[[22,1]],[[9,21]]],[[58,215]]]]]]]]],[[80,85]]]],"viewport":{"width":929,"height":917},"timestamp":256761.489,"wallTime":1786395375951,"collectionTime":1.600000023841858,"resourceOverrides":[],"isMainFrame":true}}
{"type":"log","callId":"call@312","time":256763.16,"message":"  performing click action"}
{"type":"log","callId":"call@312","time":256771.046,"message":"  click action done"}
{"type":"log","callId":"call@312","time":256771.075,"message":"  waiting for scheduled navigations to finish"}
{"type":"log","callId":"call@312","time":256771.864,"message":"  navigations have finished"}
{"type":"after","callId":"call@312","endTime":256772.027,"afterSnapshot":"after@call@312"}
{"type":"frame-snapshot","snapshot":{"callId":"call@312","snapshotName":"after@call@312","pageId":"page@bcd39af0209cd43733a18028cd932dd2","frameId":"frame@40b891a766907a2ceb8521f707111a55","frameUrl":"https://volt-staging.onrender.com/core/app","doctype":"html","html":["HTML",{"__playwright_scroll_top_":"229","lang":"pt-BR"},[[81,18]],[[81,19]],["BODY",{},[[81,20]],["DIV",{"id":"root"},["DIV",{"class":"app-shell min-h-screen"},[[59,34]],[[1,8]],["DIV",{"class":"modal-backdrop","role":"presentation"},["SECTION",{"class":"modal-shell","role":"dialog","aria-modal":"true","aria-labelledby":"action-modal-title","data-modal":"cashSession"},["HEADER",{"class":"modal-header"},["SPAN",{"class":"card-icon"},["svg",{"xmlns":"http://www.w3.org/2000/svg","width":"23","height":"23","viewBox":"0 0 24 24","fill":"none","stroke":"currentColor","stroke-width":"2","stroke-linecap":"round","stroke-linejoin":"round","class":"lucide lucide-circle-dollar-sign","aria-hidden":"true"},["circle",{"cx":"12","cy":"12","r":"10"}],["path",{"d":"M16 8h-6a2 2 0 1 0 0 4h4a2 2 0 1 1 0 4H8"}],["path",{"d":"M12 18V6"}]]],["DIV",{},["H2",{"id":"action-modal-title"},"Fechar caixa"],["P",{},"Informe o valor contado para calcular a diferenca."]],["BUTTON",{"class":"icon-button","type":"button","aria-label":"Fechar"},["svg",{"xmlns":"http://www.w3.org/2000/svg","width":"18","height":"18","viewBox":"0 0 24 24","fill":"none","stroke":"currentColor","stroke-width":"2","stroke-linecap":"round","stroke-linejoin":"round","class":"lucide lucide-x","aria-hidden":"true"},["path",{"d":"M18 6 6 18"}],["path",{"d":"m6 6 12 12"}]]]],["FORM",{"class":"modal-form"},["DIV",{"class":"form-grid"},["LABEL",{"class":"field-label "},"Valor contado",["INPUT",{"__playwright_value_":"1.126,87","class":"input","inputmode":"decimal","placeholder":"Valor contado","type":"text","value":"1.126,87"}]],["LABEL",{"class":"field-label field-label--wide"},"Observacao",["TEXTAREA",{"__playwright_value_":"","class":"input input--textarea","placeholder":"Observacao"}]]],["FOOTER",{"class":"modal-footer"},["BUTTON",{"class":"button-secondary","type":"button"},"Cancelar"],["BUTTON",{"class":"button-primary","type":"submit"},["svg",{"xmlns":"http://www.w3.org/2000/svg","width":"18","height":"18","viewBox":"0 0 24 24","fill":"none","stroke":"currentColor","stroke-width":"2","stroke-linecap":"round","stroke-linejoin":"round","class":"lucide lucide-circle-check","aria-hidden":"true"},["circle",{"cx":"12","cy":"12","r":"10"}],["path",{"d":"m9 12 2 2 4-4"}]],"Confirmar fechamento"]]]]]]],[[81,85]]]],"viewport":{"width":929,"height":917},"timestamp":256778.04,"wallTime":1786395375967,"collectionTime":2.300000011920929,"resourceOverrides":[],"isMainFrame":true}}
{"type":"before","callId":"call@314","startTime":256778.736,"class":"Frame","method":"evaluateExpression","params":{"expression":"(ms) => new Promise((f) => setTimeout(f, ms))","isFunction":true,"arg":{"value":{"n":500},"handles":[]}},"pageId":"page@bcd39af0209cd43733a18028cd932dd2","beforeSnapshot":"before@call@314"}
{"type":"frame-snapshot","snapshot":{"callId":"call@314","snapshotName":"before@call@314","pageId":"page@bcd39af0209cd43733a18028cd932dd2","frameId":"frame@40b891a766907a2ceb8521f707111a55","frameUrl":"https://volt-staging.onrender.com/core/app","doctype":"html","html":["HTML",{"__playwright_scroll_top_":"229","lang":"pt-BR"},[[82,18]],[[82,19]],["BODY",{},[[82,20]],["DIV",{"id":"root"},["DIV",{"class":"app-shell min-h-screen"},[[60,34]],["DIV",{"class":"main-shell"},[[60,40]],["MAIN",{"class":"page-content"},["DIV",{"class":"module-page"},[[60,63]],["DIV",{"class":"module-page__body"},["DIV",{"class":"screen-grid"},["DIV",{"class":"panel panel-section"},["DIV",{"class":"toolbar"},[[60,74]],["DIV",{"class":"toolbar__actions"},["BUTTON",{"class":"button-primary","type":"button"},[[60,77]],[[35,0]]]]],[[11,2]],[[11,9]],[[24,1]],[[11,21]]],[[60,215]]]]]]],[[1,32]]]],[[82,85]]]],"viewport":{"width":929,"height":917},"timestamp":256782.39,"wallTime":1786395375971,"collectionTime":2.200000047683716,"resourceOverrides":[],"isMainFrame":true}}
{"type":"screencast-frame","pageId":"page@bcd39af0209cd43733a18028cd932dd2","sha1":"page@bcd39af0209cd43733a18028cd932dd2-1786395375995.jpeg","width":929,"height":917,"timestamp":256805.091,"frameSwapWallTime":1786395375992.074}
{"type":"after","callId":"call@314","endTime":257296.919,"result":{"value":{"v":"undefined"}},"afterSnapshot":"after@call@314"}
{"type":"frame-snapshot","snapshot":{"callId":"call@314","snapshotName":"after@call@314","pageId":"page@bcd39af0209cd43733a18028cd932dd2","frameId":"frame@40b891a766907a2ceb8521f707111a55","frameUrl":"https://volt-staging.onrender.com/core/app","doctype":"html","html":[[1,12]],"viewport":{"width":929,"height":917},"timestamp":257298.763,"wallTime":1786395376488,"collectionTime":1,"resourceOverrides":[],"isMainFrame":true}}
{"type":"before","callId":"call@316","startTime":257299.306,"class":"Frame","method":"ariaSnapshot","params":{"mode":"ai","timeout":30000},"pageId":"page@bcd39af0209cd43733a18028cd932dd2"}
{"type":"after","callId":"call@316","endTime":257312.3,"result":{"snapshot":"- generic [ref=e60]:\n  - complementary [ref=e61]:\n    - generic [ref=e63]:\n      - img \"Volt Core\" [ref=e64]\n      - generic [ref=e65]: VOLTCORE\n    - navigation \"Navegacao principal\" [ref=e66]:\n      - button \"Operacao Vendas, clientes e estoque\" [ref=e356] [cursor=pointer]:\n        - generic [ref=e362]:\n          - strong [ref=e363]: Operacao\n          - generic [ref=e364]: Vendas, clientes e estoque\n      - generic [ref=e406]:\n        - button \"Financeiro Caixa, recebiveis e pagamentos\" [expanded] [ref=e407] [cursor=pointer]:\n          - generic [ref=e411]:\n            - strong [ref=e412]: Financeiro\n            - generic [ref=e413]: Caixa, recebiveis e pagamentos\n        - generic [ref=e580]:\n          - button \"Pagamentos\" [ref=e581] [cursor=pointer]\n          - button \"Recebiveis\" [ref=e585] [cursor=pointer]\n          - button \"Caixa\" [ref=e591] [cursor=pointer]\n          - button \"Recibos\" [ref=e596] [cursor=pointer]\n      - button \"Setorial Fluxos do segmento da empresa\" [ref=e418] [cursor=pointer]:\n        - generic [ref=e422]:\n          - strong [ref=e423]: Setorial\n          - generic [ref=e424]: Fluxos do segmento da empresa\n      - button \"Gestao Relatorios e leitura gerencial\" [ref=e429] [cursor=pointer]:\n        - generic [ref=e433]:\n          - strong [ref=e434]: Gestao\n          - generic [ref=e435]: Relatorios e leitura gerencial\n      - button \"Administracao Implantacao, usuarios e parametros\" [ref=e440] [cursor=pointer]:\n        - generic [ref=e445]:\n          - strong [ref=e446]: Administracao\n          - generic [ref=e447]: Implantacao, usuarios e parametros\n    - generic [ref=e127]:\n      - generic [ref=e128]:\n        - generic [ref=e129]: A\n        - generic [ref=e131]:\n          - strong [ref=e132]: Master Volt Core\n          - generic [ref=e133]: Admin master\n      - button \"Sair\" [ref=e136] [cursor=pointer]\n  - generic [ref=e141]:\n    - banner [ref=e142]:\n      - generic [ref=e143]:\n        - heading \"Caixa\" [level=1] [ref=e600]\n        - paragraph [ref=e145]: Abertura, sangria, reforco, conferencia e fechamento.\n      - generic [ref=e146]:\n        - generic [ref=e452]:\n          - text: Empresa\n          - combobox \"Empresa\" [ref=e453]:\n            - option \"Otica Nacional Sabaudia\" [selected]\n        - generic [ref=e454]: \"Setor: Otica\"\n        - generic [ref=e147]: Banco real\n        - button \"Painel master\" [ref=e455] [cursor=pointer]\n        - button \"Master Volt Core\" [ref=e149] [cursor=pointer]\n    - main [ref=e150]:\n      - generic [ref=e601]:\n        - tablist [ref=e602]:\n          - button \"Sessao\" [ref=e603] [cursor=pointer]\n          - button \"Conferencia\" [ref=e607] [cursor=pointer]\n          - button \"Historico\" [ref=e612] [cursor=pointer]\n        - generic [ref=e616]:\n          - generic [ref=e617]:\n            - generic [ref=e618]:\n              - generic [ref=e624]:\n                - heading \"Sessao de caixa\" [level=2] [ref=e625]\n                - paragraph [ref=e626]: Dados e configuracoes do ambiente selecionado.\n              - button \"Fechar caixa\" [active] [ref=e726] [cursor=pointer]\n            - generic [ref=e630]:\n              - generic [ref=e631]: Saldo esperado\n              - strong [ref=e632]: R$ 1.126,87\n              - generic [ref=e633]: Caixa aberto para operacao\n            - generic [ref=e634]:\n              - generic [ref=e635]:\n                - generic [ref=e636]: Entradas\n                - strong [ref=e637]: R$ 1.551,87\n              - generic [ref=e638]:\n                - generic [ref=e639]: Saidas\n                - strong [ref=e640]: \"-R$ 425,00\"\n              - generic [ref=e641]:\n                - generic [ref=e642]: Movimentos\n                - strong [ref=e643]: \"16\"\n              - generic [ref=e644]:\n                - generic [ref=e645]: Status\n                - strong [ref=e646]: Aberto\n            - generic [ref=e647]:\n              - button \"Reforco\" [ref=e648] [cursor=pointer]\n              - button \"Sangria\" [ref=e649] [cursor=pointer]\n              - button \"Conferir\" [ref=e650] [cursor=pointer]\n            - generic [ref=e651]:\n              - strong [ref=e652]: Ultimos movimentos\n              - generic [ref=e759]:\n                - generic [ref=e760]: Reforco QA d5bac783\n                - generic [ref=e761]: Entrada | Dinheiro | R$ 20,00 | 17:55\n              - generic [ref=e653]:\n                - generic [ref=e654]: \"Estorno venda #9\"\n                - generic [ref=e655]: Saida | Pix | R$ 175,00 | 17:10\n              - generic [ref=e656]:\n                - generic [ref=e657]: \"Venda #9\"\n                - generic [ref=e658]: Entrada | Pix | R$ 175,00 | 17:07\n              - generic [ref=e659]:\n                - generic [ref=e660]: \"Estorno venda #8\"\n                - generic [ref=e661]: Saida | Pix | R$ 150,00 | 14:41\n          - generic [ref=e665]:\n            - generic [ref=e672]:\n              - heading \"Rotina do caixa\" [level=2] [ref=e673]\n              - paragraph [ref=e674]: Dados e configuracoes do ambiente selecionado.\n            - generic [ref=e675]:\n              - generic [ref=e676]:\n                - strong [ref=e677]: Reforco\n                - generic [ref=e678]: Entrada manual de dinheiro, como troco adicional.\n              - generic [ref=e679]:\n                - strong [ref=e680]: Sangria\n                - generic [ref=e681]: Retirada de dinheiro para reduzir o valor fisico no caixa.\n              - generic [ref=e682]:\n                - strong [ref=e683]: Conferir\n                - generic [ref=e684]: Compara o valor contado com o saldo esperado pelo sistema.\n              - generic [ref=e685]:\n                - strong [ref=e686]: Recebimento\n                - generic [ref=e687]: Valores recebidos devem aparecer como entrada e reduzir pendencias.\n            - generic [ref=e688]:\n              - generic [ref=e689]:\n                - generic [ref=e690]: Exigir caixa aberto para vender\n                - checkbox \"Exigir caixa aberto para vender\" [checked] [ref=e691]\n              - generic [ref=e692]:\n                - generic [ref=e693]: Permitir sangria por operador\n                - checkbox \"Permitir sangria por operador\" [checked] [ref=e694]\n              - generic [ref=e695]:\n                - generic [ref=e696]: Solicitar senha no fechamento\n                - checkbox \"Solicitar senha no fechamento\" [checked] [ref=e697]\n              - generic [ref=e698]:\n                - generic [ref=e699]: Imprimir relatorio ao fechar\n                - checkbox \"Imprimir relatorio ao fechar\" [checked] [ref=e700]\n  - dialog [ref=e763]:\n    - banner [ref=e764]:\n      - generic [ref=e769]:\n        - heading \"Fechar caixa\" [level=2] [ref=e770]\n        - paragraph [ref=e771]: Informe o valor contado para calcular a diferenca.\n      - button \"Fechar\" [ref=e772] [cursor=pointer]\n    - generic [ref=e776]:\n      - generic [ref=e777]:\n        - generic [ref=e778]:\n          - text: Valor contado\n          - textbox \"Valor contado\" [ref=e779]: 1.126,87\n        - generic [ref=e780]:\n          - text: Observacao\n          - textbox \"Observacao\" [ref=e781]\n      - contentinfo [ref=e782]:\n        - button \"Cancelar\" [ref=e783] [cursor=pointer]\n        - button \"Confirmar fechamento\" [ref=e784] [cursor=pointer]"}}
{"type":"before","callId":"call@318","startTime":257313.056,"class":"Frame","method":"title","params":{},"pageId":"page@bcd39af0209cd43733a18028cd932dd2"}
{"type":"after","callId":"call@318","endTime":257314.282,"result":{"value":"Volt Core"}}
{"type":"before","callId":"call@320","startTime":257314.703,"class":"Page","method":"consoleMessages","params":{"filter":"since-navigation"},"pageId":"page@bcd39af0209cd43733a18028cd932dd2"}
{"type":"after","callId":"call@320","endTime":257314.787,"result":{"messages":[{"type":"error","text":"Failed to load resource: the server responded with a status of 401 ()","args":[],"location":{"url":"https://volt-staging.onrender.com/api/core/auth/me","lineNumber":0,"columnNumber":0},"timestamp":1786395122429.248}]}}
{"type":"before","callId":"call@322","startTime":257315.138,"class":"Page","method":"pageErrors","params":{"filter":"since-navigation"},"pageId":"page@bcd39af0209cd43733a18028cd932dd2"}
{"type":"after","callId":"call@322","endTime":257315.192,"result":{"errors":[]}}
{"type":"before","callId":"call@324","startTime":260373.419,"class":"Frame","method":"ariaSnapshot","params":{"mode":"ai","timeout":30000},"pageId":"page@bcd39af0209cd43733a18028cd932dd2"}
{"type":"after","callId":"call@324","endTime":260382.387,"result":{"snapshot":"- generic [ref=e60]:\n  - complementary [ref=e61]:\n    - generic [ref=e63]:\n      - img \"Volt Core\" [ref=e64]\n      - generic [ref=e65]: VOLTCORE\n    - navigation \"Navegacao principal\" [ref=e66]:\n      - button \"Operacao Vendas, clientes e estoque\" [ref=e356] [cursor=pointer]:\n        - generic [ref=e362]:\n          - strong [ref=e363]: Operacao\n          - generic [ref=e364]: Vendas, clientes e estoque\n      - generic [ref=e406]:\n        - button \"Financeiro Caixa, recebiveis e pagamentos\" [expanded] [ref=e407] [cursor=pointer]:\n          - generic [ref=e411]:\n            - strong [ref=e412]: Financeiro\n            - generic [ref=e413]: Caixa, recebiveis e pagamentos\n        - generic [ref=e580]:\n          - button \"Pagamentos\" [ref=e581] [cursor=pointer]\n          - button \"Recebiveis\" [ref=e585] [cursor=pointer]\n          - button \"Caixa\" [ref=e591] [cursor=pointer]\n          - button \"Recibos\" [ref=e596] [cursor=pointer]\n      - button \"Setorial Fluxos do segmento da empresa\" [ref=e418] [cursor=pointer]:\n        - generic [ref=e422]:\n          - strong [ref=e423]: Setorial\n          - generic [ref=e424]: Fluxos do segmento da empresa\n      - button \"Gestao Relatorios e leitura gerencial\" [ref=e429] [cursor=pointer]:\n        - generic [ref=e433]:\n          - strong [ref=e434]: Gestao\n          - generic [ref=e435]: Relatorios e leitura gerencial\n      - button \"Administracao Implantacao, usuarios e parametros\" [ref=e440] [cursor=pointer]:\n        - generic [ref=e445]:\n          - strong [ref=e446]: Administracao\n          - generic [ref=e447]: Implantacao, usuarios e parametros\n    - generic [ref=e127]:\n      - generic [ref=e128]:\n        - generic [ref=e129]: A\n        - generic [ref=e131]:\n          - strong [ref=e132]: Master Volt Core\n          - generic [ref=e133]: Admin master\n      - button \"Sair\" [ref=e136] [cursor=pointer]\n  - generic [ref=e141]:\n    - banner [ref=e142]:\n      - generic [ref=e143]:\n        - heading \"Caixa\" [level=1] [ref=e600]\n        - paragraph [ref=e145]: Abertura, sangria, reforco, conferencia e fechamento.\n      - generic [ref=e146]:\n        - generic [ref=e452]:\n          - text: Empresa\n          - combobox \"Empresa\" [ref=e453]:\n            - option \"Otica Nacional Sabaudia\" [selected]\n        - generic [ref=e454]: \"Setor: Otica\"\n        - generic [ref=e147]: Banco real\n        - button \"Painel master\" [ref=e455] [cursor=pointer]\n        - button \"Master Volt Core\" [ref=e149] [cursor=pointer]\n    - main [ref=e150]:\n      - generic [ref=e601]:\n        - tablist [ref=e602]:\n          - button \"Sessao\" [ref=e603] [cursor=pointer]\n          - button \"Conferencia\" [ref=e607] [cursor=pointer]\n          - button \"Historico\" [ref=e612] [cursor=pointer]\n        - generic [ref=e616]:\n          - generic [ref=e617]:\n            - generic [ref=e618]:\n              - generic [ref=e624]:\n                - heading \"Sessao de caixa\" [level=2] [ref=e625]\n                - paragraph [ref=e626]: Dados e configuracoes do ambiente selecionado.\n              - button \"Fechar caixa\" [active] [ref=e726] [cursor=pointer]\n            - generic [ref=e630]:\n              - generic [ref=e631]: Saldo esperado\n              - strong [ref=e632]: R$ 1.126,87\n              - generic [ref=e633]: Caixa aberto para operacao\n            - generic [ref=e634]:\n              - generic [ref=e635]:\n                - generic [ref=e636]: Entradas\n                - strong [ref=e637]: R$ 1.551,87\n              - generic [ref=e638]:\n                - generic [ref=e639]: Saidas\n                - strong [ref=e640]: \"-R$ 425,00\"\n              - generic [ref=e641]:\n                - generic [ref=e642]: Movimentos\n                - strong [ref=e643]: \"16\"\n              - generic [ref=e644]:\n                - generic [ref=e645]: Status\n                - strong [ref=e646]: Aberto\n            - generic [ref=e647]:\n              - button \"Reforco\" [ref=e648] [cursor=pointer]\n              - button \"Sangria\" [ref=e649] [cursor=pointer]\n              - button \"Conferir\" [ref=e650] [cursor=pointer]\n            - generic [ref=e651]:\n              - strong [ref=e652]: Ultimos movimentos\n              - generic [ref=e759]:\n                - generic [ref=e760]: Reforco QA d5bac783\n                - generic [ref=e761]: Entrada | Dinheiro | R$ 20,00 | 17:55\n              - generic [ref=e653]:\n                - generic [ref=e654]: \"Estorno venda #9\"\n                - generic [ref=e655]: Saida | Pix | R$ 175,00 | 17:10\n              - generic [ref=e656]:\n                - generic [ref=e657]: \"Venda #9\"\n                - generic [ref=e658]: Entrada | Pix | R$ 175,00 | 17:07\n              - generic [ref=e659]:\n                - generic [ref=e660]: \"Estorno venda #8\"\n                - generic [ref=e661]: Saida | Pix | R$ 150,00 | 14:41\n          - generic [ref=e665]:\n            - generic [ref=e672]:\n              - heading \"Rotina do caixa\" [level=2] [ref=e673]\n              - paragraph [ref=e674]: Dados e configuracoes do ambiente selecionado.\n            - generic [ref=e675]:\n              - generic [ref=e676]:\n                - strong [ref=e677]: Reforco\n                - generic [ref=e678]: Entrada manual de dinheiro, como troco adicional.\n              - generic [ref=e679]:\n                - strong [ref=e680]: Sangria\n                - generic [ref=e681]: Retirada de dinheiro para reduzir o valor fisico no caixa.\n              - generic [ref=e682]:\n                - strong [ref=e683]: Conferir\n                - generic [ref=e684]: Compara o valor contado com o saldo esperado pelo sistema.\n              - generic [ref=e685]:\n                - strong [ref=e686]: Recebimento\n                - generic [ref=e687]: Valores recebidos devem aparecer como entrada e reduzir pendencias.\n            - generic [ref=e688]:\n              - generic [ref=e689]:\n                - generic [ref=e690]: Exigir caixa aberto para vender\n                - checkbox \"Exigir caixa aberto para vender\" [checked] [ref=e691]\n              - generic [ref=e692]:\n                - generic [ref=e693]: Permitir sangria por operador\n                - checkbox \"Permitir sangria por operador\" [checked] [ref=e694]\n              - generic [ref=e695]:\n                - generic [ref=e696]: Solicitar senha no fechamento\n                - checkbox \"Solicitar senha no fechamento\" [checked] [ref=e697]\n              - generic [ref=e698]:\n                - generic [ref=e699]: Imprimir relatorio ao fechar\n                - checkbox \"Imprimir relatorio ao fechar\" [checked] [ref=e700]\n  - dialog [ref=e763]:\n    - banner [ref=e764]:\n      - generic [ref=e769]:\n        - heading \"Fechar caixa\" [level=2] [ref=e770]\n        - paragraph [ref=e771]: Informe o valor contado para calcular a diferenca.\n      - button \"Fechar\" [ref=e772] [cursor=pointer]\n    - generic [ref=e776]:\n      - generic [ref=e777]:\n        - generic [ref=e778]:\n          - text: Valor contado\n          - textbox \"Valor contado\" [ref=e779]: 1.126,87\n        - generic [ref=e780]:\n          - text: Observacao\n          - textbox \"Observacao\" [ref=e781]\n      - contentinfo [ref=e782]:\n        - button \"Cancelar\" [ref=e783] [cursor=pointer]\n        - button \"Confirmar fechamento\" [ref=e784] [cursor=pointer]"}}
{"type":"before","callId":"call@326","startTime":260383.091,"class":"Frame","method":"title","params":{},"pageId":"page@bcd39af0209cd43733a18028cd932dd2"}
{"type":"after","callId":"call@326","endTime":260383.794,"result":{"value":"Volt Core"}}
{"type":"before","callId":"call@328","startTime":260384.088,"class":"Page","method":"consoleMessages","params":{"filter":"since-navigation"},"pageId":"page@bcd39af0209cd43733a18028cd932dd2"}
{"type":"after","callId":"call@328","endTime":260384.129,"result":{"messages":[{"type":"error","text":"Failed to load resource: the server responded with a status of 401 ()","args":[],"location":{"url":"https://volt-staging.onrender.com/api/core/auth/me","lineNumber":0,"columnNumber":0},"timestamp":1786395122429.248}]}}
{"type":"before","callId":"call@330","startTime":260384.375,"class":"Page","method":"pageErrors","params":{"filter":"since-navigation"},"pageId":"page@bcd39af0209cd43733a18028cd932dd2"}
{"type":"after","callId":"call@330","endTime":260384.403,"result":{"errors":[]}}
{"type":"before","callId":"call@333","startTime":272216.213,"class":"Frame","method":"fill","params":{"selector":"aria-ref=e779","strict":true,"value":"70,0","timeout":5000},"pageId":"page@bcd39af0209cd43733a18028cd932dd2","beforeSnapshot":"before@call@333"}
{"type":"frame-snapshot","snapshot":{"callId":"call@333","snapshotName":"before@call@333","pageId":"page@bcd39af0209cd43733a18028cd932dd2","frameId":"frame@40b891a766907a2ceb8521f707111a55","frameUrl":"https://volt-staging.onrender.com/core/app","doctype":"html","html":[[2,12]],"viewport":{"width":929,"height":917},"timestamp":272219.674,"wallTime":1786395391412,"collectionTime":1.699999988079071,"resourceOverrides":[],"isMainFrame":true}}
{"type":"log","callId":"call@333","time":272220.024,"message":"waiting for locator('aria-ref=e779')"}
{"type":"log","callId":"call@333","time":272222.491,"message":"  locator resolved to <input type=\"text\" class=\"input\" value=\"1.126,87\" inputmode=\"decimal\" placeholder=\"Valor contado\"/>"}
{"type":"log","callId":"call@333","time":272223.39,"message":"  fill(\"70,0\")"}
{"type":"log","callId":"call@333","time":272223.405,"message":"attempting fill action"}
{"type":"input","callId":"call@333","inputSnapshot":"input@call@333"}
{"type":"frame-snapshot","snapshot":{"callId":"call@333","snapshotName":"input@call@333","pageId":"page@bcd39af0209cd43733a18028cd932dd2","frameId":"frame@40b891a766907a2ceb8521f707111a55","frameUrl":"https://volt-staging.onrender.com/core/app","doctype":"html","html":["HTML",{"__playwright_scroll_top_":"229","lang":"pt-BR"},[[85,18]],[[85,19]],["BODY",{},[[85,20]],["DIV",{"id":"root"},["DIV",{"class":"app-shell min-h-screen"},[[63,34]],[[3,8]],["DIV",{"class":"modal-backdrop","role":"presentation"},["SECTION",{"class":"modal-shell","role":"dialog","aria-modal":"true","aria-labelledby":"action-modal-title","data-modal":"cashSession"},[[4,14]],["FORM",{"class":"modal-form"},["DIV",{"class":"form-grid"},["LABEL",{"class":"field-label "},[[4,15]],["INPUT",{"__playwright_value_":"1.126,87","__playwright_target__":"","class":"input","inputmode":"decimal","placeholder":"Valor contado","type":"text","value":"1.126,87"}]],[[4,20]]],[[4,29]]]]]]],[[85,85]]]],"viewport":{"width":929,"height":917},"timestamp":272224.99,"wallTime":1786395391418,"collectionTime":0.9000000357627869,"resourceOverrides":[],"isMainFrame":true}}
{"type":"log","callId":"call@333","time":272225.085,"message":"  waiting for element to be visible, enabled and editable"}
{"type":"after","callId":"call@333","endTime":272229.307,"afterSnapshot":"after@call@333"}
{"type":"frame-snapshot","snapshot":{"callId":"call@333","snapshotName":"after@call@333","pageId":"page@bcd39af0209cd43733a18028cd932dd2","frameId":"frame@40b891a766907a2ceb8521f707111a55","frameUrl":"https://volt-staging.onrender.com/core/app","doctype":"html","html":["HTML",{"__playwright_scroll_top_":"229","lang":"pt-BR"},[[86,18]],[[86,19]],["BODY",{},[[86,20]],["DIV",{"id":"root"},["DIV",{"class":"app-shell min-h-screen"},[[64,34]],[[4,8]],["DIV",{"class":"modal-backdrop","role":"presentation"},["SECTION",{"class":"modal-shell","role":"dialog","aria-modal":"true","aria-labelledby":"action-modal-title","data-modal":"cashSession"},[[5,14]],["FORM",{"class":"modal-form"},["DIV",{"class":"form-grid"},["LABEL",{"class":"field-label "},[[5,15]],["INPUT",{"__playwright_value_":"70,0","__playwright_target__":"","class":"input","inputmode":"decimal","placeholder":"Valor contado","type":"text","value":"70,0"}]],[[5,20]]],[[5,29]]]]]]],[[86,85]]]],"viewport":{"width":929,"height":917},"timestamp":272232.41,"wallTime":1786395391425,"collectionTime":1.5,"resourceOverrides":[],"isMainFrame":true}}
{"type":"before","callId":"call@335","startTime":272233.041,"class":"Frame","method":"title","params":{},"pageId":"page@bcd39af0209cd43733a18028cd932dd2"}
{"type":"after","callId":"call@335","endTime":272234.176,"result":{"value":"Volt Core"}}
{"type":"before","callId":"call@337","startTime":272234.486,"class":"Page","method":"consoleMessages","params":{"filter":"since-navigation"},"pageId":"page@bcd39af0209cd43733a18028cd932dd2"}
{"type":"after","callId":"call@337","endTime":272234.531,"result":{"messages":[{"type":"error","text":"Failed to load resource: the server responded with a status of 401 ()","args":[],"location":{"url":"https://volt-staging.onrender.com/api/core/auth/me","lineNumber":0,"columnNumber":0},"timestamp":1786395122429.248}]}}
{"type":"before","callId":"call@339","startTime":272234.704,"class":"Page","method":"pageErrors","params":{"filter":"since-navigation"},"pageId":"page@bcd39af0209cd43733a18028cd932dd2"}
{"type":"after","callId":"call@339","endTime":272234.728,"result":{"errors":[]}}
{"type":"screencast-frame","pageId":"page@bcd39af0209cd43733a18028cd932dd2","sha1":"page@bcd39af0209cd43733a18028cd932dd2-1786395391436.jpeg","width":929,"height":917,"timestamp":272245.522,"frameSwapWallTime":1786395391431.0762}
{"type":"screencast-frame","pageId":"page@bcd39af0209cd43733a18028cd932dd2","sha1":"page@bcd39af0209cd43733a18028cd932dd2-1786395391446.jpeg","width":929,"height":917,"timestamp":272255.904,"frameSwapWallTime":1786395391443.2832}
{"type":"screencast-frame","pageId":"page@bcd39af0209cd43733a18028cd932dd2","sha1":"page@bcd39af0209cd43733a18028cd932dd2-1786395391461.jpeg","width":929,"height":917,"timestamp":272270.233,"frameSwapWallTime":1786395391458.721}
{"type":"screencast-frame","pageId":"page@bcd39af0209cd43733a18028cd932dd2","sha1":"page@bcd39af0209cd43733a18028cd932dd2-1786395391477.jpeg","width":929,"height":917,"timestamp":272286.651,"frameSwapWallTime":1786395391473.8901}
{"type":"screencast-frame","pageId":"page@bcd39af0209cd43733a18028cd932dd2","sha1":"page@bcd39af0209cd43733a18028cd932dd2-1786395391492.jpeg","width":929,"height":917,"timestamp":272301.247,"frameSwapWallTime":1786395391489.179}
{"type":"screencast-frame","pageId":"page@bcd39af0209cd43733a18028cd932dd2","sha1":"page@bcd39af0209cd43733a18028cd932dd2-1786395391506.jpeg","width":929,"height":917,"timestamp":272315.862,"frameSwapWallTime":1786395391504.456}
{"type":"screencast-frame","pageId":"page@bcd39af0209cd43733a18028cd932dd2","sha1":"page@bcd39af0209cd43733a18028cd932dd2-1786395391522.jpeg","width":929,"height":917,"timestamp":272331.875,"frameSwapWallTime":1786395391520.446}
{"type":"screencast-frame","pageId":"page@bcd39af0209cd43733a18028cd932dd2","sha1":"page@bcd39af0209cd43733a18028cd932dd2-1786395391551.jpeg","width":929,"height":917,"timestamp":272361.021,"frameSwapWallTime":1786395391547.873}
{"type":"screencast-frame","pageId":"page@bcd39af0209cd43733a18028cd932dd2","sha1":"page@bcd39af0209cd43733a18028cd932dd2-1786395391568.jpeg","width":929,"height":917,"timestamp":272377.48,"frameSwapWallTime":1786395391564.409}
{"type":"screencast-frame","pageId":"page@bcd39af0209cd43733a18028cd932dd2","sha1":"page@bcd39af0209cd43733a18028cd932dd2-1786395391585.jpeg","width":929,"height":917,"timestamp":272394.712,"frameSwapWallTime":1786395391581.234}
{"type":"screencast-frame","pageId":"page@bcd39af0209cd43733a18028cd932dd2","sha1":"page@bcd39af0209cd43733a18028cd932dd2-1786395391600.jpeg","width":929,"height":917,"timestamp":272409.431,"frameSwapWallTime":1786395391597.852}
{"type":"screencast-frame","pageId":"page@bcd39af0209cd43733a18028cd932dd2","sha1":"page@bcd39af0209cd43733a18028cd932dd2-1786395391984.jpeg","width":929,"height":917,"timestamp":272793.221,"frameSwapWallTime":1786395391981.506}
{"type":"screencast-frame","pageId":"page@bcd39af0209cd43733a18028cd932dd2","sha1":"page@bcd39af0209cd43733a18028cd932dd2-1786395392518.jpeg","width":929,"height":917,"timestamp":273327.887,"frameSwapWallTime":1786395392515.368}
{"type":"screencast-frame","pageId":"page@bcd39af0209cd43733a18028cd932dd2","sha1":"page@bcd39af0209cd43733a18028cd932dd2-1786395393038.jpeg","width":929,"height":917,"timestamp":273847.624,"frameSwapWallTime":1786395393036.0461}
{"type":"screencast-frame","pageId":"page@bcd39af0209cd43733a18028cd932dd2","sha1":"page@bcd39af0209cd43733a18028cd932dd2-1786395393569.jpeg","width":929,"height":917,"timestamp":274378.908,"frameSwapWallTime":1786395393566.489}
{"type":"screencast-frame","pageId":"page@bcd39af0209cd43733a18028cd932dd2","sha1":"page@bcd39af0209cd43733a18028cd932dd2-1786395394104.jpeg","width":929,"height":917,"timestamp":274913.723,"frameSwapWallTime":1786395394100.697}
{"type":"before","callId":"call@342","startTime":275296.242,"class":"Frame","method":"fill","params":{"selector":"aria-ref=e781","strict":true,"value":"Fechamento QA d5bac783 esperado 70","timeout":5000},"pageId":"page@bcd39af0209cd43733a18028cd932dd2","beforeSnapshot":"before@call@342"}
{"type":"frame-snapshot","snapshot":{"callId":"call@342","snapshotName":"before@call@342","pageId":"page@bcd39af0209cd43733a18028cd932dd2","frameId":"frame@40b891a766907a2ceb8521f707111a55","frameUrl":"https://volt-staging.onrender.com/core/app","doctype":"html","html":["HTML",{"__playwright_scroll_top_":"229","lang":"pt-BR"},[[87,18]],[[87,19]],["BODY",{},[[87,20]],["DIV",{"id":"root"},["DIV",{"class":"app-shell min-h-screen"},[[65,34]],[[5,8]],["DIV",{"class":"modal-backdrop","role":"presentation"},["SECTION",{"class":"modal-shell","role":"dialog","aria-modal":"true","aria-labelledby":"action-modal-title","data-modal":"cashSession"},[[6,14]],["FORM",{"class":"modal-form"},["DIV",{"class":"form-grid"},["LABEL",{"class":"field-label "},[[6,15]],["INPUT",{"__playwright_value_":"70,0","class":"input","inputmode":"decimal","placeholder":"Valor contado","type":"text","value":"70,0"}]],[[6,20]]],[[6,29]]]]]]],[[87,85]]]],"viewport":{"width":929,"height":917},"timestamp":275298.346,"wallTime":1786395394491,"collectionTime":1.100000023841858,"resourceOverrides":[],"isMainFrame":true}}
{"type":"log","callId":"call@342","time":275298.574,"message":"waiting for locator('aria-ref=e781')"}
{"type":"log","callId":"call@342","time":275300.472,"message":"  locator resolved to <textarea placeholder=\"Observacao\" class=\"input input--textarea\"></textarea>"}
{"type":"log","callId":"call@342","time":275301.283,"message":"  fill(\"Fechamento QA d5bac783 esperado 70\")"}
{"type":"log","callId":"call@342","time":275301.295,"message":"attempting fill action"}
{"type":"input","callId":"call@342","inputSnapshot":"input@call@342"}
{"type":"frame-snapshot","snapshot":{"callId":"call@342","snapshotName":"input@call@342","pageId":"page@bcd39af0209cd43733a18028cd932dd2","frameId":"frame@40b891a766907a2ceb8521f707111a55","frameUrl":"https://volt-staging.onrender.com/core/app","doctype":"html","html":["HTML",{"__playwright_scroll_top_":"229","lang":"pt-BR"},[[88,18]],[[88,19]],["BODY",{},[[88,20]],["DIV",{"id":"root"},["DIV",{"class":"app-shell min-h-screen"},[[66,34]],[[6,8]],["DIV",{"class":"modal-backdrop","role":"presentation"},["SECTION",{"class":"modal-shell","role":"dialog","aria-modal":"true","aria-labelledby":"action-modal-title","data-modal":"cashSession"},[[7,14]],["FORM",{"class":"modal-form"},["DIV",{"class":"form-grid"},[[1,1]],["LABEL",{"class":"field-label field-label--wide"},[[7,18]],["TEXTAREA",{"__playwright_value_":"","__playwright_target__":"","class":"input input--textarea","placeholder":"Observacao"}]]],[[7,29]]]]]]],[[88,85]]]],"viewport":{"width":929,"height":917},"timestamp":275302.87,"wallTime":1786395394496,"collectionTime":0.800000011920929,"resourceOverrides":[],"isMainFrame":true}}
{"type":"log","callId":"call@342","time":275302.955,"message":"  waiting for element to be visible, enabled and editable"}
{"type":"after","callId":"call@342","endTime":275308.258,"afterSnapshot":"after@call@342"}
{"type":"frame-snapshot","snapshot":{"callId":"call@342","snapshotName":"after@call@342","pageId":"page@bcd39af0209cd43733a18028cd932dd2","frameId":"frame@40b891a766907a2ceb8521f707111a55","frameUrl":"https://volt-staging.onrender.com/core/app","doctype":"html","html":["HTML",{"__playwright_scroll_top_":"229","lang":"pt-BR"},[[89,18]],[[89,19]],["BODY",{},[[89,20]],["DIV",{"id":"root"},["DIV",{"class":"app-shell min-h-screen"},[[67,34]],[[7,8]],["DIV",{"class":"modal-backdrop","role":"presentation"},["SECTION",{"class":"modal-shell","role":"dialog","aria-modal":"true","aria-labelledby":"action-modal-title","data-modal":"cashSession"},[[8,14]],["FORM",{"class":"modal-form"},["DIV",{"class":"form-grid"},[[2,1]],["LABEL",{"class":"field-label field-label--wide"},[[8,18]],["TEXTAREA",{"__playwright_value_":"Fechamento QA d5bac783 esperado 70","__playwright_target__":"","class":"input input--textarea","placeholder":"Observacao"},"Fechamento QA d5bac783 esperado 70"]]],[[8,29]]]]]]],[[89,85]]]],"viewport":{"width":929,"height":917},"timestamp":275312.444,"wallTime":1786395394505,"collectionTime":1.5,"resourceOverrides":[],"isMainFrame":true}}
{"type":"before","callId":"call@344","startTime":275313.61,"class":"Frame","method":"title","params":{},"pageId":"page@bcd39af0209cd43733a18028cd932dd2"}
{"type":"after","callId":"call@344","endTime":275315.979,"result":{"value":"Volt Core"}}
{"type":"before","callId":"call@346","startTime":275317.243,"class":"Page","method":"consoleMessages","params":{"filter":"since-navigation"},"pageId":"page@bcd39af0209cd43733a18028cd932dd2"}
{"type":"after","callId":"call@346","endTime":275317.335,"result":{"messages":[{"type":"error","text":"Failed to load resource: the server responded with a status of 401 ()","args":[],"location":{"url":"https://volt-staging.onrender.com/api/core/auth/me","lineNumber":0,"columnNumber":0},"timestamp":1786395122429.248}]}}
{"type":"before","callId":"call@348","startTime":275317.84,"class":"Page","method":"pageErrors","params":{"filter":"since-navigation"},"pageId":"page@bcd39af0209cd43733a18028cd932dd2"}
{"type":"after","callId":"call@348","endTime":275317.903,"result":{"errors":[]}}
{"type":"screencast-frame","pageId":"page@bcd39af0209cd43733a18028cd932dd2","sha1":"page@bcd39af0209cd43733a18028cd932dd2-1786395394510.jpeg","width":929,"height":917,"timestamp":275319.885,"frameSwapWallTime":1786395394506.495}
{"type":"screencast-frame","pageId":"page@bcd39af0209cd43733a18028cd932dd2","sha1":"page@bcd39af0209cd43733a18028cd932dd2-1786395394513.jpeg","width":929,"height":917,"timestamp":275322.57,"frameSwapWallTime":1786395394509.684}
{"type":"screencast-frame","pageId":"page@bcd39af0209cd43733a18028cd932dd2","sha1":"page@bcd39af0209cd43733a18028cd932dd2-1786395394527.jpeg","width":929,"height":917,"timestamp":275337.003,"frameSwapWallTime":1786395394525.326}
{"type":"screencast-frame","pageId":"page@bcd39af0209cd43733a18028cd932dd2","sha1":"page@bcd39af0209cd43733a18028cd932dd2-1786395394543.jpeg","width":929,"height":917,"timestamp":275352.436,"frameSwapWallTime":1786395394540.447}
{"type":"screencast-frame","pageId":"page@bcd39af0209cd43733a18028cd932dd2","sha1":"page@bcd39af0209cd43733a18028cd932dd2-1786395394571.jpeg","width":929,"height":917,"timestamp":275381.037,"frameSwapWallTime":1786395394567.529}
{"type":"screencast-frame","pageId":"page@bcd39af0209cd43733a18028cd932dd2","sha1":"page@bcd39af0209cd43733a18028cd932dd2-1786395394588.jpeg","width":929,"height":917,"timestamp":275397.686,"frameSwapWallTime":1786395394584.1948}
{"type":"screencast-frame","pageId":"page@bcd39af0209cd43733a18028cd932dd2","sha1":"page@bcd39af0209cd43733a18028cd932dd2-1786395394605.jpeg","width":929,"height":917,"timestamp":275414.635,"frameSwapWallTime":1786395394600.95}
{"type":"screencast-frame","pageId":"page@bcd39af0209cd43733a18028cd932dd2","sha1":"page@bcd39af0209cd43733a18028cd932dd2-1786395394621.jpeg","width":929,"height":917,"timestamp":275430.344,"frameSwapWallTime":1786395394617.788}
{"type":"screencast-frame","pageId":"page@bcd39af0209cd43733a18028cd932dd2","sha1":"page@bcd39af0209cd43733a18028cd932dd2-1786395394638.jpeg","width":929,"height":917,"timestamp":275448.044,"frameSwapWallTime":1786395394634.346}
{"type":"screencast-frame","pageId":"page@bcd39af0209cd43733a18028cd932dd2","sha1":"page@bcd39af0209cd43733a18028cd932dd2-1786395394653.jpeg","width":929,"height":917,"timestamp":275463.056,"frameSwapWallTime":1786395394650.2869}
{"type":"screencast-frame","pageId":"page@bcd39af0209cd43733a18028cd932dd2","sha1":"page@bcd39af0209cd43733a18028cd932dd2-1786395394669.jpeg","width":929,"height":917,"timestamp":275478.334,"frameSwapWallTime":1786395394665.668}
{"type":"screencast-frame","pageId":"page@bcd39af0209cd43733a18028cd932dd2","sha1":"page@bcd39af0209cd43733a18028cd932dd2-1786395395054.jpeg","width":929,"height":917,"timestamp":275863.946,"frameSwapWallTime":1786395395051.399}
{"type":"screencast-frame","pageId":"page@bcd39af0209cd43733a18028cd932dd2","sha1":"page@bcd39af0209cd43733a18028cd932dd2-1786395395575.jpeg","width":929,"height":917,"timestamp":276384.666,"frameSwapWallTime":1786395395572.427}
{"type":"screencast-frame","pageId":"page@bcd39af0209cd43733a18028cd932dd2","sha1":"page@bcd39af0209cd43733a18028cd932dd2-1786395396115.jpeg","width":929,"height":917,"timestamp":276924.46,"frameSwapWallTime":1786395396113.0469}
{"type":"screencast-frame","pageId":"page@bcd39af0209cd43733a18028cd932dd2","sha1":"page@bcd39af0209cd43733a18028cd932dd2-1786395396639.jpeg","width":929,"height":917,"timestamp":277448.741,"frameSwapWallTime":1786395396636.498}
{"type":"screencast-frame","pageId":"page@bcd39af0209cd43733a18028cd932dd2","sha1":"page@bcd39af0209cd43733a18028cd932dd2-1786395397172.jpeg","width":929,"height":917,"timestamp":277982.101,"frameSwapWallTime":1786395397170.083}
{"type":"screencast-frame","pageId":"page@bcd39af0209cd43733a18028cd932dd2","sha1":"page@bcd39af0209cd43733a18028cd932dd2-1786395397689.jpeg","width":929,"height":917,"timestamp":278498.594,"frameSwapWallTime":1786395397686.9832}
{"type":"before","callId":"call@351","startTime":278643.299,"class":"Frame","method":"click","params":{"selector":"aria-ref=e784","strict":true,"timeout":5000},"pageId":"page@bcd39af0209cd43733a18028cd932dd2","beforeSnapshot":"before@call@351"}
{"type":"frame-snapshot","snapshot":{"callId":"call@351","snapshotName":"before@call@351","pageId":"page@bcd39af0209cd43733a18028cd932dd2","frameId":"frame@40b891a766907a2ceb8521f707111a55","frameUrl":"https://volt-staging.onrender.com/core/app","doctype":"html","html":["HTML",{"__playwright_scroll_top_":"229","lang":"pt-BR"},[[90,18]],[[90,19]],["BODY",{},[[90,20]],["DIV",{"id":"root"},["DIV",{"class":"app-shell min-h-screen"},[[68,34]],[[8,8]],["DIV",{"class":"modal-backdrop","role":"presentation"},["SECTION",{"class":"modal-shell","role":"dialog","aria-modal":"true","aria-labelledby":"action-modal-title","data-modal":"cashSession"},[[9,14]],["FORM",{"class":"modal-form"},["DIV",{"class":"form-grid"},[[3,1]],["LABEL",{"class":"field-label field-label--wide"},[[9,18]],["TEXTAREA",{"__playwright_value_":"Fechamento QA d5bac783 esperado 70","class":"input input--textarea","placeholder":"Observacao"},[[1,0]]]]],[[9,29]]]]]]],[[90,85]]]],"viewport":{"width":929,"height":917},"timestamp":278646.383,"wallTime":1786395397839,"collectionTime":1.7000000476837158,"resourceOverrides":[],"isMainFrame":true}}
{"type":"log","callId":"call@351","time":278646.721,"message":"waiting for locator('aria-ref=e784')"}
{"type":"log","callId":"call@351","time":278649.508,"message":"  locator resolved to <button type=\"submit\" class=\"button-primary\">…</button>"}
{"type":"log","callId":"call@351","time":278650.23,"message":"attempting click action"}
{"type":"log","callId":"call@351","time":278650.277,"message":"  waiting for element to be visible, enabled and stable"}
{"type":"log","callId":"call@351","time":278661.881,"message":"  element is visible, enabled and stable"}
{"type":"log","callId":"call@351","time":278661.926,"message":"  scrolling into view if needed"}
{"type":"log","callId":"call@351","time":278662.716,"message":"  done scrolling"}
{"type":"input","callId":"call@351","point":{"x":658.03,"y":628.75},"inputSnapshot":"input@call@351"}
{"type":"frame-snapshot","snapshot":{"callId":"call@351","snapshotName":"input@call@351","pageId":"page@bcd39af0209cd43733a18028cd932dd2","frameId":"frame@40b891a766907a2ceb8521f707111a55","frameUrl":"https://volt-staging.onrender.com/core/app","doctype":"html","html":["HTML",{"__playwright_scroll_top_":"229","lang":"pt-BR"},[[91,18]],[[91,19]],["BODY",{},[[91,20]],["DIV",{"id":"root"},["DIV",{"class":"app-shell min-h-screen"},[[69,34]],[[9,8]],["DIV",{"class":"modal-backdrop","role":"presentation"},["SECTION",{"class":"modal-shell","role":"dialog","aria-modal":"true","aria-labelledby":"action-modal-title","data-modal":"cashSession"},[[10,14]],["FORM",{"class":"modal-form"},[[1,2]],["FOOTER",{"class":"modal-footer"},[[10,23]],["BUTTON",{"__playwright_target__":"","class":"button-primary","type":"submit"},[[10,26]],[[10,27]]]]]]]]],[[91,85]]]],"viewport":{"width":929,"height":917},"timestamp":278665.124,"wallTime":1786395397858,"collectionTime":0.800000011920929,"resourceOverrides":[],"isMainFrame":true}}
{"type":"log","callId":"call@351","time":278666.353,"message":"  performing click action"}
{"type":"log","callId":"call@351","time":278672.817,"message":"  click action done"}
{"type":"log","callId":"call@351","time":278672.835,"message":"  waiting for scheduled navigations to finish"}
{"type":"log","callId":"call@351","time":278673.536,"message":"  navigations have finished"}
{"type":"after","callId":"call@351","endTime":278673.659,"afterSnapshot":"after@call@351"}
{"type":"frame-snapshot","snapshot":{"callId":"call@351","snapshotName":"after@call@351","pageId":"page@bcd39af0209cd43733a18028cd932dd2","frameId":"frame@40b891a766907a2ceb8521f707111a55","frameUrl":"https://volt-staging.onrender.com/core/app","doctype":"html","html":["HTML",{"__playwright_scroll_top_":"229","lang":"pt-BR"},[[92,18]],[[92,19]],["BODY",{},[[92,20]],["DIV",{"id":"root"},["DIV",{"class":"app-shell min-h-screen"},[[70,34]],[[10,8]],["DIV",{"class":"modal-backdrop","role":"presentation"},["SECTION",{"class":"modal-shell","role":"dialog","aria-modal":"true","aria-labelledby":"action-modal-title","data-modal":"cashSession"},[[11,14]],["FORM",{"class":"modal-form"},[[2,2]],["FOOTER",{"class":"modal-footer"},[[11,23]],["BUTTON",{"__playwright_target__":"","class":"button-primary","type":"submit","disabled":""},["SPAN",{"class":"spinner"}],"Salvando..."]]]]]]],[[92,85]]]],"viewport":{"width":929,"height":917},"timestamp":278675.595,"wallTime":1786395397868,"collectionTime":1,"resourceOverrides":[],"isMainFrame":true}}
{"type":"before","callId":"call@353","startTime":278676.275,"class":"Frame","method":"evaluateExpression","params":{"expression":"(ms) => new Promise((f) => setTimeout(f, ms))","isFunction":true,"arg":{"value":{"n":500},"handles":[]}},"pageId":"page@bcd39af0209cd43733a18028cd932dd2","beforeSnapshot":"before@call@353"}
{"type":"frame-snapshot","snapshot":{"callId":"call@353","snapshotName":"before@call@353","pageId":"page@bcd39af0209cd43733a18028cd932dd2","frameId":"frame@40b891a766907a2ceb8521f707111a55","frameUrl":"https://volt-staging.onrender.com/core/app","doctype":"html","html":["HTML",{"__playwright_scroll_top_":"229","lang":"pt-BR"},[[93,18]],[[93,19]],["BODY",{},[[93,20]],["DIV",{"id":"root"},["DIV",{"class":"app-shell min-h-screen"},[[71,34]],[[11,8]],["DIV",{"class":"modal-backdrop","role":"presentation"},["SECTION",{"class":"modal-shell","role":"dialog","aria-modal":"true","aria-labelledby":"action-modal-title","data-modal":"cashSession"},[[12,14]],["FORM",{"class":"modal-form"},[[3,2]],["FOOTER",{"class":"modal-footer"},[[12,23]],["BUTTON",{"class":"button-primary","type":"submit","disabled":""},[[1,0]],[[1,1]]]]]]]]],[[93,85]]]],"viewport":{"width":929,"height":917},"timestamp":278678.636,"wallTime":1786395397871,"collectionTime":1.300000011920929,"resourceOverrides":[],"isMainFrame":true}}
{"type":"screencast-frame","pageId":"page@bcd39af0209cd43733a18028cd932dd2","sha1":"page@bcd39af0209cd43733a18028cd932dd2-1786395397891.jpeg","width":929,"height":917,"timestamp":278700.696,"frameSwapWallTime":1786395397887.383}
{"type":"screencast-frame","pageId":"page@bcd39af0209cd43733a18028cd932dd2","sha1":"page@bcd39af0209cd43733a18028cd932dd2-1786395397903.jpeg","width":929,"height":917,"timestamp":278712.857,"frameSwapWallTime":1786395397900.425}
{"type":"screencast-frame","pageId":"page@bcd39af0209cd43733a18028cd932dd2","sha1":"page@bcd39af0209cd43733a18028cd932dd2-1786395397918.jpeg","width":929,"height":917,"timestamp":278727.222,"frameSwapWallTime":1786395397915.7988}
{"type":"screencast-frame","pageId":"page@bcd39af0209cd43733a18028cd932dd2","sha1":"page@bcd39af0209cd43733a18028cd932dd2-1786395397933.jpeg","width":929,"height":917,"timestamp":278742.698,"frameSwapWallTime":1786395397931.149}
{"type":"screencast-frame","pageId":"page@bcd39af0209cd43733a18028cd932dd2","sha1":"page@bcd39af0209cd43733a18028cd932dd2-1786395397950.jpeg","width":929,"height":917,"timestamp":278759.431,"frameSwapWallTime":1786395397946.7312}
{"type":"screencast-frame","pageId":"page@bcd39af0209cd43733a18028cd932dd2","sha1":"page@bcd39af0209cd43733a18028cd932dd2-1786395397964.jpeg","width":929,"height":917,"timestamp":278774.13,"frameSwapWallTime":1786395397961.7861}
{"type":"screencast-frame","pageId":"page@bcd39af0209cd43733a18028cd932dd2","sha1":"page@bcd39af0209cd43733a18028cd932dd2-1786395397979.jpeg","width":929,"height":917,"timestamp":278788.513,"frameSwapWallTime":1786395397977.13}
{"type":"screencast-frame","pageId":"page@bcd39af0209cd43733a18028cd932dd2","sha1":"page@bcd39af0209cd43733a18028cd932dd2-1786395398008.jpeg","width":929,"height":917,"timestamp":278817.852,"frameSwapWallTime":1786395398004.28}
{"type":"screencast-frame","pageId":"page@bcd39af0209cd43733a18028cd932dd2","sha1":"page@bcd39af0209cd43733a18028cd932dd2-1786395398025.jpeg","width":929,"height":917,"timestamp":278834.347,"frameSwapWallTime":1786395398021.163}
{"type":"screencast-frame","pageId":"page@bcd39af0209cd43733a18028cd932dd2","sha1":"page@bcd39af0209cd43733a18028cd932dd2-1786395398041.jpeg","width":929,"height":917,"timestamp":278850.81,"frameSwapWallTime":1786395398037.872}
{"type":"screencast-frame","pageId":"page@bcd39af0209cd43733a18028cd932dd2","sha1":"page@bcd39af0209cd43733a18028cd932dd2-1786395398058.jpeg","width":929,"height":917,"timestamp":278867.887,"frameSwapWallTime":1786395398054.61}
{"type":"screencast-frame","pageId":"page@bcd39af0209cd43733a18028cd932dd2","sha1":"page@bcd39af0209cd43733a18028cd932dd2-1786395398075.jpeg","width":929,"height":917,"timestamp":278884.296,"frameSwapWallTime":1786395398071.6309}
{"type":"screencast-frame","pageId":"page@bcd39af0209cd43733a18028cd932dd2","sha1":"page@bcd39af0209cd43733a18028cd932dd2-1786395398091.jpeg","width":929,"height":917,"timestamp":278900.846,"frameSwapWallTime":1786395398087.826}
{"type":"screencast-frame","pageId":"page@bcd39af0209cd43733a18028cd932dd2","sha1":"page@bcd39af0209cd43733a18028cd932dd2-1786395398108.jpeg","width":929,"height":917,"timestamp":278918.045,"frameSwapWallTime":1786395398104.768}
{"type":"screencast-frame","pageId":"page@bcd39af0209cd43733a18028cd932dd2","sha1":"page@bcd39af0209cd43733a18028cd932dd2-1786395398125.jpeg","width":929,"height":917,"timestamp":278934.315,"frameSwapWallTime":1786395398121.5059}
{"type":"screencast-frame","pageId":"page@bcd39af0209cd43733a18028cd932dd2","sha1":"page@bcd39af0209cd43733a18028cd932dd2-1786395398140.jpeg","width":929,"height":917,"timestamp":278950.216,"frameSwapWallTime":1786395398137.355}
{"type":"screencast-frame","pageId":"page@bcd39af0209cd43733a18028cd932dd2","sha1":"page@bcd39af0209cd43733a18028cd932dd2-1786395398156.jpeg","width":929,"height":917,"timestamp":278965.585,"frameSwapWallTime":1786395398152.3499}
{"type":"screencast-frame","pageId":"page@bcd39af0209cd43733a18028cd932dd2","sha1":"page@bcd39af0209cd43733a18028cd932dd2-1786395398170.jpeg","width":929,"height":917,"timestamp":278980.102,"frameSwapWallTime":1786395398167.137}
{"type":"screencast-frame","pageId":"page@bcd39af0209cd43733a18028cd932dd2","sha1":"page@bcd39af0209cd43733a18028cd932dd2-1786395398186.jpeg","width":929,"height":917,"timestamp":278995.365,"frameSwapWallTime":1786395398182.942}
{"type":"screencast-frame","pageId":"page@bcd39af0209cd43733a18028cd932dd2","sha1":"page@bcd39af0209cd43733a18028cd932dd2-1786395398202.jpeg","width":929,"height":917,"timestamp":279011.652,"frameSwapWallTime":1786395398199.229}
{"type":"screencast-frame","pageId":"page@bcd39af0209cd43733a18028cd932dd2","sha1":"page@bcd39af0209cd43733a18028cd932dd2-1786395398218.jpeg","width":929,"height":917,"timestamp":279027.641,"frameSwapWallTime":1786395398215.197}
{"type":"screencast-frame","pageId":"page@bcd39af0209cd43733a18028cd932dd2","sha1":"page@bcd39af0209cd43733a18028cd932dd2-1786395398233.jpeg","width":929,"height":917,"timestamp":279042.275,"frameSwapWallTime":1786395398230.8308}
{"type":"screencast-frame","pageId":"page@bcd39af0209cd43733a18028cd932dd2","sha1":"page@bcd39af0209cd43733a18028cd932dd2-1786395398250.jpeg","width":929,"height":917,"timestamp":279059.572,"frameSwapWallTime":1786395398247.415}
{"type":"screencast-frame","pageId":"page@bcd39af0209cd43733a18028cd932dd2","sha1":"page@bcd39af0209cd43733a18028cd932dd2-1786395398265.jpeg","width":929,"height":917,"timestamp":279074.939,"frameSwapWallTime":1786395398262.537}
{"type":"screencast-frame","pageId":"page@bcd39af0209cd43733a18028cd932dd2","sha1":"page@bcd39af0209cd43733a18028cd932dd2-1786395398281.jpeg","width":929,"height":917,"timestamp":279091.09,"frameSwapWallTime":1786395398278.794}
{"type":"screencast-frame","pageId":"page@bcd39af0209cd43733a18028cd932dd2","sha1":"page@bcd39af0209cd43733a18028cd932dd2-1786395398296.jpeg","width":929,"height":917,"timestamp":279106.185,"frameSwapWallTime":1786395398294.652}
{"type":"screencast-frame","pageId":"page@bcd39af0209cd43733a18028cd932dd2","sha1":"page@bcd39af0209cd43733a18028cd932dd2-1786395398311.jpeg","width":929,"height":917,"timestamp":279121.195,"frameSwapWallTime":1786395398309.687}
{"type":"screencast-frame","pageId":"page@bcd39af0209cd43733a18028cd932dd2","sha1":"page@bcd39af0209cd43733a18028cd932dd2-1786395398327.jpeg","width":929,"height":917,"timestamp":279136.545,"frameSwapWallTime":1786395398325.307}
{"type":"screencast-frame","pageId":"page@bcd39af0209cd43733a18028cd932dd2","sha1":"page@bcd39af0209cd43733a18028cd932dd2-1786395398359.jpeg","width":929,"height":917,"timestamp":279168.489,"frameSwapWallTime":1786395398355.361}
{"type":"screencast-frame","pageId":"page@bcd39af0209cd43733a18028cd932dd2","sha1":"page@bcd39af0209cd43733a18028cd932dd2-1786395398373.jpeg","width":929,"height":917,"timestamp":279182.851,"frameSwapWallTime":1786395398370.9011}
{"type":"after","callId":"call@353","endTime":279194.108,"result":{"value":{"v":"undefined"}},"afterSnapshot":"after@call@353"}
{"type":"frame-snapshot","snapshot":{"callId":"call@353","snapshotName":"after@call@353","pageId":"page@bcd39af0209cd43733a18028cd932dd2","frameId":"frame@40b891a766907a2ceb8521f707111a55","frameUrl":"https://volt-staging.onrender.com/core/app","doctype":"html","html":[[1,8]],"viewport":{"width":929,"height":917},"timestamp":279199.3,"wallTime":1786395398392,"collectionTime":2.099999964237213,"resourceOverrides":[],"isMainFrame":true}}
{"type":"screencast-frame","pageId":"page@bcd39af0209cd43733a18028cd932dd2","sha1":"page@bcd39af0209cd43733a18028cd932dd2-1786395398392.jpeg","width":929,"height":917,"timestamp":279201.686,"frameSwapWallTime":1786395398386.8352}
{"type":"screencast-frame","pageId":"page@bcd39af0209cd43733a18028cd932dd2","sha1":"page@bcd39af0209cd43733a18028cd932dd2-1786395398405.jpeg","width":929,"height":917,"timestamp":279215.066,"frameSwapWallTime":1786395398402.4219}
{"type":"screencast-frame","pageId":"page@bcd39af0209cd43733a18028cd932dd2","sha1":"page@bcd39af0209cd43733a18028cd932dd2-1786395398420.jpeg","width":929,"height":917,"timestamp":279230.022,"frameSwapWallTime":1786395398417.5342}
{"type":"screencast-frame","pageId":"page@bcd39af0209cd43733a18028cd932dd2","sha1":"page@bcd39af0209cd43733a18028cd932dd2-1786395398436.jpeg","width":929,"height":917,"timestamp":279245.585,"frameSwapWallTime":1786395398432.832}
{"type":"screencast-frame","pageId":"page@bcd39af0209cd43733a18028cd932dd2","sha1":"page@bcd39af0209cd43733a18028cd932dd2-1786395398451.jpeg","width":929,"height":917,"timestamp":279260.311,"frameSwapWallTime":1786395398447.959}
{"type":"screencast-frame","pageId":"page@bcd39af0209cd43733a18028cd932dd2","sha1":"page@bcd39af0209cd43733a18028cd932dd2-1786395398467.jpeg","width":929,"height":917,"timestamp":279277.01,"frameSwapWallTime":1786395398464.0142}
{"type":"screencast-frame","pageId":"page@bcd39af0209cd43733a18028cd932dd2","sha1":"page@bcd39af0209cd43733a18028cd932dd2-1786395398482.jpeg","width":929,"height":917,"timestamp":279291.699,"frameSwapWallTime":1786395398479.404}
{"type":"screencast-frame","pageId":"page@bcd39af0209cd43733a18028cd932dd2","sha1":"page@bcd39af0209cd43733a18028cd932dd2-1786395398497.jpeg","width":929,"height":917,"timestamp":279306.825,"frameSwapWallTime":1786395398495.326}
{"type":"screencast-frame","pageId":"page@bcd39af0209cd43733a18028cd932dd2","sha1":"page@bcd39af0209cd43733a18028cd932dd2-1786395398514.jpeg","width":929,"height":917,"timestamp":279323.891,"frameSwapWallTime":1786395398511.2568}
{"type":"screencast-frame","pageId":"page@bcd39af0209cd43733a18028cd932dd2","sha1":"page@bcd39af0209cd43733a18028cd932dd2-1786395398529.jpeg","width":929,"height":917,"timestamp":279339.135,"frameSwapWallTime":1786395398526.245}
{"type":"screencast-frame","pageId":"page@bcd39af0209cd43733a18028cd932dd2","sha1":"page@bcd39af0209cd43733a18028cd932dd2-1786395398558.jpeg","width":929,"height":917,"timestamp":279368.161,"frameSwapWallTime":1786395398555.072}
{"type":"screencast-frame","pageId":"page@bcd39af0209cd43733a18028cd932dd2","sha1":"page@bcd39af0209cd43733a18028cd932dd2-1786395398576.jpeg","width":929,"height":917,"timestamp":279385.294,"frameSwapWallTime":1786395398571.848}
{"type":"screencast-frame","pageId":"page@bcd39af0209cd43733a18028cd932dd2","sha1":"page@bcd39af0209cd43733a18028cd932dd2-1786395398592.jpeg","width":929,"height":917,"timestamp":279401.673,"frameSwapWallTime":1786395398587.6821}
{"type":"screencast-frame","pageId":"page@bcd39af0209cd43733a18028cd932dd2","sha1":"page@bcd39af0209cd43733a18028cd932dd2-1786395398607.jpeg","width":929,"height":917,"timestamp":279416.467,"frameSwapWallTime":1786395398602.3801}
{"type":"screencast-frame","pageId":"page@bcd39af0209cd43733a18028cd932dd2","sha1":"page@bcd39af0209cd43733a18028cd932dd2-1786395398623.jpeg","width":929,"height":917,"timestamp":279432.872,"frameSwapWallTime":1786395398618.385}
{"type":"screencast-frame","pageId":"page@bcd39af0209cd43733a18028cd932dd2","sha1":"page@bcd39af0209cd43733a18028cd932dd2-1786395398645.jpeg","width":929,"height":917,"timestamp":279454.413,"frameSwapWallTime":1786395398640.783}
{"type":"screencast-frame","pageId":"page@bcd39af0209cd43733a18028cd932dd2","sha1":"page@bcd39af0209cd43733a18028cd932dd2-1786395398659.jpeg","width":929,"height":917,"timestamp":279468.416,"frameSwapWallTime":1786395398655.118}
{"type":"screencast-frame","pageId":"page@bcd39af0209cd43733a18028cd932dd2","sha1":"page@bcd39af0209cd43733a18028cd932dd2-1786395398676.jpeg","width":929,"height":917,"timestamp":279485.525,"frameSwapWallTime":1786395398671.8882}
{"type":"screencast-frame","pageId":"page@bcd39af0209cd43733a18028cd932dd2","sha1":"page@bcd39af0209cd43733a18028cd932dd2-1786395398693.jpeg","width":929,"height":917,"timestamp":279502.392,"frameSwapWallTime":1786395398688.2542}
{"type":"screencast-frame","pageId":"page@bcd39af0209cd43733a18028cd932dd2","sha1":"page@bcd39af0209cd43733a18028cd932dd2-1786395398707.jpeg","width":929,"height":917,"timestamp":279517.111,"frameSwapWallTime":1786395398702.785}
{"type":"screencast-frame","pageId":"page@bcd39af0209cd43733a18028cd932dd2","sha1":"page@bcd39af0209cd43733a18028cd932dd2-1786395398723.jpeg","width":929,"height":917,"timestamp":279532.609,"frameSwapWallTime":1786395398718.42}
{"type":"screencast-frame","pageId":"page@bcd39af0209cd43733a18028cd932dd2","sha1":"page@bcd39af0209cd43733a18028cd932dd2-1786395398737.jpeg","width":929,"height":917,"timestamp":279546.58,"frameSwapWallTime":1786395398733.564}
{"type":"screencast-frame","pageId":"page@bcd39af0209cd43733a18028cd932dd2","sha1":"page@bcd39af0209cd43733a18028cd932dd2-1786395398753.jpeg","width":929,"height":917,"timestamp":279562.741,"frameSwapWallTime":1786395398749.212}
{"type":"screencast-frame","pageId":"page@bcd39af0209cd43733a18028cd932dd2","sha1":"page@bcd39af0209cd43733a18028cd932dd2-1786395398769.jpeg","width":929,"height":917,"timestamp":279579.08,"frameSwapWallTime":1786395398765.431}
{"type":"screencast-frame","pageId":"page@bcd39af0209cd43733a18028cd932dd2","sha1":"page@bcd39af0209cd43733a18028cd932dd2-1786395398784.jpeg","width":929,"height":917,"timestamp":279593.878,"frameSwapWallTime":1786395398780.6511}
{"type":"screencast-frame","pageId":"page@bcd39af0209cd43733a18028cd932dd2","sha1":"page@bcd39af0209cd43733a18028cd932dd2-1786395398799.jpeg","width":929,"height":917,"timestamp":279608.364,"frameSwapWallTime":1786395398796.4749}
{"type":"screencast-frame","pageId":"page@bcd39af0209cd43733a18028cd932dd2","sha1":"page@bcd39af0209cd43733a18028cd932dd2-1786395398814.jpeg","width":929,"height":917,"timestamp":279623.981,"frameSwapWallTime":1786395398811.616}
{"type":"screencast-frame","pageId":"page@bcd39af0209cd43733a18028cd932dd2","sha1":"page@bcd39af0209cd43733a18028cd932dd2-1786395398830.jpeg","width":929,"height":917,"timestamp":279640.062,"frameSwapWallTime":1786395398827.6938}
{"type":"screencast-frame","pageId":"page@bcd39af0209cd43733a18028cd932dd2","sha1":"page@bcd39af0209cd43733a18028cd932dd2-1786395398846.jpeg","width":929,"height":917,"timestamp":279656.211,"frameSwapWallTime":1786395398842.983}
{"type":"screencast-frame","pageId":"page@bcd39af0209cd43733a18028cd932dd2","sha1":"page@bcd39af0209cd43733a18028cd932dd2-1786395398876.jpeg","width":929,"height":917,"timestamp":279685.738,"frameSwapWallTime":1786395398872.251}
{"type":"screencast-frame","pageId":"page@bcd39af0209cd43733a18028cd932dd2","sha1":"page@bcd39af0209cd43733a18028cd932dd2-1786395398893.jpeg","width":929,"height":917,"timestamp":279702.437,"frameSwapWallTime":1786395398889.029}
{"type":"screencast-frame","pageId":"page@bcd39af0209cd43733a18028cd932dd2","sha1":"page@bcd39af0209cd43733a18028cd932dd2-1786395399111.jpeg","width":929,"height":917,"timestamp":279920.528,"frameSwapWallTime":1786395399106.03}
{"type":"before","callId":"call@357","startTime":279959.94,"class":"Frame","method":"evaluateExpression","params":{"expression":"(ms) => new Promise((f) => setTimeout(f, ms))","isFunction":true,"arg":{"value":{"n":500},"handles":[]}},"pageId":"page@bcd39af0209cd43733a18028cd932dd2","beforeSnapshot":"before@call@357"}
{"type":"screencast-frame","pageId":"page@bcd39af0209cd43733a18028cd932dd2","sha1":"page@bcd39af0209cd43733a18028cd932dd2-1786395399159.jpeg","width":929,"height":917,"timestamp":279968.446,"frameSwapWallTime":1786395399154.241}
{"type":"screencast-frame","pageId":"page@bcd39af0209cd43733a18028cd932dd2","sha1":"page@bcd39af0209cd43733a18028cd932dd2-1786395399183.jpeg","width":929,"height":917,"timestamp":279989.796,"frameSwapWallTime":1786395399176.0261}
{"type":"frame-snapshot","snapshot":{"callId":"call@357","snapshotName":"before@call@357","pageId":"page@bcd39af0209cd43733a18028cd932dd2","frameId":"frame@40b891a766907a2ceb8521f707111a55","frameUrl":"https://volt-staging.onrender.com/core/app","doctype":"html","html":["HTML",{"__playwright_scroll_top_":"229","lang":"pt-BR"},[[95,18]],[[95,19]],["BODY",{},[[95,20]],["DIV",{"id":"root"},["DIV",{"class":"app-shell min-h-screen"},[[73,34]],["DIV",{"class":"main-shell"},[[73,40]],["MAIN",{"class":"page-content"},["DIV",{"class":"module-page"},[[73,63]],["DIV",{"class":"module-page__body"},["DIV",{"class":"screen-grid"},["DIV",{"class":"panel panel-section"},["DIV",{"class":"toolbar"},[[73,74]],["DIV",{"class":"toolbar__actions"},["BUTTON",{"class":"button-primary","type":"button"},[[73,77]],"Abrir caixa"]]],["DIV",{"class":"cash-summary"},[[73,83]],[[24,1]],["SPAN",{},"Caixa fechado ou nao iniciado"]],["DIV",{"class":"cash-kpi-grid"},[[24,5]],[[73,98]],[[24,8]],["DIV",{"class":"summary-line"},[[73,105]],["STRONG",{},"Fechado"]]],[[37,1]],[[24,21]]],[[73,215]]]]]]],["DIV",{"class":"app-toast","role":"status"},"Caixa fechado."]]],[[95,85]]]],"viewport":{"width":929,"height":917},"timestamp":280008.537,"wallTime":1786395399195,"collectionTime":1.699999988079071,"resourceOverrides":[],"isMainFrame":true}}
{"type":"screencast-frame","pageId":"page@bcd39af0209cd43733a18028cd932dd2","sha1":"page@bcd39af0209cd43733a18028cd932dd2-1786395399209.jpeg","width":929,"height":917,"timestamp":280015.162,"frameSwapWallTime":1786395399197.847}
{"type":"screencast-frame","pageId":"page@bcd39af0209cd43733a18028cd932dd2","sha1":"page@bcd39af0209cd43733a18028cd932dd2-1786395399218.jpeg","width":929,"height":917,"timestamp":280024.453,"frameSwapWallTime":1786395399210.249}
{"type":"after","callId":"call@357","endTime":280520.088,"result":{"value":{"v":"undefined"}},"afterSnapshot":"after@call@357"}
{"type":"frame-snapshot","snapshot":{"callId":"call@357","snapshotName":"after@call@357","pageId":"page@bcd39af0209cd43733a18028cd932dd2","frameId":"frame@40b891a766907a2ceb8521f707111a55","frameUrl":"https://volt-staging.onrender.com/core/app","doctype":"html","html":[[1,22]],"viewport":{"width":929,"height":917},"timestamp":280522.184,"wallTime":1786395399715,"collectionTime":1.100000023841858,"resourceOverrides":[],"isMainFrame":true}}
{"type":"before","callId":"call@359","startTime":280522.997,"class":"Frame","method":"ariaSnapshot","params":{"mode":"ai","timeout":30000},"pageId":"page@bcd39af0209cd43733a18028cd932dd2"}
{"type":"after","callId":"call@359","endTime":280532.682,"result":{"snapshot":"- generic [ref=e60]:\n  - complementary [ref=e61]:\n    - generic [ref=e63]:\n      - img \"Volt Core\" [ref=e64]\n      - generic [ref=e65]: VOLTCORE\n    - navigation \"Navegacao principal\" [ref=e66]:\n      - button \"Operacao Vendas, clientes e estoque\" [ref=e356] [cursor=pointer]:\n        - generic [ref=e362]:\n          - strong [ref=e363]: Operacao\n          - generic [ref=e364]: Vendas, clientes e estoque\n      - generic [ref=e406]:\n        - button \"Financeiro Caixa, recebiveis e pagamentos\" [expanded] [ref=e407] [cursor=pointer]:\n          - generic [ref=e411]:\n            - strong [ref=e412]: Financeiro\n            - generic [ref=e413]: Caixa, recebiveis e pagamentos\n        - generic [ref=e580]:\n          - button \"Pagamentos\" [ref=e581] [cursor=pointer]\n          - button \"Recebiveis\" [ref=e585] [cursor=pointer]\n          - button \"Caixa\" [ref=e591] [cursor=pointer]\n          - button \"Recibos\" [ref=e596] [cursor=pointer]\n      - button \"Setorial Fluxos do segmento da empresa\" [ref=e418] [cursor=pointer]:\n        - generic [ref=e422]:\n          - strong [ref=e423]: Setorial\n          - generic [ref=e424]: Fluxos do segmento da empresa\n      - button \"Gestao Relatorios e leitura gerencial\" [ref=e429] [cursor=pointer]:\n        - generic [ref=e433]:\n          - strong [ref=e434]: Gestao\n          - generic [ref=e435]: Relatorios e leitura gerencial\n      - button \"Administracao Implantacao, usuarios e parametros\" [ref=e440] [cursor=pointer]:\n        - generic [ref=e445]:\n          - strong [ref=e446]: Administracao\n          - generic [ref=e447]: Implantacao, usuarios e parametros\n    - generic [ref=e127]:\n      - generic [ref=e128]:\n        - generic [ref=e129]: A\n        - generic [ref=e131]:\n          - strong [ref=e132]: Master Volt Core\n          - generic [ref=e133]: Admin master\n      - button \"Sair\" [ref=e136] [cursor=pointer]\n  - generic [ref=e141]:\n    - banner [ref=e142]:\n      - generic [ref=e143]:\n        - heading \"Caixa\" [level=1] [ref=e600]\n        - paragraph [ref=e145]: Abertura, sangria, reforco, conferencia e fechamento.\n      - generic [ref=e146]:\n        - generic [ref=e452]:\n          - text: Empresa\n          - combobox \"Empresa\" [ref=e453]:\n            - option \"Otica Nacional Sabaudia\" [selected]\n        - generic [ref=e454]: \"Setor: Otica\"\n        - generic [ref=e147]: Banco real\n        - button \"Painel master\" [ref=e455] [cursor=pointer]\n        - button \"Master Volt Core\" [ref=e149] [cursor=pointer]\n    - main [ref=e150]:\n      - generic [ref=e601]:\n        - tablist [ref=e602]:\n          - button \"Sessao\" [ref=e603] [cursor=pointer]\n          - button \"Conferencia\" [ref=e607] [cursor=pointer]\n          - button \"Historico\" [ref=e612] [cursor=pointer]\n        - generic [ref=e616]:\n          - generic [ref=e617]:\n            - generic [ref=e618]:\n              - generic [ref=e624]:\n                - heading \"Sessao de caixa\" [level=2] [ref=e625]\n                - paragraph [ref=e626]: Dados e configuracoes do ambiente selecionado.\n              - button \"Abrir caixa\" [ref=e788] [cursor=pointer]\n            - generic [ref=e630]:\n              - generic [ref=e631]: Saldo esperado\n              - strong [ref=e632]: R$ 1.126,87\n              - generic [ref=e633]: Caixa fechado ou nao iniciado\n            - generic [ref=e634]:\n              - generic [ref=e635]:\n                - generic [ref=e636]: Entradas\n                - strong [ref=e637]: R$ 1.551,87\n              - generic [ref=e638]:\n                - generic [ref=e639]: Saidas\n                - strong [ref=e640]: \"-R$ 425,00\"\n              - generic [ref=e641]:\n                - generic [ref=e642]: Movimentos\n                - strong [ref=e643]: \"16\"\n              - generic [ref=e644]:\n                - generic [ref=e645]: Status\n                - strong [ref=e646]: Fechado\n            - generic [ref=e647]:\n              - button \"Reforco\" [ref=e648] [cursor=pointer]\n              - button \"Sangria\" [ref=e649] [cursor=pointer]\n              - button \"Conferir\" [ref=e650] [cursor=pointer]\n            - generic [ref=e651]:\n              - strong [ref=e652]: Ultimos movimentos\n              - generic [ref=e759]:\n                - generic [ref=e760]: Reforco QA d5bac783\n                - generic [ref=e761]: Entrada | Dinheiro | R$ 20,00 | 17:55\n              - generic [ref=e653]:\n                - generic [ref=e654]: \"Estorno venda #9\"\n                - generic [ref=e655]: Saida | Pix | R$ 175,00 | 17:10\n              - generic [ref=e656]:\n                - generic [ref=e657]: \"Venda #9\"\n                - generic [ref=e658]: Entrada | Pix | R$ 175,00 | 17:07\n              - generic [ref=e659]:\n                - generic [ref=e660]: \"Estorno venda #8\"\n                - generic [ref=e661]: Saida | Pix | R$ 150,00 | 14:41\n          - generic [ref=e665]:\n            - generic [ref=e672]:\n              - heading \"Rotina do caixa\" [level=2] [ref=e673]\n              - paragraph [ref=e674]: Dados e configuracoes do ambiente selecionado.\n            - generic [ref=e675]:\n              - generic [ref=e676]:\n                - strong [ref=e677]: Reforco\n                - generic [ref=e678]: Entrada manual de dinheiro, como troco adicional.\n              - generic [ref=e679]:\n                - strong [ref=e680]: Sangria\n                - generic [ref=e681]: Retirada de dinheiro para reduzir o valor fisico no caixa.\n              - generic [ref=e682]:\n                - strong [ref=e683]: Conferir\n                - generic [ref=e684]: Compara o valor contado com o saldo esperado pelo sistema.\n              - generic [ref=e685]:\n                - strong [ref=e686]: Recebimento\n                - generic [ref=e687]: Valores recebidos devem aparecer como entrada e reduzir pendencias.\n            - generic [ref=e688]:\n              - generic [ref=e689]:\n                - generic [ref=e690]: Exigir caixa aberto para vender\n                - checkbox \"Exigir caixa aberto para vender\" [checked] [ref=e691]\n              - generic [ref=e692]:\n                - generic [ref=e693]: Permitir sangria por operador\n                - checkbox \"Permitir sangria por operador\" [checked] [ref=e694]\n              - generic [ref=e695]:\n                - generic [ref=e696]: Solicitar senha no fechamento\n                - checkbox \"Solicitar senha no fechamento\" [checked] [ref=e697]\n              - generic [ref=e698]:\n                - generic [ref=e699]: Imprimir relatorio ao fechar\n                - checkbox \"Imprimir relatorio ao fechar\" [checked] [ref=e700]\n  - status [ref=e789]: Caixa fechado."}}
{"type":"before","callId":"call@361","startTime":280533.453,"class":"Frame","method":"title","params":{},"pageId":"page@bcd39af0209cd43733a18028cd932dd2"}
{"type":"after","callId":"call@361","endTime":280536.045,"result":{"value":"Volt Core"}}
{"type":"before","callId":"call@363","startTime":280536.497,"class":"Page","method":"consoleMessages","params":{"filter":"since-navigation"},"pageId":"page@bcd39af0209cd43733a18028cd932dd2"}
{"type":"after","callId":"call@363","endTime":280536.571,"result":{"messages":[{"type":"error","text":"Failed to load resource: the server responded with a status of 401 ()","args":[],"location":{"url":"https://volt-staging.onrender.com/api/core/auth/me","lineNumber":0,"columnNumber":0},"timestamp":1786395122429.248}]}}
{"type":"before","callId":"call@365","startTime":280536.853,"class":"Page","method":"pageErrors","params":{"filter":"since-navigation"},"pageId":"page@bcd39af0209cd43733a18028cd932dd2"}
{"type":"after","callId":"call@365","endTime":280536.894,"result":{"errors":[]}}
{"type":"screencast-frame","pageId":"page@bcd39af0209cd43733a18028cd932dd2","sha1":"page@bcd39af0209cd43733a18028cd932dd2-1786395401786.jpeg","width":929,"height":917,"timestamp":282592.261,"frameSwapWallTime":1786395401779.043}
{"type":"before","callId":"call@367","startTime":283720.427,"class":"Frame","method":"ariaSnapshot","params":{"mode":"ai","timeout":30000},"pageId":"page@bcd39af0209cd43733a18028cd932dd2"}
{"type":"after","callId":"call@367","endTime":283729.413,"result":{"snapshot":"- generic [ref=e60]:\n  - complementary [ref=e61]:\n    - generic [ref=e63]:\n      - img \"Volt Core\" [ref=e64]\n      - generic [ref=e65]: VOLTCORE\n    - navigation \"Navegacao principal\" [ref=e66]:\n      - button \"Operacao Vendas, clientes e estoque\" [ref=e356] [cursor=pointer]:\n        - generic [ref=e362]:\n          - strong [ref=e363]: Operacao\n          - generic [ref=e364]: Vendas, clientes e estoque\n      - generic [ref=e406]:\n        - button \"Financeiro Caixa, recebiveis e pagamentos\" [expanded] [ref=e407] [cursor=pointer]:\n          - generic [ref=e411]:\n            - strong [ref=e412]: Financeiro\n            - generic [ref=e413]: Caixa, recebiveis e pagamentos\n        - generic [ref=e580]:\n          - button \"Pagamentos\" [ref=e581] [cursor=pointer]\n          - button \"Recebiveis\" [ref=e585] [cursor=pointer]\n          - button \"Caixa\" [ref=e591] [cursor=pointer]\n          - button \"Recibos\" [ref=e596] [cursor=pointer]\n      - button \"Setorial Fluxos do segmento da empresa\" [ref=e418] [cursor=pointer]:\n        - generic [ref=e422]:\n          - strong [ref=e423]: Setorial\n          - generic [ref=e424]: Fluxos do segmento da empresa\n      - button \"Gestao Relatorios e leitura gerencial\" [ref=e429] [cursor=pointer]:\n        - generic [ref=e433]:\n          - strong [ref=e434]: Gestao\n          - generic [ref=e435]: Relatorios e leitura gerencial\n      - button \"Administracao Implantacao, usuarios e parametros\" [ref=e440] [cursor=pointer]:\n        - generic [ref=e445]:\n          - strong [ref=e446]: Administracao\n          - generic [ref=e447]: Implantacao, usuarios e parametros\n    - generic [ref=e127]:\n      - generic [ref=e128]:\n        - generic [ref=e129]: A\n        - generic [ref=e131]:\n          - strong [ref=e132]: Master Volt Core\n          - generic [ref=e133]: Admin master\n      - button \"Sair\" [ref=e136] [cursor=pointer]\n  - generic [ref=e141]:\n    - banner [ref=e142]:\n      - generic [ref=e143]:\n        - heading \"Caixa\" [level=1] [ref=e600]\n        - paragraph [ref=e145]: Abertura, sangria, reforco, conferencia e fechamento.\n      - generic [ref=e146]:\n        - generic [ref=e452]:\n          - text: Empresa\n          - combobox \"Empresa\" [ref=e453]:\n            - option \"Otica Nacional Sabaudia\" [selected]\n        - generic [ref=e454]: \"Setor: Otica\"\n        - generic [ref=e147]: Banco real\n        - button \"Painel master\" [ref=e455] [cursor=pointer]\n        - button \"Master Volt Core\" [ref=e149] [cursor=pointer]\n    - main [ref=e150]:\n      - generic [ref=e601]:\n        - tablist [ref=e602]:\n          - button \"Sessao\" [ref=e603] [cursor=pointer]\n          - button \"Conferencia\" [ref=e607] [cursor=pointer]\n          - button \"Historico\" [ref=e612] [cursor=pointer]\n        - generic [ref=e616]:\n          - generic [ref=e617]:\n            - generic [ref=e618]:\n              - generic [ref=e624]:\n                - heading \"Sessao de caixa\" [level=2] [ref=e625]\n                - paragraph [ref=e626]: Dados e configuracoes do ambiente selecionado.\n              - button \"Abrir caixa\" [ref=e788] [cursor=pointer]\n            - generic [ref=e630]:\n              - generic [ref=e631]: Saldo esperado\n              - strong [ref=e632]: R$ 1.126,87\n              - generic [ref=e633]: Caixa fechado ou nao iniciado\n            - generic [ref=e634]:\n              - generic [ref=e635]:\n                - generic [ref=e636]: Entradas\n                - strong [ref=e637]: R$ 1.551,87\n              - generic [ref=e638]:\n                - generic [ref=e639]: Saidas\n                - strong [ref=e640]: \"-R$ 425,00\"\n              - generic [ref=e641]:\n                - generic [ref=e642]: Movimentos\n                - strong [ref=e643]: \"16\"\n              - generic [ref=e644]:\n                - generic [ref=e645]: Status\n                - strong [ref=e646]: Fechado\n            - generic [ref=e647]:\n              - button \"Reforco\" [ref=e648] [cursor=pointer]\n              - button \"Sangria\" [ref=e649] [cursor=pointer]\n              - button \"Conferir\" [ref=e650] [cursor=pointer]\n            - generic [ref=e651]:\n              - strong [ref=e652]: Ultimos movimentos\n              - generic [ref=e759]:\n                - generic [ref=e760]: Reforco QA d5bac783\n                - generic [ref=e761]: Entrada | Dinheiro | R$ 20,00 | 17:55\n              - generic [ref=e653]:\n                - generic [ref=e654]: \"Estorno venda #9\"\n                - generic [ref=e655]: Saida | Pix | R$ 175,00 | 17:10\n              - generic [ref=e656]:\n                - generic [ref=e657]: \"Venda #9\"\n                - generic [ref=e658]: Entrada | Pix | R$ 175,00 | 17:07\n              - generic [ref=e659]:\n                - generic [ref=e660]: \"Estorno venda #8\"\n                - generic [ref=e661]: Saida | Pix | R$ 150,00 | 14:41\n          - generic [ref=e665]:\n            - generic [ref=e672]:\n              - heading \"Rotina do caixa\" [level=2] [ref=e673]\n              - paragraph [ref=e674]: Dados e configuracoes do ambiente selecionado.\n            - generic [ref=e675]:\n              - generic [ref=e676]:\n                - strong [ref=e677]: Reforco\n                - generic [ref=e678]: Entrada manual de dinheiro, como troco adicional.\n              - generic [ref=e679]:\n                - strong [ref=e680]: Sangria\n                - generic [ref=e681]: Retirada de dinheiro para reduzir o valor fisico no caixa.\n              - generic [ref=e682]:\n                - strong [ref=e683]: Conferir\n                - generic [ref=e684]: Compara o valor contado com o saldo esperado pelo sistema.\n              - generic [ref=e685]:\n                - strong [ref=e686]: Recebimento\n                - generic [ref=e687]: Valores recebidos devem aparecer como entrada e reduzir pendencias.\n            - generic [ref=e688]:\n              - generic [ref=e689]:\n                - generic [ref=e690]: Exigir caixa aberto para vender\n                - checkbox \"Exigir caixa aberto para vender\" [checked] [ref=e691]\n              - generic [ref=e692]:\n                - generic [ref=e693]: Permitir sangria por operador\n                - checkbox \"Permitir sangria por operador\" [checked] [ref=e694]\n              - generic [ref=e695]:\n                - generic [ref=e696]: Solicitar senha no fechamento\n                - checkbox \"Solicitar senha no fechamento\" [checked] [ref=e697]\n              - generic [ref=e698]:\n                - generic [ref=e699]: Imprimir relatorio ao fechar\n                - checkbox \"Imprimir relatorio ao fechar\" [checked] [ref=e700]"}}
{"type":"before","callId":"call@369","startTime":283729.879,"class":"Frame","method":"title","params":{},"pageId":"page@bcd39af0209cd43733a18028cd932dd2"}
{"type":"after","callId":"call@369","endTime":283730.915,"result":{"value":"Volt Core"}}
{"type":"before","callId":"call@371","startTime":283731.185,"class":"Page","method":"consoleMessages","params":{"filter":"since-navigation"},"pageId":"page@bcd39af0209cd43733a18028cd932dd2"}
{"type":"after","callId":"call@371","endTime":283731.229,"result":{"messages":[{"type":"error","text":"Failed to load resource: the server responded with a status of 401 ()","args":[],"location":{"url":"https://volt-staging.onrender.com/api/core/auth/me","lineNumber":0,"columnNumber":0},"timestamp":1786395122429.248}]}}
{"type":"before","callId":"call@373","startTime":283731.412,"class":"Page","method":"pageErrors","params":{"filter":"since-navigation"},"pageId":"page@bcd39af0209cd43733a18028cd932dd2"}
{"type":"after","callId":"call@373","endTime":283731.443,"result":{"errors":[]}}
{"type":"before","callId":"call@375","startTime":294130.02,"class":"Frame","method":"evaluateExpression","params":{"expression":"async (expr) => {\n              const value = eval(`(${expr})`);\n              const isFunction = typeof value === \"function\";\n              const result = await (isFunction ? value() : value);\n              return { result, isFunction };\n            }","isFunction":true,"arg":{"value":{"s":"async () => { const r = await fetch('/api/core/runtime/companies/e602f1a7-44b8-47be-a7ff-45017d7e1003/workspace'); const j = await r.json(); return { cashSummary:j.workspace?.cashSummary, latestSession:j.workspace?.cashSessions?.[0] }; }"},"handles":[]}},"pageId":"page@bcd39af0209cd43733a18028cd932dd2","beforeSnapshot":"before@call@375"}
{"type":"frame-snapshot","snapshot":{"callId":"call@375","snapshotName":"before@call@375","pageId":"page@bcd39af0209cd43733a18028cd932dd2","frameId":"frame@40b891a766907a2ceb8521f707111a55","frameUrl":"https://volt-staging.onrender.com/core/app","doctype":"html","html":["HTML",{"__playwright_scroll_top_":"229","lang":"pt-BR"},[[97,18]],[[97,19]],["BODY",{},[[97,20]],["DIV",{"id":"root"},["DIV",{"class":"app-shell min-h-screen"},[[75,34]],[[2,16]]]],[[97,85]]]],"viewport":{"width":929,"height":917},"timestamp":294132.139,"wallTime":1786395413325,"collectionTime":1.199999988079071,"resourceOverrides":[],"isMainFrame":true}}
{"type":"after","callId":"call@375","endTime":294430.526,"result":{"value":{"o":[{"k":"result","v":{"o":[{"k":"cashSummary","v":{"o":[{"k":"balance","v":{"n":0}},{"k":"expectedAmount","v":{"n":0}},{"k":"movementCount","v":{"n":0}},{"k":"movementTotal","v":{"n":0}},{"k":"openingAmount","v":{"n":0}},{"k":"sessionId","v":{"v":"null"}},{"k":"sessionNumber","v":{"v":"null"}},{"k":"status","v":{"s":"closed"}},{"k":"openedAt","v":{"v":"null"}}],"id":3}},{"k":"latestSession","v":{"o":[{"k":"id","v":{"s":"cas_msnpmu9t_ixlujfir"}},{"k":"number","v":{"n":3}},{"k":"status","v":{"s":"closed"}},{"k":"openingAmount","v":{"s":"50.00"}},{"k":"expectedAmount","v":{"s":"70.00"}},{"k":"countedAmount","v":{"s":"70.00"}},{"k":"differenceAmount","v":{"s":"0.00"}},{"k":"openedBy","v":{"s":"usr_dd016d710f1c90be7831"}},{"k":"closedBy","v":{"s":"usr_dd016d710f1c90be7831"}},{"k":"openedAt","v":{"s":"2026-08-10T20:54:53.630Z"}},{"k":"closedAt","v":{"s":"2026-08-10T20:56:38.240Z"}},{"k":"notes","v":{"s":"Fechamento QA d5bac783 esperado 70"}}],"id":4}}],"id":2}},{"k":"isFunction","v":{"b":true}}],"id":1}},"afterSnapshot":"after@call@375"}
{"type":"frame-snapshot","snapshot":{"callId":"call@375","snapshotName":"after@call@375","pageId":"page@bcd39af0209cd43733a18028cd932dd2","frameId":"frame@40b891a766907a2ceb8521f707111a55","frameUrl":"https://volt-staging.onrender.com/core/app","doctype":"html","html":[[1,3]],"viewport":{"width":929,"height":917},"timestamp":294438.942,"wallTime":1786395413628,"collectionTime":1.5,"resourceOverrides":[],"isMainFrame":true}}
{"type":"before","callId":"call@377","startTime":294439.558,"class":"Frame","method":"evaluateExpression","params":{"expression":"(ms) => new Promise((f) => setTimeout(f, ms))","isFunction":true,"arg":{"value":{"n":500},"handles":[]}},"pageId":"page@bcd39af0209cd43733a18028cd932dd2","beforeSnapshot":"before@call@377"}
{"type":"frame-snapshot","snapshot":{"callId":"call@377","snapshotName":"before@call@377","pageId":"page@bcd39af0209cd43733a18028cd932dd2","frameId":"frame@40b891a766907a2ceb8521f707111a55","frameUrl":"https://volt-staging.onrender.com/core/app","doctype":"html","html":[[2,3]],"viewport":{"width":929,"height":917},"timestamp":294442.104,"wallTime":1786395413635,"collectionTime":1.699999988079071,"resourceOverrides":[],"isMainFrame":true}}
{"type":"after","callId":"call@377","endTime":294952.711,"result":{"value":{"v":"undefined"}},"afterSnapshot":"after@call@377"}
{"type":"frame-snapshot","snapshot":{"callId":"call@377","snapshotName":"after@call@377","pageId":"page@bcd39af0209cd43733a18028cd932dd2","frameId":"frame@40b891a766907a2ceb8521f707111a55","frameUrl":"https://volt-staging.onrender.com/core/app","doctype":"html","html":[[3,3]],"viewport":{"width":929,"height":917},"timestamp":294954.447,"wallTime":1786395414147,"collectionTime":1,"resourceOverrides":[],"isMainFrame":true}}
{"type":"before","callId":"call@380","startTime":294955.305,"class":"Frame","method":"evaluateExpression","params":{"expression":"(ms) => new Promise((f) => setTimeout(f, ms))","isFunction":true,"arg":{"value":{"n":500},"handles":[]}},"pageId":"page@bcd39af0209cd43733a18028cd932dd2","beforeSnapshot":"before@call@380"}
{"type":"frame-snapshot","snapshot":{"callId":"call@380","snapshotName":"before@call@380","pageId":"page@bcd39af0209cd43733a18028cd932dd2","frameId":"frame@40b891a766907a2ceb8521f707111a55","frameUrl":"https://volt-staging.onrender.com/core/app","doctype":"html","html":[[4,3]],"viewport":{"width":929,"height":917},"timestamp":294957.04,"wallTime":1786395414150,"collectionTime":1,"resourceOverrides":[],"isMainFrame":true}}
{"type":"after","callId":"call@380","endTime":295463.181,"result":{"value":{"v":"undefined"}},"afterSnapshot":"after@call@380"}
{"type":"frame-snapshot","snapshot":{"callId":"call@380","snapshotName":"after@call@380","pageId":"page@bcd39af0209cd43733a18028cd932dd2","frameId":"frame@40b891a766907a2ceb8521f707111a55","frameUrl":"https://volt-staging.onrender.com/core/app","doctype":"html","html":[[5,3]],"viewport":{"width":929,"height":917},"timestamp":295465.088,"wallTime":1786395414658,"collectionTime":1,"resourceOverrides":[],"isMainFrame":true}}
{"type":"before","callId":"call@382","startTime":295465.657,"class":"Frame","method":"title","params":{},"pageId":"page@bcd39af0209cd43733a18028cd932dd2"}
{"type":"after","callId":"call@382","endTime":295466.463,"result":{"value":"Volt Core"}}
{"type":"before","callId":"call@384","startTime":295467.405,"class":"Page","method":"consoleMessages","params":{"filter":"since-navigation"},"pageId":"page@bcd39af0209cd43733a18028cd932dd2"}
{"type":"after","callId":"call@384","endTime":295467.48,"result":{"messages":[{"type":"error","text":"Failed to load resource: the server responded with a status of 401 ()","args":[],"location":{"url":"https://volt-staging.onrender.com/api/core/auth/me","lineNumber":0,"columnNumber":0},"timestamp":1786395122429.248}]}}
{"type":"before","callId":"call@386","startTime":295467.767,"class":"Page","method":"pageErrors","params":{"filter":"since-navigation"},"pageId":"page@bcd39af0209cd43733a18028cd932dd2"}
{"type":"after","callId":"call@386","endTime":295467.807,"result":{"errors":[]}}
{"type":"before","callId":"call@388","startTime":298349.863,"class":"Frame","method":"title","params":{},"pageId":"page@bcd39af0209cd43733a18028cd932dd2"}
{"type":"after","callId":"call@388","endTime":298351.032,"result":{"value":"Volt Core"}}
{"type":"before","callId":"call@390","startTime":298351.392,"class":"Page","method":"consoleMessages","params":{"filter":"since-navigation"},"pageId":"page@bcd39af0209cd43733a18028cd932dd2"}
{"type":"after","callId":"call@390","endTime":298351.479,"result":{"messages":[{"type":"error","text":"Failed to load resource: the server responded with a status of 401 ()","args":[],"location":{"url":"https://volt-staging.onrender.com/api/core/auth/me","lineNumber":0,"columnNumber":0},"timestamp":1786395122429.248}]}}
{"type":"before","callId":"call@392","startTime":298351.781,"class":"Page","method":"pageErrors","params":{"filter":"since-navigation"},"pageId":"page@bcd39af0209cd43733a18028cd932dd2"}
{"type":"after","callId":"call@392","endTime":298351.828,"result":{"errors":[]}}
{"type":"before","callId":"call@394","startTime":314976.594,"class":"Frame","method":"evaluateExpression","params":{"expression":"async (expr) => {\n              const value = eval(`(${expr})`);\n              const isFunction = typeof value === \"function\";\n              const result = await (isFunction ? value() : value);\n              return { result, isFunction };\n            }","isFunction":true,"arg":{"value":{"s":"async () => { const [statusResponse, wrongResponse] = await Promise.all([fetch('/api/core/runtime/status'), fetch('/api/core/runtime/companies/tenant-does-not-exist/workspace')]); return { runtimeStatus:{status:statusResponse.status, body:await statusResponse.json()}, wrongTenant:{status:wrongResponse.status, body:await wrongResponse.json()} }; }"},"handles":[]}},"pageId":"page@bcd39af0209cd43733a18028cd932dd2","beforeSnapshot":"before@call@394"}
{"type":"frame-snapshot","snapshot":{"callId":"call@394","snapshotName":"before@call@394","pageId":"page@bcd39af0209cd43733a18028cd932dd2","frameId":"frame@40b891a766907a2ceb8521f707111a55","frameUrl":"https://volt-staging.onrender.com/core/app","doctype":"html","html":[[6,3]],"viewport":{"width":929,"height":917},"timestamp":314978.614,"wallTime":1786395434171,"collectionTime":1.199999988079071,"resourceOverrides":[],"isMainFrame":true}}
{"type":"console","messageType":"error","text":"Failed to load resource: the server responded with a status of 404 ()","args":[],"location":{"url":"https://volt-staging.onrender.com/api/core/runtime/companies/tenant-does-not-exist/workspace","lineNumber":0,"columnNumber":0},"time":315212.795,"pageId":"page@bcd39af0209cd43733a18028cd932dd2"}
{"type":"after","callId":"call@394","endTime":315637.646,"result":{"value":{"o":[{"k":"result","v":{"o":[{"k":"runtimeStatus","v":{"o":[{"k":"status","v":{"n":200}},{"k":"body","v":{"o":[{"k":"databaseEnabled","v":{"b":true}}],"id":4}}],"id":3}},{"k":"wrongTenant","v":{"o":[{"k":"status","v":{"n":404}},{"k":"body","v":{"o":[{"k":"error","v":{"o":[{"k":"message","v":{"s":"Configuracao da empresa nao encontrada"}},{"k":"code","v":{"s":"COMPANY_CONFIGURATION_NOT_FOUND"}},{"k":"requestId","v":{"s":"96ece9f2-b595-4d7b-8796-d94a7d48fc48"}}],"id":7}}],"id":6}}],"id":5}}],"id":2}},{"k":"isFunction","v":{"b":true}}],"id":1}},"afterSnapshot":"after@call@394"}
{"type":"frame-snapshot","snapshot":{"callId":"call@394","snapshotName":"after@call@394","pageId":"page@bcd39af0209cd43733a18028cd932dd2","frameId":"frame@40b891a766907a2ceb8521f707111a55","frameUrl":"https://volt-staging.onrender.com/core/app","doctype":"html","html":[[7,3]],"viewport":{"width":929,"height":917},"timestamp":315639.247,"wallTime":1786395434832,"collectionTime":0.9000000357627869,"resourceOverrides":[],"isMainFrame":true}}
{"type":"before","callId":"call@396","startTime":315639.695,"class":"Frame","method":"evaluateExpression","params":{"expression":"(ms) => new Promise((f) => setTimeout(f, ms))","isFunction":true,"arg":{"value":{"n":500},"handles":[]}},"pageId":"page@bcd39af0209cd43733a18028cd932dd2","beforeSnapshot":"before@call@396"}
{"type":"frame-snapshot","snapshot":{"callId":"call@396","snapshotName":"before@call@396","pageId":"page@bcd39af0209cd43733a18028cd932dd2","frameId":"frame@40b891a766907a2ceb8521f707111a55","frameUrl":"https://volt-staging.onrender.com/core/app","doctype":"html","html":[[8,3]],"viewport":{"width":929,"height":917},"timestamp":315641.218,"wallTime":1786395434834,"collectionTime":0.8999999761581421,"resourceOverrides":[],"isMainFrame":true}}
{"type":"after","callId":"call@396","endTime":316151.266,"result":{"value":{"v":"undefined"}},"afterSnapshot":"after@call@396"}
{"type":"frame-snapshot","snapshot":{"callId":"call@396","snapshotName":"after@call@396","pageId":"page@bcd39af0209cd43733a18028cd932dd2","frameId":"frame@40b891a766907a2ceb8521f707111a55","frameUrl":"https://volt-staging.onrender.com/core/app","doctype":"html","html":[[9,3]],"viewport":{"width":929,"height":917},"timestamp":316152.994,"wallTime":1786395435346,"collectionTime":0.9000000357627869,"resourceOverrides":[],"isMainFrame":true}}
{"type":"before","callId":"call@400","startTime":316153.782,"class":"Frame","method":"evaluateExpression","params":{"expression":"(ms) => new Promise((f) => setTimeout(f, ms))","isFunction":true,"arg":{"value":{"n":500},"handles":[]}},"pageId":"page@bcd39af0209cd43733a18028cd932dd2","beforeSnapshot":"before@call@400"}
{"type":"frame-snapshot","snapshot":{"callId":"call@400","snapshotName":"before@call@400","pageId":"page@bcd39af0209cd43733a18028cd932dd2","frameId":"frame@40b891a766907a2ceb8521f707111a55","frameUrl":"https://volt-staging.onrender.com/core/app","doctype":"html","html":[[10,3]],"viewport":{"width":929,"height":917},"timestamp":316155.569,"wallTime":1786395435348,"collectionTime":1,"resourceOverrides":[],"isMainFrame":true}}
{"type":"after","callId":"call@400","endTime":316666.061,"result":{"value":{"v":"undefined"}},"afterSnapshot":"after@call@400"}
{"type":"frame-snapshot","snapshot":{"callId":"call@400","snapshotName":"after@call@400","pageId":"page@bcd39af0209cd43733a18028cd932dd2","frameId":"frame@40b891a766907a2ceb8521f707111a55","frameUrl":"https://volt-staging.onrender.com/core/app","doctype":"html","html":[[11,3]],"viewport":{"width":929,"height":917},"timestamp":316668.321,"wallTime":1786395435861,"collectionTime":1,"resourceOverrides":[],"isMainFrame":true}}
{"type":"before","callId":"call@402","startTime":316668.819,"class":"Frame","method":"title","params":{},"pageId":"page@bcd39af0209cd43733a18028cd932dd2"}
{"type":"after","callId":"call@402","endTime":316669.751,"result":{"value":"Volt Core"}}
{"type":"before","callId":"call@404","startTime":316670.108,"class":"Page","method":"consoleMessages","params":{"filter":"since-navigation"},"pageId":"page@bcd39af0209cd43733a18028cd932dd2"}
{"type":"after","callId":"call@404","endTime":316670.17,"result":{"messages":[{"type":"error","text":"Failed to load resource: the server responded with a status of 401 ()","args":[],"location":{"url":"https://volt-staging.onrender.com/api/core/auth/me","lineNumber":0,"columnNumber":0},"timestamp":1786395122429.248},{"type":"error","text":"Failed to load resource: the server responded with a status of 404 ()","args":[],"location":{"url":"https://volt-staging.onrender.com/api/core/runtime/companies/tenant-does-not-exist/workspace","lineNumber":0,"columnNumber":0},"timestamp":1786395434405.399}]}}
{"type":"before","callId":"call@406","startTime":316670.383,"class":"Page","method":"pageErrors","params":{"filter":"since-navigation"},"pageId":"page@bcd39af0209cd43733a18028cd932dd2"}
{"type":"after","callId":"call@406","endTime":316670.41,"result":{"errors":[]}}
{"type":"before","callId":"call@408","startTime":319592.761,"class":"Page","method":"consoleMessages","params":{"filter":"since-navigation"},"pageId":"page@bcd39af0209cd43733a18028cd932dd2"}
{"type":"after","callId":"call@408","endTime":319592.886,"result":{"messages":[{"type":"error","text":"Failed to load resource: the server responded with a status of 401 ()","args":[],"location":{"url":"https://volt-staging.onrender.com/api/core/auth/me","lineNumber":0,"columnNumber":0},"timestamp":1786395122429.248},{"type":"error","text":"Failed to load resource: the server responded with a status of 404 ()","args":[],"location":{"url":"https://volt-staging.onrender.com/api/core/runtime/companies/tenant-does-not-exist/workspace","lineNumber":0,"columnNumber":0},"timestamp":1786395434405.399}]}}
{"type":"before","callId":"call@410","startTime":319593.912,"class":"Page","method":"pageErrors","params":{"filter":"since-navigation"},"pageId":"page@bcd39af0209cd43733a18028cd932dd2"}
{"type":"after","callId":"call@410","endTime":319593.985,"result":{"errors":[]}}
{"type":"before","callId":"call@412","startTime":319594.329,"class":"Page","method":"consoleMessages","params":{"filter":"since-navigation"},"pageId":"page@bcd39af0209cd43733a18028cd932dd2"}
{"type":"after","callId":"call@412","endTime":319594.39,"result":{"messages":[{"type":"error","text":"Failed to load resource: the server responded with a status of 401 ()","args":[],"location":{"url":"https://volt-staging.onrender.com/api/core/auth/me","lineNumber":0,"columnNumber":0},"timestamp":1786395122429.248},{"type":"error","text":"Failed to load resource: the server responded with a status of 404 ()","args":[],"location":{"url":"https://volt-staging.onrender.com/api/core/runtime/companies/tenant-does-not-exist/workspace","lineNumber":0,"columnNumber":0},"timestamp":1786395434405.399}]}}
{"type":"before","callId":"call@414","startTime":319594.674,"class":"Page","method":"pageErrors","params":{"filter":"since-navigation"},"pageId":"page@bcd39af0209cd43733a18028cd932dd2"}
{"type":"after","callId":"call@414","endTime":319594.713,"result":{"errors":[]}}
{"type":"before","callId":"call@416","startTime":319595.361,"class":"Frame","method":"title","params":{},"pageId":"page@bcd39af0209cd43733a18028cd932dd2"}
{"type":"after","callId":"call@416","endTime":319596.52,"result":{"value":"Volt Core"}}
{"type":"before","callId":"call@418","startTime":319596.889,"class":"Page","method":"consoleMessages","params":{"filter":"since-navigation"},"pageId":"page@bcd39af0209cd43733a18028cd932dd2"}
{"type":"after","callId":"call@418","endTime":319596.957,"result":{"messages":[{"type":"error","text":"Failed to load resource: the server responded with a status of 401 ()","args":[],"location":{"url":"https://volt-staging.onrender.com/api/core/auth/me","lineNumber":0,"columnNumber":0},"timestamp":1786395122429.248},{"type":"error","text":"Failed to load resource: the server responded with a status of 404 ()","args":[],"location":{"url":"https://volt-staging.onrender.com/api/core/runtime/companies/tenant-does-not-exist/workspace","lineNumber":0,"columnNumber":0},"timestamp":1786395434405.399}]}}
{"type":"before","callId":"call@420","startTime":319597.304,"class":"Page","method":"pageErrors","params":{"filter":"since-navigation"},"pageId":"page@bcd39af0209cd43733a18028cd932dd2"}
{"type":"after","callId":"call@420","endTime":319597.341,"result":{"errors":[]}}
{"type":"before","callId":"call@422","startTime":322449.422,"class":"Page","method":"screenshot","params":{"type":"png","scale":"css","timeout":5000},"pageId":"page@bcd39af0209cd43733a18028cd932dd2","beforeSnapshot":"before@call@422"}
{"type":"frame-snapshot","snapshot":{"callId":"call@422","snapshotName":"before@call@422","pageId":"page@bcd39af0209cd43733a18028cd932dd2","frameId":"frame@40b891a766907a2ceb8521f707111a55","frameUrl":"https://volt-staging.onrender.com/core/app","doctype":"html","html":[[12,3]],"viewport":{"width":929,"height":917},"timestamp":322451.505,"wallTime":1786395441644,"collectionTime":1,"resourceOverrides":[],"isMainFrame":true}}
{"type":"log","callId":"call@422","time":322452.367,"message":"taking page screenshot"}
{"type":"log","callId":"call@422","time":322456.368,"message":"waiting for fonts to load..."}
{"type":"log","callId":"call@422","time":322458.538,"message":"fonts loaded"}
{"type":"after","callId":"call@422","endTime":322539.591,"result":{"binary":"<Buffer>"},"afterSnapshot":"after@call@422"}
{"type":"screencast-frame","pageId":"page@bcd39af0209cd43733a18028cd932dd2","sha1":"page@bcd39af0209cd43733a18028cd932dd2-1786395441736.jpeg","width":929,"height":917,"timestamp":322542.678,"frameSwapWallTime":1786395441733.595}
{"type":"frame-snapshot","snapshot":{"callId":"call@422","snapshotName":"after@call@422","pageId":"page@bcd39af0209cd43733a18028cd932dd2","frameId":"frame@40b891a766907a2ceb8521f707111a55","frameUrl":"https://volt-staging.onrender.com/core/app","doctype":"html","html":["HTML",{"__playwright_scroll_top_":"229","lang":"pt-BR"},[[110,18]],[[110,19]],["BODY",{},[[110,20]],["DIV",{"id":"root"},["DIV",{"class":"app-shell min-h-screen"},[[88,34]],["DIV",{"class":"main-shell"},[[88,40]],["MAIN",{"class":"page-content"},["DIV",{"class":"module-page"},[[88,63]],["DIV",{"class":"module-page__body"},["DIV",{"class":"screen-grid"},[[15,11]],["DIV",{"class":"panel panel-section"},[[88,176]],[[88,197]],["DIV",{"class":"toggle-list"},["LABEL",{"class":"toggle-row"},[[88,199]],["INPUT",{"__playwright_value_":"on","__playwright_checked_":"true","type":"checkbox","checked":"","style":""}]],["LABEL",{"class":"toggle-row"},[[88,203]],["INPUT",{"__playwright_value_":"on","__playwright_checked_":"true","type":"checkbox","checked":"","style":""}]],["LABEL",{"class":"toggle-row"},[[88,207]],["INPUT",{"__playwright_value_":"on","__playwright_checked_":"true","type":"checkbox","checked":"","style":""}]],["LABEL",{"class":"toggle-row"},[[88,211]],["INPUT",{"__playwright_value_":"on","__playwright_checked_":"true","type":"checkbox","checked":"","style":""}]]]]]]]]]]],[[110,85]]]],"viewport":{"width":929,"height":917},"timestamp":322542.989,"wallTime":1786395441735,"collectionTime":1.5,"resourceOverrides":[],"isMainFrame":true}}
{"type":"before","callId":"call@424","startTime":322546.662,"class":"Frame","method":"title","params":{},"pageId":"page@bcd39af0209cd43733a18028cd932dd2"}
{"type":"after","callId":"call@424","endTime":322547.542,"result":{"value":"Volt Core"}}
{"type":"before","callId":"call@426","startTime":322547.855,"class":"Page","method":"consoleMessages","params":{"filter":"since-navigation"},"pageId":"page@bcd39af0209cd43733a18028cd932dd2"}
{"type":"after","callId":"call@426","endTime":322547.914,"result":{"messages":[{"type":"error","text":"Failed to load resource: the server responded with a status of 401 ()","args":[],"location":{"url":"https://volt-staging.onrender.com/api/core/auth/me","lineNumber":0,"columnNumber":0},"timestamp":1786395122429.248},{"type":"error","text":"Failed to load resource: the server responded with a status of 404 ()","args":[],"location":{"url":"https://volt-staging.onrender.com/api/core/runtime/companies/tenant-does-not-exist/workspace","lineNumber":0,"columnNumber":0},"timestamp":1786395434405.399}]}}
{"type":"before","callId":"call@428","startTime":322548.817,"class":"Page","method":"pageErrors","params":{"filter":"since-navigation"},"pageId":"page@bcd39af0209cd43733a18028cd932dd2"}
{"type":"after","callId":"call@428","endTime":322548.858,"result":{"errors":[]}}
{"type":"before","callId":"call@430","startTime":343195.93,"class":"Page","method":"setViewportSize","params":{"viewportSize":{"width":1440,"height":1000}},"pageId":"page@bcd39af0209cd43733a18028cd932dd2","beforeSnapshot":"before@call@430"}
{"type":"frame-snapshot","snapshot":{"callId":"call@430","snapshotName":"before@call@430","pageId":"page@bcd39af0209cd43733a18028cd932dd2","frameId":"frame@40b891a766907a2ceb8521f707111a55","frameUrl":"https://volt-staging.onrender.com/core/app","doctype":"html","html":[[1,18]],"viewport":{"width":929,"height":917},"timestamp":343197.676,"wallTime":1786395462394,"collectionTime":0.800000011920929,"resourceOverrides":[],"isMainFrame":true}}
{"type":"after","callId":"call@430","endTime":343207.912,"afterSnapshot":"after@call@430"}
{"type":"frame-snapshot","snapshot":{"callId":"call@430","snapshotName":"after@call@430","pageId":"page@bcd39af0209cd43733a18028cd932dd2","frameId":"frame@40b891a766907a2ceb8521f707111a55","frameUrl":"https://volt-staging.onrender.com/core/app","doctype":"html","html":["HTML",{"lang":"pt-BR"},[[112,18]],[[112,19]],[[2,17]]],"viewport":{"width":1440,"height":1000},"timestamp":343211.169,"wallTime":1786395462407,"collectionTime":1.699999988079071,"resourceOverrides":[],"isMainFrame":true}}
{"type":"before","callId":"call@432","startTime":343211.733,"class":"Frame","method":"title","params":{},"pageId":"page@bcd39af0209cd43733a18028cd932dd2"}
{"type":"after","callId":"call@432","endTime":343212.752,"result":{"value":"Volt Core"}}
{"type":"before","callId":"call@434","startTime":343213.115,"class":"Page","method":"consoleMessages","params":{"filter":"since-navigation"},"pageId":"page@bcd39af0209cd43733a18028cd932dd2"}
{"type":"after","callId":"call@434","endTime":343213.207,"result":{"messages":[{"type":"error","text":"Failed to load resource: the server responded with a status of 401 ()","args":[],"location":{"url":"https://volt-staging.onrender.com/api/core/auth/me","lineNumber":0,"columnNumber":0},"timestamp":1786395122429.248},{"type":"error","text":"Failed to load resource: the server responded with a status of 404 ()","args":[],"location":{"url":"https://volt-staging.onrender.com/api/core/runtime/companies/tenant-does-not-exist/workspace","lineNumber":0,"columnNumber":0},"timestamp":1786395434405.399}]}}
{"type":"before","callId":"call@436","startTime":343213.457,"class":"Page","method":"pageErrors","params":{"filter":"since-navigation"},"pageId":"page@bcd39af0209cd43733a18028cd932dd2"}
{"type":"after","callId":"call@436","endTime":343213.499,"result":{"errors":[]}}
{"type":"screencast-frame","pageId":"page@bcd39af0209cd43733a18028cd932dd2","sha1":"page@bcd39af0209cd43733a18028cd932dd2-1786395462500.jpeg","width":1440,"height":1000,"timestamp":343303.692,"frameSwapWallTime":1786395462494.694}
{"type":"before","callId":"call@438","startTime":346086.065,"class":"Page","method":"screenshot","params":{"type":"png","scale":"css","timeout":5000},"pageId":"page@bcd39af0209cd43733a18028cd932dd2","beforeSnapshot":"before@call@438"}
{"type":"frame-snapshot","snapshot":{"callId":"call@438","snapshotName":"before@call@438","pageId":"page@bcd39af0209cd43733a18028cd932dd2","frameId":"frame@40b891a766907a2ceb8521f707111a55","frameUrl":"https://volt-staging.onrender.com/core/app","doctype":"html","html":[[1,0]],"viewport":{"width":1440,"height":1000},"timestamp":346088.201,"wallTime":1786395465285,"collectionTime":1.100000023841858,"resourceOverrides":[],"isMainFrame":true}}
{"type":"log","callId":"call@438","time":346088.495,"message":"taking page screenshot"}
{"type":"log","callId":"call@438","time":346089.668,"message":"waiting for fonts to load..."}
{"type":"log","callId":"call@438","time":346090.31,"message":"fonts loaded"}
{"type":"after","callId":"call@438","endTime":346180.025,"result":{"binary":"<Buffer>"},"afterSnapshot":"after@call@438"}
{"type":"frame-snapshot","snapshot":{"callId":"call@438","snapshotName":"after@call@438","pageId":"page@bcd39af0209cd43733a18028cd932dd2","frameId":"frame@40b891a766907a2ceb8521f707111a55","frameUrl":"https://volt-staging.onrender.com/core/app","doctype":"html","html":[[2,0]],"viewport":{"width":1440,"height":1000},"timestamp":346181.952,"wallTime":1786395465379,"collectionTime":1.0999999642372131,"resourceOverrides":[],"isMainFrame":true}}
{"type":"screencast-frame","pageId":"page@bcd39af0209cd43733a18028cd932dd2","sha1":"page@bcd39af0209cd43733a18028cd932dd2-1786395465380.jpeg","width":1440,"height":1000,"timestamp":346183.378,"frameSwapWallTime":1786395465373.902}
{"type":"before","callId":"call@440","startTime":346185.383,"class":"Frame","method":"title","params":{},"pageId":"page@bcd39af0209cd43733a18028cd932dd2"}
{"type":"after","callId":"call@440","endTime":346186.078,"result":{"value":"Volt Core"}}
{"type":"before","callId":"call@442","startTime":346186.327,"class":"Page","method":"consoleMessages","params":{"filter":"since-navigation"},"pageId":"page@bcd39af0209cd43733a18028cd932dd2"}
{"type":"after","callId":"call@442","endTime":346186.377,"result":{"messages":[{"type":"error","text":"Failed to load resource: the server responded with a status of 401 ()","args":[],"location":{"url":"https://volt-staging.onrender.com/api/core/auth/me","lineNumber":0,"columnNumber":0},"timestamp":1786395122429.248},{"type":"error","text":"Failed to load resource: the server responded with a status of 404 ()","args":[],"location":{"url":"https://volt-staging.onrender.com/api/core/runtime/companies/tenant-does-not-exist/workspace","lineNumber":0,"columnNumber":0},"timestamp":1786395434405.399}]}}
{"type":"before","callId":"call@444","startTime":346186.634,"class":"Page","method":"pageErrors","params":{"filter":"since-navigation"},"pageId":"page@bcd39af0209cd43733a18028cd932dd2"}
{"type":"after","callId":"call@444","endTime":346186.67,"result":{"errors":[]}}
